depth,age_yBP
0.0,-51
0.030303030303030304,-50
0.06060606060606061,-49
0.09090909090909091,-48
0.12121212121212122,-47
0.15151515151515152,-46
0.18181818181818182,-45
0.21212121212121213,-44
0.24242424242424243,-43
0.2727272727272727,-42
0.30303030303030304,-41
0.33333333333333337,-40
0.36363636363636365,-39
0.3939393939393939,-38
0.42424242424242425,-37
0.4545454545454546,-36
0.48484848484848486,-35
0.5151515151515151,-34
0.5454545454545454,-33
0.5757575757575758,-32
0.6060606060606061,-31
0.6363636363636364,-30
0.6666666666666667,-29
0.696969696969697,-28
0.7272727272727273,-27
0.7575757575757576,-26
0.7878787878787878,-25
0.8181818181818182,-24
0.8484848484848485,-23
0.8787878787878788,-22
0.9090909090909092,-21
0.9393939393939394,-20
0.9696969696969697,-19
1.0,-18
1.0303030303030303,-17
1.0606060606060606,-16
1.0909090909090908,-15
1.1212121212121213,-14
1.1515151515151516,-13
1.1818181818181819,-12
1.2121212121212122,-11
1.2424242424242424,-10
1.2727272727272727,-9
1.303030303030303,-8
1.3333333333333335,-7
1.3636363636363638,-6
1.393939393939394,-5
1.4242424242424243,-4
1.4545454545454546,-3
1.4848484848484849,-2
1.5151515151515151,-1
1.5454545454545454,0
1.5757575757575757,1
1.6060606060606062,2
1.6363636363636365,3
1.6666666666666667,4
1.696969696969697,5
1.7272727272727273,6
1.7575757575757576,7
1.7878787878787878,8
1.8181818181818183,9
1.8484848484848486,10
1.878787878787879,11
1.9090909090909092,12
1.9393939393939394,13
1.9696969696969697,14
2.0,15
2.0303030303030303,16
2.0606060606060606,17
2.090909090909091,18
2.121212121212121,19
2.1515151515151514,20
2.1818181818181817,21
2.2121212121212124,22
2.2424242424242427,23
2.272727272727273,24
2.303030303030303,25
2.3333333333333335,26
2.3636363636363638,27
2.393939393939394,28
2.4242424242424243,29
2.4545454545454546,30
2.484848484848485,31
2.515151515151515,32
2.5454545454545454,33
2.5757575757575757,34
2.606060606060606,35
2.6363636363636362,36
2.666666666666667,37
2.6969696969696972,38
2.7272727272727275,39
2.757575757575758,40
2.787878787878788,41
2.8181818181818183,42
2.8484848484848486,43
2.878787878787879,44
2.909090909090909,45
2.9393939393939394,46
2.9696969696969697,47
3.0,48
3.0303030303030303,49
3.0606060606060606,50
3.090909090909091,51
3.121212121212121,52
3.1515151515151514,53
3.181818181818182,54
3.2121212121212124,55
3.2424242424242427,56
3.272727272727273,57
3.303030303030303,58
3.3333333333333335,59
3.3636363636363638,60
3.393939393939394,61
3.4242424242424243,62
3.4545454545454546,63
3.484848484848485,64
3.515151515151515,65
3.5454545454545454,66
3.5757575757575757,67
3.606060606060606,68
3.6363636363636367,69
3.666666666666667,70
3.6969696969696972,71
3.7272727272727275,72
3.757575757575758,73
3.787878787878788,74
3.8181818181818183,75
3.8484848484848486,76
3.878787878787879,77
3.909090909090909,78
3.9393939393939394,79
3.9696969696969697,80
4.0,81
4.03030303030303,82
4.0606060606060606,83
4.090909090909091,84
4.121212121212121,85
4.151515151515151,86
4.181818181818182,87
4.212121212121212,88
4.242424242424242,89
4.2727272727272725,90
4.303030303030303,91
4.333333333333333,92
4.363636363636363,93
4.3939393939393945,94
4.424242424242425,95
4.454545454545455,96
4.484848484848485,97
4.515151515151516,98
4.545454545454546,99
4.575757575757576,100
4.606060606060606,101
4.636363636363637,102
4.666666666666667,103
4.696969696969697,104
4.7272727272727275,105
4.757575757575758,106
4.787878787878788,107
4.818181818181818,108
4.848484848484849,109
4.878787878787879,110
4.909090909090909,111
4.9393939393939394,112
4.96969696969697,113
5.0,114
5.03030303030303,115
5.0606060606060606,116
5.090909090909091,117
5.121212121212121,118
5.151515151515151,119
5.181818181818182,120
5.212121212121212,121
5.242424242424242,122
5.2727272727272725,123
5.303030303030303,124
5.333333333333334,125
5.363636363636364,126
5.3939393939393945,127
5.424242424242425,128
5.454545454545455,129
5.484848484848485,130
5.515151515151516,131
5.545454545454546,132
5.575757575757576,133
5.606060606060606,134
5.636363636363637,135
5.666666666666667,136
5.696969696969697,137
5.7272727272727275,138
5.757575757575758,139
5.787878787878788,140
5.818181818181818,141
5.848484848484849,142
5.878787878787879,143
5.909090909090909,144
5.9393939393939394,145
5.96969696969697,146
6.0,147
6.03030303030303,148
6.0606060606060606,149
6.090909090909091,150
6.121212121212121,151
6.151515151515151,152
6.181818181818182,153
6.212121212121212,154
6.242424242424242,155
6.2727272727272725,156
6.303030303030303,157
6.333333333333334,158
6.363636363636364,159
6.3939393939393945,160
6.424242424242425,161
6.454545454545455,162
6.484848484848485,163
6.515151515151516,164
6.545454545454546,165
6.575757575757576,166
6.606060606060606,167
6.636363636363637,168
6.666666666666667,169
6.696969696969697,170
6.7272727272727275,171
6.757575757575758,172
6.787878787878788,173
6.818181818181818,174
6.848484848484849,175
6.878787878787879,176
6.909090909090909,177
6.9393939393939394,178
6.96969696969697,179
7.0,180
7.03030303030303,181
7.0606060606060606,182
7.090909090909091,183
7.121212121212121,184
7.151515151515151,185
7.181818181818182,186
7.212121212121212,187
7.242424242424242,188
7.272727272727273,189
7.303030303030304,190
7.333333333333334,191
7.363636363636364,192
7.3939393939393945,193
7.424242424242425,194
7.454545454545455,195
7.484848484848485,196
7.515151515151516,197
7.545454545454546,198
7.575757575757576,199
7.606060606060606,200
7.636363636363637,201
7.666666666666667,202
7.696969696969697,203
7.7272727272727275,204
7.757575757575758,205
7.787878787878788,206
7.818181818181818,207
7.848484848484849,208
7.878787878787879,209
7.909090909090909,210
7.9393939393939394,211
7.96969696969697,212
8.0,213
8.030303030303031,214
8.06060606060606,215
8.090909090909092,216
8.121212121212121,217
8.151515151515152,218
8.181818181818182,219
8.212121212121213,220
8.242424242424242,221
8.272727272727273,222
8.303030303030303,223
8.333333333333334,224
8.363636363636363,225
8.393939393939394,226
8.424242424242424,227
8.454545454545455,228
8.484848484848484,229
8.515151515151516,230
8.545454545454545,231
8.575757575757576,232
8.606060606060606,233
8.636363636363637,234
8.666666666666666,235
8.696969696969697,236
8.727272727272727,237
8.757575757575758,238
8.787878787878789,239
8.818181818181818,240
8.84848484848485,241
8.878787878787879,242
8.90909090909091,243
8.93939393939394,244
8.96969696969697,245
9.0,246
9.030303030303031,247
9.06060606060606,248
9.090909090909092,249
9.121212121212121,250
9.151515151515152,251
9.181818181818182,252
9.212121212121213,253
9.242424242424242,254
9.272727272727273,255
9.303030303030303,256
9.333333333333334,257
9.363636363636363,258
9.393939393939394,259
9.424242424242424,260
9.454545454545455,261
9.484848484848484,262
9.515151515151516,263
9.545454545454545,264
9.575757575757576,265
9.606060606060606,266
9.636363636363637,267
9.666666666666666,268
9.696969696969697,269
9.727272727272728,270
9.757575757575758,271
9.787878787878789,272
9.818181818181818,273
9.84848484848485,274
9.878787878787879,275
9.90909090909091,276
9.93939393939394,277
9.96969696969697,278
10.0,279
10.030303030303031,280
10.06060606060606,281
10.090909090909092,282
10.121212121212121,283
10.151515151515152,284
10.181818181818182,285
10.212121212121213,286
10.242424242424242,287
10.272727272727273,288
10.303030303030303,289
10.333333333333334,290
10.363636363636363,291
10.393939393939394,292
10.424242424242424,293
10.454545454545455,294
10.484848484848484,295
10.515151515151516,296
10.545454545454545,297
10.575757575757576,298
10.606060606060606,299
10.636363636363637,300
10.666666666666668,301
10.696969696969697,302
10.727272727272728,303
10.757575757575758,304
10.787878787878789,305
10.818181818181818,306
10.84848484848485,307
10.878787878787879,308
10.90909090909091,309
10.93939393939394,310
10.96969696969697,311
11.0,312
11.030303030303031,313
11.06060606060606,314
11.090909090909092,315
11.121212121212121,316
11.151515151515152,317
11.181818181818182,318
11.212121212121213,319
11.242424242424242,320
11.272727272727273,321
11.303030303030303,322
11.333333333333334,323
11.363636363636363,324
11.393939393939394,325
11.424242424242424,326
11.454545454545455,327
11.484848484848484,328
11.515151515151516,329
11.545454545454545,330
11.575757575757576,331
11.606060606060606,332
11.636363636363637,333
11.666666666666668,334
11.696969696969697,335
11.727272727272728,336
11.757575757575758,337
11.787878787878789,338
11.818181818181818,339
11.84848484848485,340
11.878787878787879,341
11.90909090909091,342
11.93939393939394,343
11.96969696969697,344
12.0,345
12.030303030303031,346
12.06060606060606,347
12.090909090909092,348
12.121212121212121,349
12.151515151515152,350
12.181818181818182,351
12.212121212121213,352
12.242424242424242,353
12.272727272727273,354
12.303030303030303,355
12.333333333333334,356
12.363636363636363,357
12.393939393939394,358
12.424242424242424,359
12.454545454545455,360
12.484848484848484,361
12.515151515151516,362
12.545454545454545,363
12.575757575757576,364
12.606060606060606,365
12.636363636363637,366
12.666666666666668,367
12.696969696969697,368
12.727272727272728,369
12.757575757575758,370
12.787878787878789,371
12.818181818181818,372
12.84848484848485,373
12.878787878787879,374
12.90909090909091,375
12.93939393939394,376
12.96969696969697,377
13.0,378
13.069333333333333,379
13.138666666666667,380
13.208,381
13.277333333333333,382
13.346666666666668,383
13.416,384
13.485333333333333,385
13.554666666666666,386
13.624,387
13.693333333333333,388
13.762666666666666,389
13.832,390
13.901333333333334,391
13.970666666666666,392
14.040000000000001,393
14.109333333333334,394
14.178666666666667,395
14.248000000000001,396
14.317333333333334,397
14.386666666666667,398
14.456,399
14.525333333333334,400
14.594666666666667,401
14.664,402
14.733333333333334,403
14.802666666666667,404
14.872,405
14.941333333333333,406
15.010666666666667,407
15.08,408
15.149333333333335,409
15.218666666666667,410
15.288,411
15.357333333333333,412
15.426666666666668,413
15.496,414
15.565333333333333,415
15.634666666666668,416
15.704,417
15.773333333333333,418
15.842666666666666,419
15.912,420
15.981333333333334,421
16.050666666666668,422
16.12,423
16.189333333333334,424
16.258666666666667,425
16.328,426
16.397333333333336,427
16.46666666666667,428
16.536,429
16.605333333333334,430
16.674666666666667,431
16.744,432
16.813333333333333,433
16.882666666666665,434
16.952,435
17.021333333333335,436
17.090666666666667,437
17.16,438
17.229333333333333,439
17.29866666666667,440
17.368000000000002,441
17.437333333333335,442
17.506666666666668,443
17.576,444
17.645333333333333,445
17.714666666666666,446
17.784,447
17.853333333333335,448
17.922666666666668,449
17.992,450
18.061333333333334,451
18.130666666666666,452
18.200000000000003,453
18.269333333333336,454
18.33866666666667,455
18.408,456
18.477333333333334,457
18.546666666666667,458
18.616,459
18.685333333333332,460
18.75466666666667,461
18.824,462
18.893333333333334,463
18.962666666666667,464
19.032,465
19.101333333333336,466
19.17066666666667,467
19.240000000000002,468
19.309333333333335,469
19.378666666666668,470
19.448,471
19.517333333333333,472
19.586666666666666,473
19.656,474
19.725333333333335,475
19.794666666666668,476
19.864,477
19.933333333333334,478
20.00266666666667,479
20.072000000000003,480
20.141333333333336,481
20.21066666666667,482
20.28,483
20.349333333333334,484
20.418666666666667,485
20.488,486
20.557333333333332,487
20.62666666666667,488
20.696,489
20.765333333333334,490
20.834666666666667,491
20.904,492
20.973333333333336,493
21.04266666666667,494
21.112000000000002,495
21.181333333333335,496
21.250666666666667,497
21.32,498
21.389333333333333,499
21.458666666666666,500
21.528,501
21.597333333333335,502
21.666666666666668,503
21.736,504
21.805333333333337,505
21.87466666666667,506
21.944000000000003,507
22.013333333333335,508
22.082666666666668,509
22.152,510
22.221333333333334,511
22.290666666666667,512
22.36,513
22.429333333333332,514
22.49866666666667,515
22.568,516
22.637333333333334,517
22.70666666666667,518
22.776000000000003,519
22.845333333333336,520
22.91466666666667,521
22.984,522
23.053333333333335,523
23.122666666666667,524
23.192,525
23.261333333333333,526
23.330666666666666,527
23.400000000000002,528
23.469333333333335,529
23.538666666666668,530
23.608000000000004,531
23.677333333333337,532
23.74666666666667,533
23.816000000000003,534
23.885333333333335,535
23.954666666666668,536
24.024,537
24.093333333333334,538
24.162666666666667,539
24.232,540
24.301333333333336,541
24.37066666666667,542
24.44,543
24.509333333333338,544
24.57866666666667,545
24.648000000000003,546
24.717333333333336,547
24.78666666666667,548
24.856,549
24.925333333333334,550
24.994666666666667,551
25.064,552
25.133333333333333,553
25.20266666666667,554
25.272000000000002,555
25.341333333333335,556
25.41066666666667,557
25.480000000000004,558
25.549333333333337,559
25.61866666666667,560
25.688000000000002,561
25.757333333333335,562
25.826666666666668,563
25.896,564
25.965333333333334,565
26.034666666666666,566
26.104000000000003,567
26.173333333333336,568
26.24266666666667,569
26.312,570
26.381333333333338,571
26.45066666666667,572
26.520000000000003,573
26.589333333333336,574
26.65866666666667,575
26.728,576
26.797333333333334,577
26.866666666666667,578
26.936,579
27.005333333333336,580
27.07466666666667,581
27.144000000000002,582
27.213333333333335,583
27.28266666666667,584
27.352000000000004,585
27.421333333333337,586
27.49066666666667,587
27.560000000000002,588
27.629333333333335,589
27.698666666666668,590
27.768,591
27.837333333333333,592
27.90666666666667,593
27.976000000000003,594
28.045333333333335,595
28.11466666666667,596
28.184000000000005,597
28.253333333333337,598
28.32266666666667,599
28.392000000000003,600
28.461333333333336,601
28.53066666666667,602
28.6,603
28.63641791044776,604
28.672835820895525,605
28.709253731343285,606
28.745671641791045,607
28.78208955223881,608
28.81850746268657,609
28.85492537313433,610
28.891343283582092,611
28.927761194029852,612
28.964179104477612,613
29.000597014925376,614
29.037014925373136,615
29.073432835820896,616
29.10985074626866,617
29.14626865671642,618
29.18268656716418,619
29.219104477611943,620
29.255522388059703,621
29.291940298507463,622
29.328358208955226,623
29.364776119402986,624
29.401194029850746,625
29.43761194029851,626
29.47402985074627,627
29.51044776119403,628
29.546865671641793,629
29.583283582089553,630
29.619701492537313,631
29.656119402985077,632
29.692537313432837,633
29.728955223880597,634
29.76537313432836,635
29.80179104477612,636
29.838208955223884,637
29.874626865671644,638
29.911044776119404,639
29.947462686567164,640
29.983880597014927,641
30.020298507462687,642
30.05671641791045,643
30.09313432835821,644
30.12955223880597,645
30.16597014925373,646
30.202388059701494,647
30.238805970149254,648
30.275223880597018,649
30.311641791044778,650
30.348059701492538,651
30.3844776119403,652
30.42089552238806,653
30.45731343283582,654
30.493731343283585,655
30.530149253731345,656
30.566567164179105,657
30.60298507462687,658
30.63940298507463,659
30.67582089552239,660
30.712238805970152,661
30.748656716417912,662
30.785074626865672,663
30.821492537313436,664
30.857910447761196,665
30.894328358208956,666
30.93074626865672,667
30.96716417910448,668
31.00358208955224,669
31.040000000000003,670
31.076417910447763,671
31.112835820895523,672
31.149253731343286,673
31.185671641791046,674
31.222089552238806,675
31.25850746268657,676
31.29492537313433,677
31.33134328358209,678
31.367761194029853,679
31.404179104477613,680
31.440597014925373,681
31.477014925373137,682
31.513432835820897,683
31.549850746268657,684
31.58626865671642,685
31.62268656716418,686
31.65910447761194,687
31.695522388059704,688
31.731940298507464,689
31.768358208955224,690
31.804776119402987,691
31.841194029850747,692
31.877611940298507,693
31.91402985074627,694
31.95044776119403,695
31.98686567164179,696
32.023283582089554,697
32.059701492537314,698
32.096119402985074,699
32.132537313432834,700
32.1689552238806,701
32.20537313432836,702
32.24179104477612,703
32.27820895522388,704
32.31462686567164,705
32.3510447761194,706
32.38746268656717,707
32.42388059701493,708
32.46029850746269,709
32.49671641791045,710
32.53313432835821,711
32.56955223880597,712
32.605970149253736,713
32.642388059701496,714
32.678805970149256,715
32.715223880597016,716
32.751641791044776,717
32.788059701492536,718
32.8244776119403,719
32.86089552238806,720
32.89731343283582,721
32.93373134328358,722
32.97014925373134,723
33.0065671641791,724
33.04298507462687,725
33.07940298507463,726
33.11582089552239,727
33.15223880597015,728
33.18865671641791,729
33.22507462686568,730
33.26149253731344,731
33.2979104477612,732
33.33432835820896,733
33.37074626865672,734
33.40716417910448,735
33.44358208955224,736
33.480000000000004,737
33.516417910447764,738
33.552835820895524,739
33.589253731343284,740
33.625671641791044,741
33.66208955223881,742
33.69850746268657,743
33.73492537313433,744
33.77134328358209,745
33.80776119402985,746
33.84417910447761,747
33.88059701492537,748
33.91701492537314,749
33.9534328358209,750
33.98985074626866,751
34.02626865671642,752
34.06268656716418,753
34.099104477611945,754
34.135522388059705,755
34.171940298507465,756
34.208358208955225,757
34.244776119402985,758
34.281194029850745,759
34.317611940298505,760
34.35402985074627,761
34.39044776119403,762
34.42686567164179,763
34.46328358208955,764
34.49970149253731,765
34.53611940298508,766
34.57253731343284,767
34.6089552238806,768
34.64537313432836,769
34.68179104477612,770
34.71820895522388,771
34.75462686567164,772
34.791044776119406,773
34.827462686567166,774
34.863880597014926,775
34.900298507462686,776
34.936716417910446,777
34.97313432835821,778
35.00955223880597,779
35.04597014925373,780
35.08238805970149,781
35.11880597014925,782
35.15522388059701,783
35.19164179104478,784
35.22805970149254,785
35.2644776119403,786
35.30089552238806,787
35.33731343283582,788
35.37373134328358,789
35.41014925373135,790
35.44656716417911,791
35.48298507462687,792
35.51940298507463,793
35.55582089552239,794
35.592238805970155,795
35.628656716417915,796
35.665074626865675,797
35.701492537313435,798
35.737910447761195,799
35.774328358208955,800
35.810746268656715,801
35.84716417910448,802
35.88358208955224,803
35.92,804
35.95641791044776,805
35.99283582089552,806
36.02925373134329,807
36.06567164179105,808
36.10208955223881,809
36.13850746268657,810
36.17492537313433,811
36.21134328358209,812
36.24776119402985,813
36.284179104477616,814
36.320597014925376,815
36.357014925373136,816
36.393432835820896,817
36.429850746268656,818
36.46626865671642,819
36.50268656716418,820
36.53910447761194,821
36.5755223880597,822
36.61194029850746,823
36.64835820895522,824
36.68477611940298,825
36.72119402985075,826
36.75761194029851,827
36.79402985074627,828
36.83044776119403,829
36.86686567164179,830
36.90328358208956,831
36.93970149253732,832
36.97611940298508,833
37.01253731343284,834
37.0489552238806,835
37.08537313432836,836
37.12179104477612,837
37.158208955223884,838
37.194626865671644,839
37.231044776119404,840
37.267462686567164,841
37.303880597014924,842
37.34029850746269,843
37.37671641791045,844
37.41313432835821,845
37.44955223880597,846
37.48597014925373,847
37.5223880597015,848
37.55880597014925,849
37.59522388059702,850
37.63164179104478,851
37.66805970149254,852
37.7044776119403,853
37.74089552238806,854
37.777313432835825,855
37.813731343283585,856
37.850149253731345,857
37.886567164179105,858
37.922985074626865,859
37.95940298507463,860
37.995820895522385,861
38.03223880597015,862
38.06865671641791,863
38.10507462686567,864
38.14149253731343,865
38.17791044776119,866
38.21432835820896,867
38.25074626865672,868
38.28716417910448,869
38.32358208955224,870
38.36,871
38.39641791044777,872
38.43283582089552,873
38.46925373134329,874
38.50567164179105,875
38.54208955223881,876
38.57850746268657,877
38.61492537313433,878
38.651343283582094,879
38.687761194029854,880
38.724179104477614,881
38.760597014925374,882
38.797014925373134,883
38.8334328358209,884
38.86985074626866,885
38.90626865671642,886
38.94268656716418,887
38.97910447761194,888
39.0155223880597,889
39.05194029850746,890
39.08835820895523,891
39.12477611940299,892
39.16119402985075,893
39.19761194029851,894
39.23402985074627,895
39.270447761194035,896
39.306865671641795,897
39.343283582089555,898
39.379701492537315,899
39.416119402985075,900
39.452537313432835,901
39.488955223880595,902
39.52537313432836,903
39.56179104477612,904
39.59820895522388,905
39.63462686567164,906
39.6710447761194,907
39.70746268656717,908
39.74388059701493,909
39.78029850746269,910
39.81671641791045,911
39.85313432835821,912
39.88955223880597,913
39.92597014925373,914
39.962388059701496,915
39.998805970149256,916
40.035223880597016,917
40.071641791044776,918
40.108059701492536,919
40.1444776119403,920
40.18089552238806,921
40.21731343283582,922
40.25373134328358,923
40.29014925373134,924
40.32656716417911,925
40.36298507462686,926
40.39940298507463,927
40.43582089552239,928
40.47223880597015,929
40.50865671641791,930
40.54507462686567,931
40.58149253731344,932
40.6179104477612,933
40.65432835820896,934
40.69074626865672,935
40.72716417910448,936
40.763582089552244,937
40.8,938
40.836417910447764,939
40.872835820895524,940
40.909253731343284,941
40.945671641791044,942
40.982089552238804,943
41.01850746268657,944
41.05492537313433,945
41.09134328358209,946
41.12776119402985,947
41.16417910447761,948
41.20059701492538,949
41.23701492537313,950
41.2734328358209,951
41.30985074626866,952
41.34626865671642,953
41.38268656716418,954
41.41910447761194,955
41.455522388059705,956
41.491940298507465,957
41.528358208955225,958
41.564776119402985,959
41.601194029850745,960
41.63761194029851,961
41.67402985074627,962
41.71044776119403,963
41.74686567164179,964
41.78328358208955,965
41.81970149253731,966
41.85611940298507,967
41.89253731343284,968
41.9289552238806,969
41.96537313432836,970
42.00179104477612,971
42.03820895522388,972
42.07462686567165,973
42.11104477611941,974
42.14746268656717,975
42.18388059701493,976
42.22029850746269,977
42.25671641791045,978
42.29313432835821,979
42.329552238805974,980
42.365970149253734,981
42.402388059701494,982
42.438805970149254,983
42.475223880597014,984
42.51164179104478,985
42.54805970149254,986
42.5844776119403,987
42.62089552238806,988
42.65731343283582,989
42.69373134328359,990
42.73014925373134,991
42.76656716417911,992
42.80298507462687,993
42.83940298507463,994
42.87582089552239,995
42.91223880597015,996
42.948656716417915,997
42.985074626865675,998
43.021492537313435,999
43.057910447761195,1000
43.094328358208955,1001
43.13074626865672,1002
43.167164179104475,1003
43.20358208955224,1004
43.24,1005
43.27641791044776,1006
43.31283582089552,1007
43.34925373134328,1008
43.38567164179105,1009
43.42208955223881,1010
43.45850746268657,1011
43.49492537313433,1012
43.53134328358209,1013
43.567761194029856,1014
43.60417910447761,1015
43.640597014925376,1016
43.677014925373136,1017
43.713432835820896,1018
43.749850746268656,1019
43.786268656716416,1020
43.82268656716418,1021
43.85910447761194,1022
43.8955223880597,1023
43.93194029850746,1024
43.96835820895522,1025
44.00477611940299,1026
44.04119402985075,1027
44.07761194029851,1028
44.11402985074627,1029
44.15044776119403,1030
44.18686567164179,1031
44.22328358208955,1032
44.25970149253732,1033
44.29611940298508,1034
44.33253731343284,1035
44.3689552238806,1036
44.40537313432836,1037
44.441791044776124,1038
44.478208955223884,1039
44.514626865671644,1040
44.551044776119404,1041
44.587462686567164,1042
44.62388059701493,1043
44.660298507462684,1044
44.69671641791045,1045
44.73313432835821,1046
44.76955223880597,1047
44.80597014925373,1048
44.84238805970149,1049
44.87880597014926,1050
44.91522388059701,1051
44.95164179104478,1052
44.98805970149254,1053
45.0244776119403,1054
45.060895522388066,1055
45.09731343283582,1056
45.133731343283586,1057
45.170149253731346,1058
45.206567164179106,1059
45.242985074626866,1060
45.279402985074626,1061
45.31582089552239,1062
45.352238805970146,1063
45.38865671641791,1064
45.42507462686567,1065
45.46149253731343,1066
45.4979104477612,1067
45.53432835820895,1068
45.57074626865672,1069
45.60716417910448,1070
45.64358208955224,1071
45.68,1072
45.71641791044776,1073
45.75283582089553,1074
45.78925373134328,1075
45.82567164179105,1076
45.86208955223881,1077
45.89850746268657,1078
45.934925373134334,1079
45.97134328358209,1080
46.007761194029854,1081
46.044179104477614,1082
46.080597014925374,1083
46.11701492537314,1084
46.153432835820894,1085
46.18985074626866,1086
46.22626865671642,1087
46.26268656716418,1088
46.29910447761194,1089
46.3355223880597,1090
46.37194029850747,1091
46.40835820895522,1092
46.44477611940299,1093
46.48119402985075,1094
46.51761194029851,1095
46.554029850746275,1096
46.59044776119403,1097
46.626865671641795,1098
46.663283582089555,1099
46.699701492537315,1100
46.736119402985075,1101
46.772537313432835,1102
46.8089552238806,1103
46.845373134328355,1104
46.88179104477612,1105
46.91820895522388,1106
46.95462686567164,1107
46.99104477611941,1108
47.02746268656716,1109
47.06388059701493,1110
47.10029850746269,1111
47.13671641791045,1112
47.17313432835821,1113
47.20955223880597,1114
47.245970149253736,1115
47.28238805970149,1116
47.318805970149256,1117
47.355223880597016,1118
47.391641791044776,1119
47.42805970149254,1120
47.464477611940296,1121
47.50089552238806,1122
47.53731343283582,1123
47.57373134328358,1124
47.61014925373134,1125
47.6465671641791,1126
47.68298507462687,1127
47.71940298507462,1128
47.75582089552239,1129
47.79223880597015,1130
47.82865671641791,1131
47.86507462686568,1132
47.90149253731343,1133
47.9379104477612,1134
47.97432835820896,1135
48.01074626865672,1136
48.04716417910448,1137
48.08358208955224,1138
48.120000000000005,1139
48.15641791044776,1140
48.192835820895525,1141
48.229253731343285,1142
48.265671641791045,1143
48.30208955223881,1144
48.338507462686565,1145
48.37492537313433,1146
48.41134328358209,1147
48.44776119402985,1148
48.48417910447761,1149
48.52059701492537,1150
48.55701492537314,1151
48.5934328358209,1152
48.62985074626866,1153
48.66626865671642,1154
48.70268656716418,1155
48.739104477611946,1156
48.7755223880597,1157
48.811940298507466,1158
48.848358208955226,1159
48.884776119402986,1160
48.92119402985075,1161
48.957611940298506,1162
48.99402985074627,1163
49.03044776119403,1164
49.06686567164179,1165
49.10328358208955,1166
49.13970149253731,1167
49.17611940298508,1168
49.21253731343283,1169
49.2489552238806,1170
49.28537313432836,1171
49.32179104477612,1172
49.35820895522389,1173
49.39462686567164,1174
49.43104477611941,1175
49.46746268656717,1176
49.50388059701493,1177
49.54029850746269,1178
49.57671641791045,1179
49.613134328358214,1180
49.64955223880597,1181
49.685970149253734,1182
49.722388059701494,1183
49.758805970149254,1184
49.79522388059702,1185
49.831641791044774,1186
49.86805970149254,1187
49.9044776119403,1188
49.94089552238806,1189
49.97731343283582,1190
50.01373134328358,1191
50.05014925373135,1192
50.0865671641791,1193
50.12298507462687,1194
50.15940298507463,1195
50.19582089552239,1196
50.232238805970155,1197
50.26865671641791,1198
50.305074626865675,1199
50.341492537313435,1200
50.377910447761195,1201
50.414328358208955,1202
50.450746268656715,1203
50.48716417910448,1204
50.523582089552235,1205
50.56,1206
50.59641791044776,1207
50.63283582089552,1208
50.66925373134329,1209
50.70567164179104,1210
50.74208955223881,1211
50.77850746268657,1212
50.81492537313433,1213
50.85134328358209,1214
50.88776119402985,1215
50.924179104477616,1216
50.96059701492537,1217
50.997014925373136,1218
51.033432835820896,1219
51.069850746268656,1220
51.10626865671642,1221
51.142686567164176,1222
51.17910447761194,1223
51.2155223880597,1224
51.25194029850746,1225
51.28835820895523,1226
51.32477611940298,1227
51.36119402985075,1228
51.39761194029851,1229
51.43402985074627,1230
51.47044776119403,1231
51.50686567164179,1232
51.54328358208956,1233
51.57970149253731,1234
51.61611940298508,1235
51.65253731343284,1236
51.6889552238806,1237
51.725373134328365,1238
51.76179104477612,1239
51.798208955223885,1240
51.834626865671645,1241
51.871044776119405,1242
51.907462686567165,1243
51.943880597014925,1244
51.98029850746269,1245
52.016716417910445,1246
52.05313432835821,1247
52.08955223880597,1248
52.12597014925373,1249
52.1623880597015,1250
52.19880597014925,1251
52.23522388059702,1252
52.27164179104478,1253
52.30805970149254,1254
52.3444776119403,1255
52.38089552238806,1256
52.417313432835826,1257
52.45373134328358,1258
52.490149253731346,1259
52.526567164179106,1260
52.562985074626866,1261
52.59940298507463,1262
52.635820895522386,1263
52.67223880597015,1264
52.70865671641791,1265
52.74507462686567,1266
52.78149253731343,1267
52.81791044776119,1268
52.85432835820896,1269
52.89074626865671,1270
52.92716417910448,1271
52.96358208955224,1272
53.0,1273
53.03896103896104,1274
53.077922077922075,1275
53.116883116883116,1276
53.15584415584416,1277
53.1948051948052,1278
53.23376623376623,1279
53.27272727272727,1280
53.311688311688314,1281
53.35064935064935,1282
53.38961038961039,1283
53.42857142857143,1284
53.467532467532465,1285
53.506493506493506,1286
53.54545454545455,1287
53.58441558441559,1288
53.62337662337662,1289
53.66233766233766,1290
53.701298701298704,1291
53.74025974025974,1292
53.77922077922078,1293
53.81818181818182,1294
53.857142857142854,1295
53.896103896103895,1296
53.935064935064936,1297
53.97402597402598,1298
54.01298701298701,1299
54.05194805194805,1300
54.09090909090909,1301
54.12987012987013,1302
54.16883116883117,1303
54.20779220779221,1304
54.246753246753244,1305
54.285714285714285,1306
54.324675324675326,1307
54.36363636363637,1308
54.4025974025974,1309
54.44155844155844,1310
54.48051948051948,1311
54.51948051948052,1312
54.55844155844156,1313
54.5974025974026,1314
54.63636363636363,1315
54.675324675324674,1316
54.714285714285715,1317
54.753246753246756,1318
54.79220779220779,1319
54.83116883116883,1320
54.87012987012987,1321
54.90909090909091,1322
54.94805194805195,1323
54.98701298701299,1324
55.02597402597402,1325
55.064935064935064,1326
55.103896103896105,1327
55.142857142857146,1328
55.18181818181818,1329
55.22077922077922,1330
55.25974025974026,1331
55.298701298701296,1332
55.33766233766234,1333
55.37662337662338,1334
55.41558441558442,1335
55.45454545454545,1336
55.493506493506494,1337
55.532467532467535,1338
55.57142857142857,1339
55.61038961038961,1340
55.64935064935065,1341
55.688311688311686,1342
55.72727272727273,1343
55.76623376623377,1344
55.8051948051948,1345
55.84415584415584,1346
55.883116883116884,1347
55.922077922077925,1348
55.96103896103896,1349
56.0,1350
56.03896103896104,1351
56.077922077922075,1352
56.116883116883116,1353
56.15584415584416,1354
56.1948051948052,1355
56.23376623376623,1356
56.27272727272727,1357
56.311688311688314,1358
56.35064935064935,1359
56.38961038961039,1360
56.42857142857143,1361
56.467532467532465,1362
56.506493506493506,1363
56.54545454545455,1364
56.58441558441558,1365
56.62337662337662,1366
56.66233766233766,1367
56.701298701298704,1368
56.74025974025974,1369
56.77922077922078,1370
56.81818181818182,1371
56.857142857142854,1372
56.896103896103895,1373
56.935064935064936,1374
56.97402597402598,1375
57.01298701298701,1376
57.05194805194805,1377
57.09090909090909,1378
57.12987012987013,1379
57.16883116883117,1380
57.20779220779221,1381
57.246753246753244,1382
57.285714285714285,1383
57.324675324675326,1384
57.36363636363636,1385
57.4025974025974,1386
57.44155844155844,1387
57.48051948051948,1388
57.51948051948052,1389
57.55844155844156,1390
57.5974025974026,1391
57.63636363636364,1392
57.675324675324674,1393
57.714285714285715,1394
57.753246753246756,1395
57.79220779220779,1396
57.83116883116883,1397
57.87012987012987,1398
57.90909090909091,1399
57.94805194805195,1400
57.98701298701299,1401
58.02597402597402,1402
58.064935064935064,1403
58.103896103896105,1404
58.14285714285714,1405
58.18181818181818,1406
58.22077922077922,1407
58.25974025974026,1408
58.298701298701296,1409
58.33766233766234,1410
58.37662337662338,1411
58.41558441558442,1412
58.45454545454545,1413
58.493506493506494,1414
58.532467532467535,1415
58.57142857142857,1416
58.61038961038961,1417
58.64935064935065,1418
58.688311688311686,1419
58.72727272727273,1420
58.76623376623377,1421
58.8051948051948,1422
58.84415584415584,1423
58.883116883116884,1424
58.922077922077925,1425
58.96103896103896,1426
59.0,1427
59.02046035805627,1428
59.04092071611253,1429
59.0613810741688,1430
59.08184143222506,1431
59.10230179028133,1432
59.12276214833759,1433
59.14322250639386,1434
59.16368286445013,1435
59.18414322250639,1436
59.20460358056266,1437
59.22506393861892,1438
59.24552429667519,1439
59.265984654731454,1440
59.28644501278772,1441
59.30690537084399,1442
59.327365728900254,1443
59.34782608695652,1444
59.368286445012785,1445
59.388746803069054,1446
59.40920716112532,1447
59.429667519181585,1448
59.450127877237854,1449
59.470588235294116,1450
59.491048593350385,1451
59.51150895140665,1452
59.531969309462916,1453
59.552429667519185,1454
59.57289002557545,1455
59.593350383631716,1456
59.61381074168798,1457
59.63427109974425,1458
59.65473145780051,1459
59.67519181585678,1460
59.69565217391305,1461
59.71611253196931,1462
59.73657289002558,1463
59.75703324808184,1464
59.77749360613811,1465
59.79795396419437,1466
59.81841432225064,1467
59.83887468030691,1468
59.85933503836317,1469
59.87979539641944,1470
59.9002557544757,1471
59.92071611253197,1472
59.94117647058823,1473
59.9616368286445,1474
59.98209718670077,1475
60.00255754475703,1476
60.0230179028133,1477
60.04347826086956,1478
60.06393861892583,1479
60.0843989769821,1480
60.10485933503836,1481
60.12531969309463,1482
60.14578005115089,1483
60.16624040920716,1484
60.186700767263424,1485
60.20716112531969,1486
60.22762148337596,1487
60.248081841432224,1488
60.26854219948849,1489
60.289002557544755,1490
60.309462915601024,1491
60.329923273657286,1492
60.350383631713555,1493
60.370843989769824,1494
60.391304347826086,1495
60.411764705882355,1496
60.43222506393862,1497
60.452685421994886,1498
60.47314578005115,1499
60.49360613810742,1500
60.514066496163686,1501
60.53452685421995,1502
60.55498721227622,1503
60.57544757033248,1504
60.59590792838875,1505
60.61636828644501,1506
60.63682864450128,1507
60.65728900255755,1508
60.67774936061381,1509
60.69820971867008,1510
60.71867007672634,1511
60.73913043478261,1512
60.75959079283888,1513
60.78005115089514,1514
60.80051150895141,1515
60.82097186700767,1516
60.84143222506394,1517
60.8618925831202,1518
60.88235294117647,1519
60.90281329923274,1520
60.923273657289,1521
60.94373401534527,1522
60.96419437340153,1523
60.9846547314578,1524
61.005115089514064,1525
61.02557544757033,1526
61.0460358056266,1527
61.066496163682864,1528
61.08695652173913,1529
61.107416879795394,1530
61.12787723785166,1531
61.148337595907925,1532
61.168797953964194,1533
61.18925831202046,1534
61.209718670076725,1535
61.230179028132994,1536
61.250639386189256,1537
61.271099744245525,1538
61.29156010230179,1539
61.312020460358056,1540
61.332480818414325,1541
61.35294117647059,1542
61.373401534526856,1543
61.39386189258312,1544
61.41432225063939,1545
61.434782608695656,1546
61.45524296675192,1547
61.47570332480819,1548
61.49616368286445,1549
61.51662404092072,1550
61.53708439897698,1551
61.55754475703325,1552
61.57800511508952,1553
61.59846547314578,1554
61.61892583120205,1555
61.63938618925831,1556
61.65984654731458,1557
61.68030690537084,1558
61.70076726342711,1559
61.72122762148338,1560
61.74168797953964,1561
61.76214833759591,1562
61.78260869565217,1563
61.80306905370844,1564
61.8235294117647,1565
61.84398976982097,1566
61.86445012787724,1567
61.8849104859335,1568
61.90537084398977,1569
61.925831202046034,1570
61.9462915601023,1571
61.966751918158565,1572
61.987212276214834,1573
62.0076726342711,1574
62.028132992327365,1575
62.04859335038363,1576
62.069053708439895,1577
62.089514066496164,1578
62.10997442455243,1579
62.130434782608695,1580
62.150895140664964,1581
62.171355498721226,1582
62.191815856777495,1583
62.21227621483376,1584
62.232736572890026,1585
62.253196930946295,1586
62.27365728900256,1587
62.294117647058826,1588
62.31457800511509,1589
62.33503836317136,1590
62.35549872122762,1591
62.37595907928389,1592
62.39641943734016,1593
62.41687979539642,1594
62.43734015345269,1595
62.45780051150895,1596
62.47826086956522,1597
62.49872122762148,1598
62.51918158567775,1599
62.53964194373402,1600
62.56010230179028,1601
62.58056265984655,1602
62.60102301790281,1603
62.62148337595908,1604
62.64194373401534,1605
62.66240409207161,1606
62.68286445012788,1607
62.70332480818414,1608
62.72378516624041,1609
62.74424552429667,1610
62.76470588235294,1611
62.78516624040921,1612
62.80562659846547,1613
62.82608695652174,1614
62.846547314578004,1615
62.86700767263427,1616
62.887468030690535,1617
62.907928388746804,1618
62.928388746803066,1619
62.948849104859335,1620
62.969309462915604,1621
62.989769820971865,1622
63.010230179028135,1623
63.030690537084396,1624
63.051150895140665,1625
63.071611253196934,1626
63.092071611253196,1627
63.112531969309465,1628
63.13299232736573,1629
63.153452685421996,1630
63.173913043478265,1631
63.19437340153453,1632
63.214833759590796,1633
63.23529411764706,1634
63.25575447570333,1635
63.27621483375959,1636
63.29667519181586,1637
63.31713554987212,1638
63.33759590792839,1639
63.35805626598466,1640
63.37851662404092,1641
63.39897698209719,1642
63.41943734015345,1643
63.43989769820972,1644
63.46035805626599,1645
63.48081841432225,1646
63.50127877237852,1647
63.52173913043478,1648
63.54219948849105,1649
63.56265984654731,1650
63.58312020460358,1651
63.60358056265984,1652
63.62404092071611,1653
63.64450127877238,1654
63.66496163682864,1655
63.68542199488491,1656
63.705882352941174,1657
63.72634271099744,1658
63.74680306905371,1659
63.767263427109974,1660
63.78772378516624,1661
63.808184143222505,1662
63.828644501278774,1663
63.849104859335036,1664
63.869565217391305,1665
63.890025575447574,1666
63.910485933503836,1667
63.930946291560105,1668
63.95140664961637,1669
63.971867007672635,1670
63.9923273657289,1671
64.01278772378517,1672
64.03324808184144,1673
64.0537084398977,1674
64.07416879795396,1675
64.09462915601023,1676
64.1150895140665,1677
64.13554987212277,1678
64.15601023017904,1679
64.17647058823529,1680
64.19693094629156,1681
64.21739130434783,1682
64.2378516624041,1683
64.25831202046035,1684
64.27877237851662,1685
64.29923273657289,1686
64.31969309462916,1687
64.34015345268543,1688
64.36061381074168,1689
64.38107416879795,1690
64.40153452685422,1691
64.42199488491049,1692
64.44245524296676,1693
64.46291560102301,1694
64.48337595907928,1695
64.50383631713555,1696
64.52429667519182,1697
64.54475703324809,1698
64.56521739130434,1699
64.58567774936061,1700
64.60613810741688,1701
64.62659846547315,1702
64.6470588235294,1703
64.66751918158567,1704
64.68797953964194,1705
64.70843989769821,1706
64.72890025575448,1707
64.74936061381074,1708
64.769820971867,1709
64.79028132992327,1710
64.81074168797954,1711
64.83120204603581,1712
64.85166240409207,1713
64.87212276214834,1714
64.8925831202046,1715
64.91304347826087,1716
64.93350383631713,1717
64.9539641943734,1718
64.97442455242967,1719
64.99488491048594,1720
65.0153452685422,1721
65.03580562659846,1722
65.05626598465473,1723
65.076726342711,1724
65.09718670076727,1725
65.11764705882354,1726
65.13810741687979,1727
65.15856777493606,1728
65.17902813299233,1729
65.1994884910486,1730
65.21994884910487,1731
65.24040920716112,1732
65.26086956521739,1733
65.28132992327366,1734
65.30179028132993,1735
65.32225063938618,1736
65.34271099744245,1737
65.36317135549872,1738
65.38363171355499,1739
65.40409207161126,1740
65.42455242966751,1741
65.44501278772378,1742
65.46547314578005,1743
65.48593350383632,1744
65.50639386189259,1745
65.52685421994885,1746
65.54731457800511,1747
65.56777493606138,1748
65.58823529411765,1749
65.6086956521739,1750
65.62915601023018,1751
65.64961636828644,1752
65.67007672634271,1753
65.69053708439898,1754
65.71099744245524,1755
65.7314578005115,1756
65.75191815856778,1757
65.77237851662404,1758
65.79283887468031,1759
65.81329923273657,1760
65.83375959079284,1761
65.8542199488491,1762
65.87468030690538,1763
65.89514066496164,1764
65.9156010230179,1765
65.93606138107417,1766
65.95652173913044,1767
65.9769820971867,1768
65.99744245524296,1769
66.01790281329923,1770
66.0383631713555,1771
66.05882352941177,1772
66.07928388746804,1773
66.09974424552429,1774
66.12020460358056,1775
66.14066496163683,1776
66.1611253196931,1777
66.18158567774937,1778
66.20204603580562,1779
66.22250639386189,1780
66.24296675191816,1781
66.26342710997443,1782
66.28388746803068,1783
66.30434782608695,1784
66.32480818414322,1785
66.34526854219949,1786
66.36572890025576,1787
66.38618925831202,1788
66.40664961636828,1789
66.42710997442455,1790
66.44757033248082,1791
66.46803069053709,1792
66.48849104859335,1793
66.50895140664962,1794
66.52941176470588,1795
66.54987212276215,1796
66.57033248081842,1797
66.59079283887468,1798
66.61125319693095,1799
66.63171355498721,1800
66.65217391304348,1801
66.67263427109974,1802
66.69309462915601,1803
66.71355498721228,1804
66.73401534526855,1805
66.75447570332481,1806
66.77493606138107,1807
66.79539641943734,1808
66.81585677749361,1809
66.83631713554988,1810
66.85677749360613,1811
66.8772378516624,1812
66.89769820971867,1813
66.91815856777494,1814
66.93861892583121,1815
66.95907928388746,1816
66.97953964194373,1817
67.0,1818
67.0295566502463,1819
67.05911330049261,1820
67.08866995073892,1821
67.11822660098522,1822
67.14778325123153,1823
67.17733990147784,1824
67.20689655172414,1825
67.23645320197045,1826
67.26600985221675,1827
67.29556650246306,1828
67.32512315270937,1829
67.35467980295566,1830
67.38423645320196,1831
67.41379310344827,1832
67.44334975369458,1833
67.47290640394088,1834
67.50246305418719,1835
67.5320197044335,1836
67.5615763546798,1837
67.5911330049261,1838
67.62068965517241,1839
67.65024630541872,1840
67.67980295566502,1841
67.70935960591133,1842
67.73891625615764,1843
67.76847290640394,1844
67.79802955665025,1845
67.82758620689656,1846
67.85714285714286,1847
67.88669950738917,1848
67.91625615763547,1849
67.94581280788178,1850
67.97536945812809,1851
68.00492610837438,1852
68.03448275862068,1853
68.06403940886699,1854
68.0935960591133,1855
68.1231527093596,1856
68.15270935960591,1857
68.18226600985221,1858
68.21182266009852,1859
68.24137931034483,1860
68.27093596059113,1861
68.30049261083744,1862
68.33004926108374,1863
68.35960591133005,1864
68.38916256157636,1865
68.41871921182266,1866
68.44827586206897,1867
68.47783251231527,1868
68.50738916256158,1869
68.53694581280789,1870
68.56650246305419,1871
68.5960591133005,1872
68.6256157635468,1873
68.65517241379311,1874
68.6847290640394,1875
68.71428571428571,1876
68.74384236453201,1877
68.77339901477832,1878
68.80295566502463,1879
68.83251231527093,1880
68.86206896551724,1881
68.89162561576354,1882
68.92118226600985,1883
68.95073891625616,1884
68.98029556650246,1885
69.00985221674877,1886
69.03940886699507,1887
69.06896551724138,1888
69.09852216748769,1889
69.12807881773399,1890
69.1576354679803,1891
69.1871921182266,1892
69.21674876847291,1893
69.24630541871922,1894
69.27586206896552,1895
69.30541871921183,1896
69.33497536945814,1897
69.36453201970443,1898
69.39408866995073,1899
69.42364532019704,1900
69.45320197044335,1901
69.48275862068965,1902
69.51231527093596,1903
69.54187192118226,1904
69.57142857142857,1905
69.60098522167488,1906
69.63054187192118,1907
69.66009852216749,1908
69.6896551724138,1909
69.7192118226601,1910
69.7487684729064,1911
69.77832512315271,1912
69.80788177339902,1913
69.83743842364532,1914
69.86699507389163,1915
69.89655172413794,1916
69.92610837438424,1917
69.95566502463055,1918
69.98522167487684,1919
70.01477832512315,1920
70.04433497536945,1921
70.07389162561576,1922
70.10344827586206,1923
70.13300492610837,1924
70.16256157635468,1925
70.19211822660098,1926
70.22167487684729,1927
70.2512315270936,1928
70.2807881773399,1929
70.3103448275862,1930
70.33990147783251,1931
70.36945812807882,1932
70.39901477832512,1933
70.42857142857143,1934
70.45812807881774,1935
70.48768472906404,1936
70.51724137931035,1937
70.54679802955665,1938
70.57635467980296,1939
70.60591133004927,1940
70.63546798029557,1941
70.66502463054186,1942
70.69458128078817,1943
70.72413793103448,1944
70.75369458128078,1945
70.78325123152709,1946
70.8128078817734,1947
70.8423645320197,1948
70.87192118226601,1949
70.90147783251231,1950
70.93103448275862,1951
70.96059113300493,1952
70.99014778325123,1953
71.01970443349754,1954
71.04926108374384,1955
71.07881773399015,1956
71.10837438423646,1957
71.13793103448276,1958
71.16748768472907,1959
71.19704433497537,1960
71.22660098522168,1961
71.25615763546799,1962
71.28571428571429,1963
71.3152709359606,1964
71.34482758620689,1965
71.3743842364532,1966
71.4039408866995,1967
71.43349753694581,1968
71.46305418719211,1969
71.49261083743842,1970
71.52216748768473,1971
71.55172413793103,1972
71.58128078817734,1973
71.61083743842364,1974
71.64039408866995,1975
71.66995073891626,1976
71.69950738916256,1977
71.72906403940887,1978
71.75862068965517,1979
71.78817733990148,1980
71.81773399014779,1981
71.84729064039409,1982
71.8768472906404,1983
71.9064039408867,1984
71.93596059113301,1985
71.96551724137932,1986
71.99507389162562,1987
72.02463054187191,1988
72.05418719211822,1989
72.08374384236453,1990
72.11330049261083,1991
72.14285714285714,1992
72.17241379310344,1993
72.20197044334975,1994
72.23152709359606,1995
72.26108374384236,1996
72.29064039408867,1997
72.32019704433498,1998
72.34975369458128,1999
72.37931034482759,2000
72.4088669950739,2001
72.4384236453202,2002
72.4679802955665,2003
72.49753694581281,2004
72.52709359605912,2005
72.55665024630542,2006
72.58620689655173,2007
72.61576354679804,2008
72.64532019704433,2009
72.67487684729065,2010
72.70443349753694,2011
72.73399014778325,2012
72.76354679802955,2013
72.79310344827586,2014
72.82266009852216,2015
72.85221674876847,2016
72.88177339901478,2017
72.91133004926108,2018
72.94088669950739,2019
72.9704433497537,2020
73.0,2021
73.0295566502463,2022
73.05911330049261,2023
73.08866995073892,2024
73.11822660098522,2025
73.14778325123153,2026
73.17733990147784,2027
73.20689655172414,2028
73.23645320197045,2029
73.26600985221675,2030
73.29556650246306,2031
73.32512315270935,2032
73.35467980295566,2033
73.38423645320196,2034
73.41379310344827,2035
73.44334975369458,2036
73.47290640394088,2037
73.50246305418719,2038
73.5320197044335,2039
73.5615763546798,2040
73.5911330049261,2041
73.62068965517241,2042
73.65024630541872,2043
73.67980295566502,2044
73.70935960591133,2045
73.73891625615764,2046
73.76847290640394,2047
73.79802955665025,2048
73.82758620689656,2049
73.85714285714286,2050
73.88669950738917,2051
73.91625615763547,2052
73.94581280788178,2053
73.97536945812809,2054
74.00492610837438,2055
74.03448275862068,2056
74.06403940886699,2057
74.0935960591133,2058
74.1231527093596,2059
74.15270935960591,2060
74.18226600985221,2061
74.21182266009852,2062
74.24137931034483,2063
74.27093596059113,2064
74.30049261083744,2065
74.33004926108374,2066
74.35960591133005,2067
74.38916256157636,2068
74.41871921182266,2069
74.44827586206897,2070
74.47783251231527,2071
74.50738916256158,2072
74.53694581280789,2073
74.56650246305419,2074
74.5960591133005,2075
74.6256157635468,2076
74.65517241379311,2077
74.6847290640394,2078
74.71428571428571,2079
74.74384236453201,2080
74.77339901477832,2081
74.80295566502463,2082
74.83251231527093,2083
74.86206896551724,2084
74.89162561576354,2085
74.92118226600985,2086
74.95073891625616,2087
74.98029556650246,2088
75.00985221674877,2089
75.03940886699507,2090
75.06896551724138,2091
75.09852216748769,2092
75.12807881773399,2093
75.1576354679803,2094
75.1871921182266,2095
75.21674876847291,2096
75.24630541871922,2097
75.27586206896552,2098
75.30541871921181,2099
75.33497536945814,2100
75.36453201970443,2101
75.39408866995073,2102
75.42364532019704,2103
75.45320197044335,2104
75.48275862068965,2105
75.51231527093596,2106
75.54187192118226,2107
75.57142857142857,2108
75.60098522167488,2109
75.63054187192118,2110
75.66009852216749,2111
75.6896551724138,2112
75.7192118226601,2113
75.7487684729064,2114
75.77832512315271,2115
75.80788177339902,2116
75.83743842364532,2117
75.86699507389163,2118
75.89655172413794,2119
75.92610837438424,2120
75.95566502463055,2121
75.98522167487684,2122
76.01477832512316,2123
76.04433497536945,2124
76.07389162561576,2125
76.10344827586206,2126
76.13300492610837,2127
76.16256157635468,2128
76.19211822660098,2129
76.22167487684729,2130
76.2512315270936,2131
76.2807881773399,2132
76.3103448275862,2133
76.33990147783251,2134
76.36945812807882,2135
76.39901477832512,2136
76.42857142857143,2137
76.45812807881774,2138
76.48768472906404,2139
76.51724137931035,2140
76.54679802955665,2141
76.57635467980296,2142
76.60591133004925,2143
76.63546798029557,2144
76.66502463054186,2145
76.69458128078817,2146
76.72413793103448,2147
76.75369458128078,2148
76.78325123152709,2149
76.8128078817734,2150
76.8423645320197,2151
76.87192118226601,2152
76.90147783251231,2153
76.93103448275862,2154
76.96059113300493,2155
76.99014778325123,2156
77.01970443349754,2157
77.04926108374384,2158
77.07881773399015,2159
77.10837438423646,2160
77.13793103448276,2161
77.16748768472907,2162
77.19704433497537,2163
77.22660098522168,2164
77.25615763546799,2165
77.28571428571428,2166
77.3152709359606,2167
77.34482758620689,2168
77.3743842364532,2169
77.4039408866995,2170
77.43349753694581,2171
77.46305418719211,2172
77.49261083743842,2173
77.52216748768473,2174
77.55172413793103,2175
77.58128078817734,2176
77.61083743842364,2177
77.64039408866995,2178
77.66995073891626,2179
77.69950738916256,2180
77.72906403940887,2181
77.75862068965517,2182
77.78817733990148,2183
77.81773399014779,2184
77.84729064039409,2185
77.8768472906404,2186
77.9064039408867,2187
77.93596059113301,2188
77.9655172413793,2189
77.99507389162562,2190
78.02463054187191,2191
78.05418719211822,2192
78.08374384236453,2193
78.11330049261083,2194
78.14285714285714,2195
78.17241379310344,2196
78.20197044334975,2197
78.23152709359606,2198
78.26108374384236,2199
78.29064039408867,2200
78.32019704433498,2201
78.34975369458128,2202
78.37931034482759,2203
78.4088669950739,2204
78.4384236453202,2205
78.4679802955665,2206
78.49753694581281,2207
78.52709359605912,2208
78.55665024630542,2209
78.58620689655173,2210
78.61576354679804,2211
78.64532019704433,2212
78.67487684729065,2213
78.70443349753694,2214
78.73399014778325,2215
78.76354679802955,2216
78.79310344827586,2217
78.82266009852216,2218
78.85221674876847,2219
78.88177339901478,2220
78.91133004926108,2221
78.94088669950739,2222
78.9704433497537,2223
79.0,2224
79.02810304449649,2225
79.05620608899298,2226
79.08430913348946,2227
79.11241217798595,2228
79.14051522248243,2229
79.16861826697892,2230
79.19672131147541,2231
79.22482435597189,2232
79.25292740046838,2233
79.28103044496487,2234
79.30913348946136,2235
79.33723653395785,2236
79.36533957845434,2237
79.39344262295081,2238
79.4215456674473,2239
79.4496487119438,2240
79.47775175644028,2241
79.50585480093677,2242
79.53395784543325,2243
79.56206088992974,2244
79.59016393442623,2245
79.61826697892272,2246
79.64637002341921,2247
79.67447306791568,2248
79.70257611241217,2249
79.73067915690866,2250
79.75878220140515,2251
79.78688524590164,2252
79.81498829039813,2253
79.84309133489461,2254
79.8711943793911,2255
79.89929742388759,2256
79.92740046838408,2257
79.95550351288057,2258
79.98360655737704,2259
80.01170960187353,2260
80.03981264637002,2261
80.06791569086651,2262
80.096018735363,2263
80.12412177985948,2264
80.15222482435597,2265
80.18032786885246,2266
80.20843091334895,2267
80.23653395784544,2268
80.26463700234191,2269
80.2927400468384,2270
80.3208430913349,2271
80.34894613583138,2272
80.37704918032787,2273
80.40515222482436,2274
80.43325526932084,2275
80.46135831381733,2276
80.48946135831382,2277
80.51756440281031,2278
80.5456674473068,2279
80.57377049180327,2280
80.60187353629976,2281
80.62997658079625,2282
80.65807962529274,2283
80.68618266978923,2284
80.71428571428571,2285
80.7423887587822,2286
80.77049180327869,2287
80.79859484777518,2288
80.82669789227167,2289
80.85480093676814,2290
80.88290398126463,2291
80.91100702576112,2292
80.93911007025761,2293
80.9672131147541,2294
80.99531615925059,2295
81.02341920374707,2296
81.05152224824356,2297
81.07962529274005,2298
81.10772833723654,2299
81.13583138173303,2300
81.1639344262295,2301
81.19203747072599,2302
81.22014051522248,2303
81.24824355971897,2304
81.27634660421546,2305
81.30444964871194,2306
81.33255269320843,2307
81.36065573770492,2308
81.3887587822014,2309
81.4168618266979,2310
81.44496487119437,2311
81.47306791569086,2312
81.50117096018735,2313
81.52927400468384,2314
81.55737704918033,2315
81.58548009367682,2316
81.6135831381733,2317
81.64168618266979,2318
81.66978922716628,2319
81.69789227166277,2320
81.72599531615926,2321
81.75409836065573,2322
81.78220140515222,2323
81.81030444964871,2324
81.8384074941452,2325
81.86651053864169,2326
81.89461358313817,2327
81.92271662763466,2328
81.95081967213115,2329
81.97892271662764,2330
82.00702576112413,2331
82.03512880562062,2332
82.06323185011709,2333
82.09133489461358,2334
82.11943793911007,2335
82.14754098360656,2336
82.17564402810305,2337
82.20374707259953,2338
82.23185011709602,2339
82.2599531615925,2340
82.288056206089,2341
82.31615925058549,2342
82.34426229508196,2343
82.37236533957845,2344
82.40046838407494,2345
82.42857142857143,2346
82.45667447306792,2347
82.4847775175644,2348
82.51288056206089,2349
82.54098360655738,2350
82.56908665105387,2351
82.59718969555036,2352
82.62529274004685,2353
82.65339578454332,2354
82.68149882903981,2355
82.7096018735363,2356
82.73770491803279,2357
82.76580796252928,2358
82.79391100702576,2359
82.82201405152225,2360
82.85011709601874,2361
82.87822014051523,2362
82.90632318501171,2363
82.93442622950819,2364
82.96252927400468,2365
82.99063231850117,2366
83.01873536299766,2367
83.04683840749415,2368
83.07494145199064,2369
83.10304449648712,2370
83.1311475409836,2371
83.1592505854801,2372
83.18735362997658,2373
83.21545667447307,2374
83.24355971896955,2375
83.27166276346604,2376
83.29976580796253,2377
83.32786885245902,2378
83.35597189695551,2379
83.38407494145198,2380
83.41217798594847,2381
83.44028103044496,2382
83.46838407494145,2383
83.49648711943794,2384
83.52459016393442,2385
83.55269320843091,2386
83.5807962529274,2387
83.60889929742389,2388
83.63700234192038,2389
83.66510538641685,2390
83.69320843091334,2391
83.72131147540983,2392
83.74941451990632,2393
83.77751756440281,2394
83.8056206088993,2395
83.83372365339578,2396
83.86182669789227,2397
83.88992974238876,2398
83.91803278688525,2399
83.94613583138174,2400
83.97423887587821,2401
84.0023419203747,2402
84.0304449648712,2403
84.05854800936768,2404
84.08665105386417,2405
84.11475409836066,2406
84.14285714285714,2407
84.17096018735363,2408
84.19906323185012,2409
84.22716627634661,2410
84.2552693208431,2411
84.28337236533957,2412
84.31147540983606,2413
84.33957845433255,2414
84.36768149882904,2415
84.39578454332553,2416
84.42388758782201,2417
84.4519906323185,2418
84.48009367681499,2419
84.50819672131148,2420
84.53629976580797,2421
84.56440281030444,2422
84.59250585480093,2423
84.62060889929742,2424
84.64871194379391,2425
84.6768149882904,2426
84.70491803278688,2427
84.73302107728337,2428
84.76112412177986,2429
84.78922716627635,2430
84.81733021077284,2431
84.84543325526933,2432
84.8735362997658,2433
84.90163934426229,2434
84.92974238875878,2435
84.95784543325527,2436
84.98594847775176,2437
85.01405152224824,2438
85.04215456674473,2439
85.07025761124122,2440
85.09836065573771,2441
85.1264637002342,2442
85.15456674473067,2443
85.18266978922716,2444
85.21077283372365,2445
85.23887587822014,2446
85.26697892271663,2447
85.29508196721312,2448
85.3231850117096,2449
85.35128805620609,2450
85.37939110070258,2451
85.40749414519907,2452
85.43559718969556,2453
85.46370023419203,2454
85.49180327868852,2455
85.51990632318501,2456
85.5480093676815,2457
85.57611241217799,2458
85.60421545667447,2459
85.63231850117096,2460
85.66042154566745,2461
85.68852459016394,2462
85.71662763466043,2463
85.7447306791569,2464
85.77283372365339,2465
85.80093676814988,2466
85.82903981264637,2467
85.85714285714286,2468
85.88524590163934,2469
85.91334894613583,2470
85.94145199063232,2471
85.9695550351288,2472
85.9976580796253,2473
86.02576112412179,2474
86.05386416861826,2475
86.08196721311475,2476
86.11007025761124,2477
86.13817330210773,2478
86.16627634660422,2479
86.1943793911007,2480
86.22248243559719,2481
86.25058548009368,2482
86.27868852459017,2483
86.30679156908666,2484
86.33489461358315,2485
86.36299765807962,2486
86.39110070257611,2487
86.4192037470726,2488
86.44730679156909,2489
86.47540983606558,2490
86.50351288056206,2491
86.53161592505855,2492
86.55971896955504,2493
86.58782201405153,2494
86.61592505854802,2495
86.64402810304449,2496
86.67213114754098,2497
86.70023419203747,2498
86.72833723653396,2499
86.75644028103045,2500
86.78454332552693,2501
86.81264637002342,2502
86.8407494145199,2503
86.8688524590164,2504
86.89695550351288,2505
86.92505854800936,2506
86.95316159250585,2507
86.98126463700234,2508
87.00936768149883,2509
87.03747072599532,2510
87.0655737704918,2511
87.09367681498829,2512
87.12177985948477,2513
87.14988290398126,2514
87.17798594847775,2515
87.20608899297424,2516
87.23419203747072,2517
87.26229508196721,2518
87.2903981264637,2519
87.31850117096019,2520
87.34660421545668,2521
87.37470725995317,2522
87.40281030444964,2523
87.43091334894613,2524
87.45901639344262,2525
87.48711943793911,2526
87.5152224824356,2527
87.54332552693208,2528
87.57142857142857,2529
87.59953161592506,2530
87.62763466042155,2531
87.65573770491804,2532
87.68384074941451,2533
87.711943793911,2534
87.7400468384075,2535
87.76814988290398,2536
87.79625292740047,2537
87.82435597189695,2538
87.85245901639344,2539
87.88056206088993,2540
87.90866510538642,2541
87.93676814988291,2542
87.96487119437938,2543
87.99297423887587,2544
88.02107728337236,2545
88.04918032786885,2546
88.07728337236534,2547
88.10538641686182,2548
88.13348946135831,2549
88.1615925058548,2550
88.18969555035129,2551
88.21779859484778,2552
88.24590163934427,2553
88.27400468384074,2554
88.30210772833723,2555
88.33021077283372,2556
88.35831381733021,2557
88.3864168618267,2558
88.41451990632319,2559
88.44262295081967,2560
88.47072599531616,2561
88.49882903981265,2562
88.52693208430914,2563
88.55503512880563,2564
88.5831381733021,2565
88.6112412177986,2566
88.63934426229508,2567
88.66744730679157,2568
88.69555035128806,2569
88.72365339578454,2570
88.75175644028103,2571
88.77985948477752,2572
88.80796252927401,2573
88.8360655737705,2574
88.86416861826697,2575
88.89227166276346,2576
88.92037470725995,2577
88.94847775175644,2578
88.97658079625293,2579
89.00468384074941,2580
89.0327868852459,2581
89.06088992974239,2582
89.08899297423888,2583
89.11709601873537,2584
89.14519906323184,2585
89.17330210772833,2586
89.20140515222482,2587
89.22950819672131,2588
89.2576112412178,2589
89.28571428571429,2590
89.31381733021077,2591
89.34192037470726,2592
89.37002341920375,2593
89.39812646370024,2594
89.42622950819673,2595
89.4543325526932,2596
89.48243559718969,2597
89.51053864168618,2598
89.53864168618267,2599
89.56674473067916,2600
89.59484777517565,2601
89.62295081967213,2602
89.65105386416862,2603
89.6791569086651,2604
89.7072599531616,2605
89.73536299765809,2606
89.76346604215456,2607
89.79156908665105,2608
89.81967213114754,2609
89.84777517564403,2610
89.87587822014052,2611
89.903981264637,2612
89.93208430913349,2613
89.96018735362998,2614
89.98829039812647,2615
90.01639344262296,2616
90.04449648711943,2617
90.07259953161592,2618
90.10070257611241,2619
90.1288056206089,2620
90.15690866510539,2621
90.18501170960187,2622
90.21311475409836,2623
90.24121779859485,2624
90.26932084309134,2625
90.29742388758783,2626
90.3255269320843,2627
90.35362997658079,2628
90.38173302107728,2629
90.40983606557377,2630
90.43793911007026,2631
90.46604215456675,2632
90.49414519906323,2633
90.52224824355972,2634
90.5503512880562,2635
90.5784543325527,2636
90.60655737704919,2637
90.63466042154568,2638
90.66276346604215,2639
90.69086651053864,2640
90.71896955503513,2641
90.74707259953162,2642
90.77517564402811,2643
90.80327868852459,2644
90.83138173302108,2645
90.85948477751757,2646
90.88758782201405,2647
90.91569086651054,2648
90.94379391100702,2649
90.97189695550351,2650
91.0,2651
91.03214285714286,2652
91.06428571428572,2653
91.09642857142858,2654
91.12857142857143,2655
91.16071428571429,2656
91.19285714285714,2657
91.225,2658
91.25714285714285,2659
91.28928571428571,2660
91.32142857142857,2661
91.35357142857143,2662
91.38571428571429,2663
91.41785714285714,2664
91.45,2665
91.48214285714286,2666
91.51428571428572,2667
91.54642857142858,2668
91.57857142857142,2669
91.61071428571428,2670
91.64285714285714,2671
91.675,2672
91.70714285714286,2673
91.73928571428571,2674
91.77142857142857,2675
91.80357142857143,2676
91.83571428571429,2677
91.86785714285715,2678
91.9,2679
91.93214285714286,2680
91.96428571428571,2681
91.99642857142857,2682
92.02857142857142,2683
92.06071428571428,2684
92.09285714285714,2685
92.125,2686
92.15714285714286,2687
92.18928571428572,2688
92.22142857142858,2689
92.25357142857143,2690
92.28571428571429,2691
92.31785714285714,2692
92.35,2693
92.38214285714285,2694
92.41428571428571,2695
92.44642857142857,2696
92.47857142857143,2697
92.51071428571429,2698
92.54285714285714,2699
92.575,2700
92.60714285714286,2701
92.63928571428572,2702
92.67142857142858,2703
92.70357142857142,2704
92.73571428571428,2705
92.76785714285714,2706
92.8,2707
92.83214285714286,2708
92.86428571428571,2709
92.89642857142857,2710
92.92857142857143,2711
92.96071428571429,2712
92.99285714285715,2713
93.025,2714
93.05714285714285,2715
93.08928571428571,2716
93.12142857142857,2717
93.15357142857142,2718
93.18571428571428,2719
93.21785714285714,2720
93.25,2721
93.28214285714286,2722
93.31428571428572,2723
93.34642857142858,2724
93.37857142857143,2725
93.41071428571429,2726
93.44285714285714,2727
93.475,2728
93.50714285714285,2729
93.53928571428571,2730
93.57142857142857,2731
93.60357142857143,2732
93.63571428571429,2733
93.66785714285714,2734
93.7,2735
93.73214285714286,2736
93.76428571428572,2737
93.79642857142858,2738
93.82857142857142,2739
93.86071428571428,2740
93.89285714285714,2741
93.925,2742
93.95714285714286,2743
93.98928571428571,2744
94.02142857142857,2745
94.05357142857143,2746
94.08571428571429,2747
94.11785714285715,2748
94.15,2749
94.18214285714285,2750
94.21428571428571,2751
94.24642857142857,2752
94.27857142857142,2753
94.31071428571428,2754
94.34285714285714,2755
94.375,2756
94.40714285714286,2757
94.43928571428572,2758
94.47142857142858,2759
94.50357142857143,2760
94.53571428571429,2761
94.56785714285714,2762
94.6,2763
94.63214285714285,2764
94.66428571428571,2765
94.69642857142857,2766
94.72857142857143,2767
94.76071428571429,2768
94.79285714285714,2769
94.825,2770
94.85714285714286,2771
94.88928571428572,2772
94.92142857142858,2773
94.95357142857142,2774
94.98571428571428,2775
95.01785714285714,2776
95.05,2777
95.08214285714286,2778
95.11428571428571,2779
95.14642857142857,2780
95.17857142857143,2781
95.21071428571429,2782
95.24285714285715,2783
95.275,2784
95.30714285714285,2785
95.33928571428571,2786
95.37142857142857,2787
95.40357142857142,2788
95.43571428571428,2789
95.46785714285714,2790
95.5,2791
95.53214285714286,2792
95.56428571428572,2793
95.59642857142858,2794
95.62857142857143,2795
95.66071428571429,2796
95.69285714285714,2797
95.725,2798
95.75714285714285,2799
95.78928571428571,2800
95.82142857142857,2801
95.85357142857143,2802
95.88571428571429,2803
95.91785714285714,2804
95.95,2805
95.98214285714286,2806
96.01428571428572,2807
96.04642857142858,2808
96.07857142857142,2809
96.11071428571428,2810
96.14285714285714,2811
96.175,2812
96.20714285714286,2813
96.23928571428571,2814
96.27142857142857,2815
96.30357142857143,2816
96.33571428571429,2817
96.36785714285715,2818
96.4,2819
96.43214285714285,2820
96.46428571428571,2821
96.49642857142857,2822
96.52857142857142,2823
96.56071428571428,2824
96.59285714285714,2825
96.625,2826
96.65714285714286,2827
96.68928571428572,2828
96.72142857142858,2829
96.75357142857143,2830
96.78571428571428,2831
96.81785714285714,2832
96.85,2833
96.88214285714285,2834
96.91428571428571,2835
96.94642857142857,2836
96.97857142857143,2837
97.01071428571429,2838
97.04285714285714,2839
97.075,2840
97.10714285714286,2841
97.13928571428572,2842
97.17142857142858,2843
97.20357142857142,2844
97.23571428571428,2845
97.26785714285714,2846
97.3,2847
97.33214285714286,2848
97.36428571428571,2849
97.39642857142857,2850
97.42857142857143,2851
97.46071428571429,2852
97.49285714285715,2853
97.525,2854
97.55714285714285,2855
97.58928571428571,2856
97.62142857142857,2857
97.65357142857142,2858
97.68571428571428,2859
97.71785714285714,2860
97.75,2861
97.78214285714286,2862
97.81428571428572,2863
97.84642857142858,2864
97.87857142857143,2865
97.91071428571428,2866
97.94285714285714,2867
97.975,2868
98.00714285714285,2869
98.03928571428571,2870
98.07142857142857,2871
98.10357142857143,2872
98.13571428571429,2873
98.16785714285714,2874
98.2,2875
98.23214285714286,2876
98.26428571428572,2877
98.29642857142858,2878
98.32857142857142,2879
98.36071428571428,2880
98.39285714285714,2881
98.425,2882
98.45714285714286,2883
98.48928571428571,2884
98.52142857142857,2885
98.55357142857143,2886
98.58571428571429,2887
98.61785714285715,2888
98.65,2889
98.68214285714285,2890
98.71428571428571,2891
98.74642857142857,2892
98.77857142857142,2893
98.81071428571428,2894
98.84285714285714,2895
98.875,2896
98.90714285714286,2897
98.93928571428572,2898
98.97142857142858,2899
99.00357142857143,2900
99.03571428571428,2901
99.06785714285714,2902
99.1,2903
99.13214285714285,2904
99.16428571428571,2905
99.19642857142857,2906
99.22857142857143,2907
99.26071428571429,2908
99.29285714285714,2909
99.325,2910
99.35714285714286,2911
99.38928571428572,2912
99.42142857142858,2913
99.45357142857142,2914
99.48571428571428,2915
99.51785714285714,2916
99.55,2917
99.58214285714286,2918
99.61428571428571,2919
99.64642857142857,2920
99.67857142857143,2921
99.71071428571429,2922
99.74285714285715,2923
99.775,2924
99.80714285714285,2925
99.83928571428571,2926
99.87142857142857,2927
99.90357142857142,2928
99.93571428571428,2929
99.96785714285714,2930
100.0,2931
100.03214285714286,2932
100.06428571428572,2933
100.09642857142858,2934
100.12857142857143,2935
100.16071428571428,2936
100.19285714285714,2937
100.225,2938
100.25714285714285,2939
100.28928571428571,2940
100.32142857142857,2941
100.35357142857143,2942
100.38571428571429,2943
100.41785714285714,2944
100.45,2945
100.48214285714286,2946
100.5142857142857,2947
100.54642857142858,2948
100.57857142857142,2949
100.61071428571428,2950
100.64285714285714,2951
100.675,2952
100.70714285714286,2953
100.73928571428571,2954
100.77142857142857,2955
100.80357142857143,2956
100.83571428571429,2957
100.86785714285715,2958
100.9,2959
100.93214285714285,2960
100.96428571428571,2961
100.99642857142857,2962
101.02857142857142,2963
101.06071428571428,2964
101.09285714285714,2965
101.125,2966
101.15714285714286,2967
101.18928571428572,2968
101.22142857142858,2969
101.25357142857143,2970
101.28571428571428,2971
101.31785714285714,2972
101.35,2973
101.38214285714285,2974
101.41428571428571,2975
101.44642857142857,2976
101.47857142857143,2977
101.51071428571429,2978
101.54285714285714,2979
101.575,2980
101.60714285714286,2981
101.6392857142857,2982
101.67142857142858,2983
101.70357142857142,2984
101.73571428571428,2985
101.76785714285714,2986
101.8,2987
101.83214285714286,2988
101.86428571428571,2989
101.89642857142857,2990
101.92857142857143,2991
101.96071428571429,2992
101.99285714285715,2993
102.025,2994
102.05714285714285,2995
102.08928571428571,2996
102.12142857142857,2997
102.15357142857142,2998
102.18571428571428,2999
102.21785714285714,3000
102.25,3001
102.28214285714286,3002
102.31428571428572,3003
102.34642857142858,3004
102.37857142857143,3005
102.41071428571428,3006
102.44285714285714,3007
102.475,3008
102.50714285714285,3009
102.53928571428571,3010
102.57142857142857,3011
102.60357142857143,3012
102.63571428571429,3013
102.66785714285714,3014
102.7,3015
102.73214285714286,3016
102.7642857142857,3017
102.79642857142858,3018
102.82857142857142,3019
102.86071428571428,3020
102.89285714285714,3021
102.925,3022
102.95714285714286,3023
102.98928571428571,3024
103.02142857142857,3025
103.05357142857143,3026
103.08571428571429,3027
103.11785714285715,3028
103.15,3029
103.18214285714285,3030
103.21428571428571,3031
103.24642857142857,3032
103.27857142857142,3033
103.31071428571428,3034
103.34285714285714,3035
103.375,3036
103.40714285714286,3037
103.43928571428572,3038
103.47142857142858,3039
103.50357142857143,3040
103.53571428571428,3041
103.56785714285714,3042
103.6,3043
103.63214285714285,3044
103.66428571428571,3045
103.69642857142857,3046
103.72857142857143,3047
103.76071428571429,3048
103.79285714285714,3049
103.825,3050
103.85714285714286,3051
103.8892857142857,3052
103.92142857142858,3053
103.95357142857142,3054
103.98571428571428,3055
104.01785714285714,3056
104.05,3057
104.08214285714286,3058
104.11428571428571,3059
104.14642857142857,3060
104.17857142857143,3061
104.21071428571429,3062
104.24285714285715,3063
104.275,3064
104.30714285714285,3065
104.33928571428571,3066
104.37142857142857,3067
104.40357142857142,3068
104.43571428571428,3069
104.46785714285714,3070
104.5,3071
104.53214285714286,3072
104.56428571428572,3073
104.59642857142858,3074
104.62857142857143,3075
104.66071428571428,3076
104.69285714285714,3077
104.725,3078
104.75714285714285,3079
104.78928571428571,3080
104.82142857142857,3081
104.85357142857143,3082
104.88571428571429,3083
104.91785714285714,3084
104.95,3085
104.98214285714286,3086
105.0142857142857,3087
105.04642857142858,3088
105.07857142857142,3089
105.11071428571428,3090
105.14285714285714,3091
105.175,3092
105.20714285714286,3093
105.23928571428571,3094
105.27142857142857,3095
105.30357142857143,3096
105.33571428571429,3097
105.36785714285715,3098
105.4,3099
105.43214285714285,3100
105.46428571428571,3101
105.49642857142857,3102
105.52857142857142,3103
105.56071428571428,3104
105.59285714285714,3105
105.625,3106
105.65714285714286,3107
105.68928571428572,3108
105.72142857142858,3109
105.75357142857143,3110
105.78571428571428,3111
105.81785714285714,3112
105.85,3113
105.88214285714285,3114
105.91428571428571,3115
105.94642857142857,3116
105.97857142857143,3117
106.01071428571429,3118
106.04285714285714,3119
106.075,3120
106.10714285714286,3121
106.1392857142857,3122
106.17142857142858,3123
106.20357142857142,3124
106.23571428571428,3125
106.26785714285714,3126
106.3,3127
106.33214285714286,3128
106.36428571428571,3129
106.39642857142857,3130
106.42857142857143,3131
106.46071428571429,3132
106.49285714285715,3133
106.525,3134
106.55714285714285,3135
106.58928571428571,3136
106.62142857142857,3137
106.65357142857142,3138
106.68571428571428,3139
106.71785714285714,3140
106.75,3141
106.78214285714286,3142
106.81428571428572,3143
106.84642857142858,3144
106.87857142857143,3145
106.91071428571428,3146
106.94285714285714,3147
106.975,3148
107.00714285714285,3149
107.03928571428571,3150
107.07142857142857,3151
107.10357142857143,3152
107.13571428571429,3153
107.16785714285714,3154
107.2,3155
107.23214285714286,3156
107.2642857142857,3157
107.29642857142858,3158
107.32857142857142,3159
107.36071428571428,3160
107.39285714285714,3161
107.425,3162
107.45714285714286,3163
107.48928571428571,3164
107.52142857142857,3165
107.55357142857143,3166
107.58571428571429,3167
107.61785714285713,3168
107.65,3169
107.68214285714285,3170
107.71428571428571,3171
107.74642857142857,3172
107.77857142857142,3173
107.81071428571428,3174
107.84285714285714,3175
107.875,3176
107.90714285714286,3177
107.93928571428572,3178
107.97142857142856,3179
108.00357142857143,3180
108.03571428571428,3181
108.06785714285714,3182
108.1,3183
108.13214285714285,3184
108.16428571428571,3185
108.19642857142857,3186
108.22857142857143,3187
108.26071428571429,3188
108.29285714285714,3189
108.325,3190
108.35714285714286,3191
108.3892857142857,3192
108.42142857142858,3193
108.45357142857142,3194
108.48571428571428,3195
108.51785714285714,3196
108.55,3197
108.58214285714286,3198
108.61428571428571,3199
108.64642857142857,3200
108.67857142857143,3201
108.71071428571429,3202
108.74285714285713,3203
108.775,3204
108.80714285714285,3205
108.83928571428571,3206
108.87142857142857,3207
108.90357142857142,3208
108.93571428571428,3209
108.96785714285714,3210
109.0,3211
109.01704545454545,3212
109.0340909090909,3213
109.05113636363636,3214
109.06818181818181,3215
109.08522727272727,3216
109.10227272727273,3217
109.11931818181819,3218
109.13636363636364,3219
109.1534090909091,3220
109.17045454545455,3221
109.1875,3222
109.20454545454545,3223
109.2215909090909,3224
109.23863636363636,3225
109.25568181818181,3226
109.27272727272727,3227
109.28977272727273,3228
109.30681818181819,3229
109.32386363636364,3230
109.3409090909091,3231
109.35795454545455,3232
109.375,3233
109.39204545454545,3234
109.4090909090909,3235
109.42613636363636,3236
109.44318181818181,3237
109.46022727272727,3238
109.47727272727273,3239
109.49431818181819,3240
109.51136363636364,3241
109.5284090909091,3242
109.54545454545455,3243
109.5625,3244
109.57954545454545,3245
109.5965909090909,3246
109.61363636363636,3247
109.63068181818181,3248
109.64772727272727,3249
109.66477272727273,3250
109.68181818181819,3251
109.69886363636364,3252
109.7159090909091,3253
109.73295454545455,3254
109.75,3255
109.76704545454545,3256
109.7840909090909,3257
109.80113636363636,3258
109.81818181818181,3259
109.83522727272727,3260
109.85227272727273,3261
109.86931818181819,3262
109.88636363636364,3263
109.9034090909091,3264
109.92045454545455,3265
109.9375,3266
109.95454545454545,3267
109.9715909090909,3268
109.98863636363636,3269
110.00568181818181,3270
110.02272727272727,3271
110.03977272727273,3272
110.05681818181819,3273
110.07386363636364,3274
110.0909090909091,3275
110.10795454545455,3276
110.125,3277
110.14204545454545,3278
110.1590909090909,3279
110.17613636363636,3280
110.19318181818181,3281
110.21022727272727,3282
110.22727272727273,3283
110.24431818181819,3284
110.26136363636364,3285
110.2784090909091,3286
110.29545454545455,3287
110.3125,3288
110.32954545454545,3289
110.3465909090909,3290
110.36363636363636,3291
110.38068181818181,3292
110.39772727272727,3293
110.41477272727273,3294
110.43181818181819,3295
110.44886363636364,3296
110.4659090909091,3297
110.48295454545455,3298
110.5,3299
110.51704545454545,3300
110.5340909090909,3301
110.55113636363636,3302
110.56818181818181,3303
110.58522727272727,3304
110.60227272727273,3305
110.61931818181819,3306
110.63636363636364,3307
110.6534090909091,3308
110.67045454545455,3309
110.6875,3310
110.70454545454545,3311
110.7215909090909,3312
110.73863636363636,3313
110.75568181818181,3314
110.77272727272727,3315
110.78977272727273,3316
110.80681818181819,3317
110.82386363636364,3318
110.8409090909091,3319
110.85795454545455,3320
110.875,3321
110.89204545454545,3322
110.9090909090909,3323
110.92613636363636,3324
110.94318181818181,3325
110.96022727272727,3326
110.97727272727273,3327
110.99431818181819,3328
111.01136363636364,3329
111.0284090909091,3330
111.04545454545455,3331
111.0625,3332
111.07954545454545,3333
111.0965909090909,3334
111.11363636363636,3335
111.13068181818181,3336
111.14772727272727,3337
111.16477272727273,3338
111.18181818181819,3339
111.19886363636364,3340
111.2159090909091,3341
111.23295454545455,3342
111.25,3343
111.26704545454545,3344
111.2840909090909,3345
111.30113636363636,3346
111.31818181818181,3347
111.33522727272727,3348
111.35227272727273,3349
111.36931818181819,3350
111.38636363636364,3351
111.4034090909091,3352
111.42045454545455,3353
111.4375,3354
111.45454545454545,3355
111.4715909090909,3356
111.48863636363636,3357
111.50568181818181,3358
111.52272727272727,3359
111.53977272727273,3360
111.55681818181819,3361
111.57386363636364,3362
111.5909090909091,3363
111.60795454545455,3364
111.625,3365
111.64204545454545,3366
111.6590909090909,3367
111.67613636363636,3368
111.69318181818181,3369
111.71022727272727,3370
111.72727272727273,3371
111.74431818181819,3372
111.76136363636364,3373
111.7784090909091,3374
111.79545454545455,3375
111.8125,3376
111.82954545454545,3377
111.8465909090909,3378
111.86363636363636,3379
111.88068181818181,3380
111.89772727272727,3381
111.91477272727273,3382
111.93181818181819,3383
111.94886363636364,3384
111.9659090909091,3385
111.98295454545455,3386
112.0,3387
112.01704545454545,3388
112.0340909090909,3389
112.05113636363636,3390
112.06818181818181,3391
112.08522727272727,3392
112.10227272727273,3393
112.11931818181819,3394
112.13636363636364,3395
112.1534090909091,3396
112.17045454545455,3397
112.1875,3398
112.20454545454545,3399
112.2215909090909,3400
112.23863636363636,3401
112.25568181818181,3402
112.27272727272727,3403
112.28977272727273,3404
112.30681818181819,3405
112.32386363636364,3406
112.3409090909091,3407
112.35795454545455,3408
112.375,3409
112.39204545454545,3410
112.4090909090909,3411
112.42613636363636,3412
112.44318181818181,3413
112.46022727272727,3414
112.47727272727273,3415
112.49431818181819,3416
112.51136363636364,3417
112.5284090909091,3418
112.54545454545455,3419
112.5625,3420
112.57954545454545,3421
112.5965909090909,3422
112.61363636363636,3423
112.63068181818181,3424
112.64772727272727,3425
112.66477272727273,3426
112.68181818181819,3427
112.69886363636364,3428
112.7159090909091,3429
112.73295454545455,3430
112.75,3431
112.76704545454545,3432
112.7840909090909,3433
112.80113636363636,3434
112.81818181818181,3435
112.83522727272727,3436
112.85227272727273,3437
112.86931818181819,3438
112.88636363636364,3439
112.9034090909091,3440
112.92045454545455,3441
112.9375,3442
112.95454545454545,3443
112.9715909090909,3444
112.98863636363636,3445
113.00568181818181,3446
113.02272727272727,3447
113.03977272727272,3448
113.05681818181819,3449
113.07386363636364,3450
113.0909090909091,3451
113.10795454545455,3452
113.125,3453
113.14204545454545,3454
113.1590909090909,3455
113.17613636363636,3456
113.19318181818181,3457
113.21022727272727,3458
113.22727272727272,3459
113.24431818181819,3460
113.26136363636364,3461
113.2784090909091,3462
113.29545454545455,3463
113.3125,3464
113.32954545454545,3465
113.3465909090909,3466
113.36363636363636,3467
113.38068181818181,3468
113.39772727272727,3469
113.41477272727272,3470
113.43181818181819,3471
113.44886363636364,3472
113.4659090909091,3473
113.48295454545455,3474
113.5,3475
113.51704545454545,3476
113.5340909090909,3477
113.55113636363636,3478
113.56818181818181,3479
113.58522727272727,3480
113.60227272727272,3481
113.61931818181819,3482
113.63636363636364,3483
113.6534090909091,3484
113.67045454545455,3485
113.6875,3486
113.70454545454545,3487
113.7215909090909,3488
113.73863636363636,3489
113.75568181818181,3490
113.77272727272727,3491
113.78977272727272,3492
113.80681818181819,3493
113.82386363636364,3494
113.8409090909091,3495
113.85795454545455,3496
113.875,3497
113.89204545454545,3498
113.9090909090909,3499
113.92613636363636,3500
113.94318181818181,3501
113.96022727272727,3502
113.97727272727272,3503
113.99431818181819,3504
114.01136363636364,3505
114.0284090909091,3506
114.04545454545455,3507
114.0625,3508
114.07954545454545,3509
114.0965909090909,3510
114.11363636363636,3511
114.13068181818181,3512
114.14772727272727,3513
114.16477272727272,3514
114.18181818181819,3515
114.19886363636364,3516
114.2159090909091,3517
114.23295454545455,3518
114.25,3519
114.26704545454545,3520
114.2840909090909,3521
114.30113636363636,3522
114.31818181818181,3523
114.33522727272727,3524
114.35227272727272,3525
114.36931818181819,3526
114.38636363636364,3527
114.4034090909091,3528
114.42045454545455,3529
114.4375,3530
114.45454545454545,3531
114.4715909090909,3532
114.48863636363636,3533
114.50568181818181,3534
114.52272727272727,3535
114.53977272727272,3536
114.55681818181819,3537
114.57386363636364,3538
114.5909090909091,3539
114.60795454545455,3540
114.625,3541
114.64204545454545,3542
114.6590909090909,3543
114.67613636363636,3544
114.69318181818181,3545
114.71022727272727,3546
114.72727272727272,3547
114.74431818181819,3548
114.76136363636364,3549
114.7784090909091,3550
114.79545454545455,3551
114.8125,3552
114.82954545454545,3553
114.8465909090909,3554
114.86363636363636,3555
114.88068181818181,3556
114.89772727272727,3557
114.91477272727272,3558
114.93181818181819,3559
114.94886363636364,3560
114.9659090909091,3561
114.98295454545455,3562
115.0,3563
115.01704545454545,3564
115.0340909090909,3565
115.05113636363636,3566
115.06818181818181,3567
115.08522727272727,3568
115.10227272727272,3569
115.11931818181819,3570
115.13636363636364,3571
115.1534090909091,3572
115.17045454545455,3573
115.1875,3574
115.20454545454545,3575
115.2215909090909,3576
115.23863636363636,3577
115.25568181818181,3578
115.27272727272727,3579
115.28977272727272,3580
115.30681818181819,3581
115.32386363636364,3582
115.3409090909091,3583
115.35795454545455,3584
115.375,3585
115.39204545454545,3586
115.4090909090909,3587
115.42613636363636,3588
115.44318181818181,3589
115.46022727272727,3590
115.47727272727272,3591
115.49431818181819,3592
115.51136363636364,3593
115.5284090909091,3594
115.54545454545455,3595
115.5625,3596
115.57954545454545,3597
115.5965909090909,3598
115.61363636363636,3599
115.63068181818181,3600
115.64772727272727,3601
115.66477272727272,3602
115.68181818181819,3603
115.69886363636364,3604
115.7159090909091,3605
115.73295454545455,3606
115.75,3607
115.76704545454545,3608
115.7840909090909,3609
115.80113636363636,3610
115.81818181818181,3611
115.83522727272727,3612
115.85227272727272,3613
115.86931818181819,3614
115.88636363636364,3615
115.9034090909091,3616
115.92045454545455,3617
115.9375,3618
115.95454545454545,3619
115.9715909090909,3620
115.98863636363636,3621
116.00568181818181,3622
116.02272727272727,3623
116.03977272727272,3624
116.05681818181819,3625
116.07386363636364,3626
116.0909090909091,3627
116.10795454545455,3628
116.125,3629
116.14204545454545,3630
116.1590909090909,3631
116.17613636363636,3632
116.19318181818181,3633
116.21022727272727,3634
116.22727272727272,3635
116.24431818181819,3636
116.26136363636364,3637
116.2784090909091,3638
116.29545454545455,3639
116.3125,3640
116.32954545454545,3641
116.3465909090909,3642
116.36363636363636,3643
116.38068181818181,3644
116.39772727272727,3645
116.41477272727272,3646
116.43181818181819,3647
116.44886363636364,3648
116.4659090909091,3649
116.48295454545455,3650
116.5,3651
116.51704545454545,3652
116.5340909090909,3653
116.55113636363636,3654
116.56818181818181,3655
116.58522727272727,3656
116.60227272727272,3657
116.61931818181819,3658
116.63636363636364,3659
116.6534090909091,3660
116.67045454545455,3661
116.6875,3662
116.70454545454545,3663
116.7215909090909,3664
116.73863636363636,3665
116.75568181818181,3666
116.77272727272727,3667
116.78977272727272,3668
116.80681818181819,3669
116.82386363636364,3670
116.8409090909091,3671
116.85795454545455,3672
116.875,3673
116.89204545454545,3674
116.9090909090909,3675
116.92613636363636,3676
116.94318181818181,3677
116.96022727272727,3678
116.97727272727272,3679
116.99431818181819,3680
117.01136363636364,3681
117.0284090909091,3682
117.04545454545455,3683
117.0625,3684
117.07954545454545,3685
117.0965909090909,3686
117.11363636363636,3687
117.13068181818181,3688
117.14772727272727,3689
117.16477272727272,3690
117.18181818181819,3691
117.19886363636364,3692
117.2159090909091,3693
117.23295454545455,3694
117.25,3695
117.26704545454545,3696
117.2840909090909,3697
117.30113636363636,3698
117.31818181818181,3699
117.33522727272727,3700
117.35227272727272,3701
117.36931818181819,3702
117.38636363636364,3703
117.4034090909091,3704
117.42045454545455,3705
117.4375,3706
117.45454545454545,3707
117.4715909090909,3708
117.48863636363636,3709
117.50568181818181,3710
117.52272727272727,3711
117.53977272727272,3712
117.55681818181819,3713
117.57386363636364,3714
117.5909090909091,3715
117.60795454545455,3716
117.625,3717
117.64204545454545,3718
117.6590909090909,3719
117.67613636363636,3720
117.69318181818181,3721
117.71022727272727,3722
117.72727272727272,3723
117.74431818181819,3724
117.76136363636364,3725
117.7784090909091,3726
117.79545454545455,3727
117.8125,3728
117.82954545454545,3729
117.8465909090909,3730
117.86363636363636,3731
117.88068181818181,3732
117.89772727272727,3733
117.91477272727272,3734
117.93181818181819,3735
117.94886363636364,3736
117.9659090909091,3737
117.98295454545455,3738
118.0,3739
118.01704545454545,3740
118.0340909090909,3741
118.05113636363636,3742
118.06818181818181,3743
118.08522727272727,3744
118.10227272727272,3745
118.11931818181819,3746
118.13636363636364,3747
118.1534090909091,3748
118.17045454545455,3749
118.1875,3750
118.20454545454545,3751
118.2215909090909,3752
118.23863636363636,3753
118.25568181818181,3754
118.27272727272727,3755
118.28977272727272,3756
118.30681818181819,3757
118.32386363636364,3758
118.3409090909091,3759
118.35795454545455,3760
118.375,3761
118.39204545454545,3762
118.4090909090909,3763
118.42613636363636,3764
118.44318181818181,3765
118.46022727272727,3766
118.47727272727272,3767
118.49431818181819,3768
118.51136363636364,3769
118.5284090909091,3770
118.54545454545455,3771
118.5625,3772
118.57954545454545,3773
118.5965909090909,3774
118.61363636363636,3775
118.63068181818181,3776
118.64772727272727,3777
118.66477272727272,3778
118.68181818181819,3779
118.69886363636364,3780
118.7159090909091,3781
118.73295454545455,3782
118.75,3783
118.76704545454545,3784
118.7840909090909,3785
118.80113636363636,3786
118.81818181818181,3787
118.83522727272727,3788
118.85227272727272,3789
118.86931818181819,3790
118.88636363636364,3791
118.9034090909091,3792
118.92045454545455,3793
118.9375,3794
118.95454545454545,3795
118.9715909090909,3796
118.98863636363636,3797
119.00568181818181,3798
119.02272727272727,3799
119.03977272727272,3800
119.05681818181819,3801
119.07386363636364,3802
119.0909090909091,3803
119.10795454545455,3804
119.125,3805
119.14204545454545,3806
119.1590909090909,3807
119.17613636363636,3808
119.19318181818181,3809
119.21022727272727,3810
119.22727272727272,3811
119.24431818181819,3812
119.26136363636364,3813
119.2784090909091,3814
119.29545454545455,3815
119.3125,3816
119.32954545454545,3817
119.3465909090909,3818
119.36363636363636,3819
119.38068181818181,3820
119.39772727272727,3821
119.41477272727272,3822
119.43181818181819,3823
119.44886363636364,3824
119.4659090909091,3825
119.48295454545455,3826
119.5,3827
119.51704545454545,3828
119.5340909090909,3829
119.55113636363636,3830
119.56818181818181,3831
119.58522727272727,3832
119.60227272727272,3833
119.61931818181819,3834
119.63636363636364,3835
119.6534090909091,3836
119.67045454545455,3837
119.6875,3838
119.70454545454545,3839
119.7215909090909,3840
119.73863636363636,3841
119.75568181818181,3842
119.77272727272727,3843
119.78977272727272,3844
119.80681818181819,3845
119.82386363636364,3846
119.8409090909091,3847
119.85795454545455,3848
119.875,3849
119.89204545454545,3850
119.9090909090909,3851
119.92613636363636,3852
119.94318181818181,3853
119.96022727272727,3854
119.97727272727272,3855
119.99431818181819,3856
120.01136363636364,3857
120.0284090909091,3858
120.04545454545455,3859
120.0625,3860
120.07954545454545,3861
120.0965909090909,3862
120.11363636363636,3863
120.13068181818181,3864
120.14772727272727,3865
120.16477272727272,3866
120.18181818181819,3867
120.19886363636364,3868
120.2159090909091,3869
120.23295454545455,3870
120.25,3871
120.26704545454545,3872
120.2840909090909,3873
120.30113636363636,3874
120.31818181818181,3875
120.33522727272727,3876
120.35227272727272,3877
120.36931818181819,3878
120.38636363636364,3879
120.4034090909091,3880
120.42045454545455,3881
120.4375,3882
120.45454545454545,3883
120.4715909090909,3884
120.48863636363636,3885
120.50568181818181,3886
120.52272727272727,3887
120.53977272727272,3888
120.55681818181819,3889
120.57386363636364,3890
120.5909090909091,3891
120.60795454545455,3892
120.625,3893
120.64204545454545,3894
120.6590909090909,3895
120.67613636363636,3896
120.69318181818181,3897
120.71022727272727,3898
120.72727272727272,3899
120.74431818181819,3900
120.76136363636364,3901
120.7784090909091,3902
120.79545454545455,3903
120.8125,3904
120.82954545454545,3905
120.8465909090909,3906
120.86363636363636,3907
120.88068181818181,3908
120.89772727272727,3909
120.91477272727272,3910
120.93181818181819,3911
120.94886363636364,3912
120.9659090909091,3913
120.98295454545455,3914
121.0,3915
121.0375939849624,3916
121.07518796992481,3917
121.11278195488721,3918
121.15037593984962,3919
121.18796992481202,3920
121.22556390977444,3921
121.26315789473684,3922
121.30075187969925,3923
121.33834586466165,3924
121.37593984962406,3925
121.41353383458646,3926
121.45112781954887,3927
121.48872180451127,3928
121.52631578947368,3929
121.56390977443608,3930
121.6015037593985,3931
121.6390977443609,3932
121.67669172932331,3933
121.71428571428571,3934
121.75187969924812,3935
121.78947368421052,3936
121.82706766917293,3937
121.86466165413533,3938
121.90225563909775,3939
121.93984962406014,3940
121.97744360902256,3941
122.01503759398496,3942
122.05263157894737,3943
122.09022556390977,3944
122.12781954887218,3945
122.16541353383458,3946
122.203007518797,3947
122.2406015037594,3948
122.2781954887218,3949
122.3157894736842,3950
122.35338345864662,3951
122.39097744360902,3952
122.42857142857143,3953
122.46616541353383,3954
122.50375939849624,3955
122.54135338345864,3956
122.57894736842105,3957
122.61654135338345,3958
122.65413533834587,3959
122.69172932330827,3960
122.72932330827068,3961
122.76691729323308,3962
122.80451127819549,3963
122.84210526315789,3964
122.8796992481203,3965
122.9172932330827,3966
122.95488721804512,3967
122.99248120300751,3968
123.03007518796993,3969
123.06766917293233,3970
123.10526315789474,3971
123.14285714285714,3972
123.18045112781955,3973
123.21804511278195,3974
123.25563909774436,3975
123.29323308270676,3976
123.33082706766918,3977
123.36842105263158,3978
123.40601503759399,3979
123.44360902255639,3980
123.4812030075188,3981
123.5187969924812,3982
123.55639097744361,3983
123.59398496240601,3984
123.63157894736842,3985
123.66917293233082,3986
123.70676691729324,3987
123.74436090225564,3988
123.78195488721805,3989
123.81954887218045,3990
123.85714285714286,3991
123.89473684210526,3992
123.93233082706767,3993
123.96992481203007,3994
124.00751879699249,3995
124.04511278195488,3996
124.0827067669173,3997
124.1203007518797,3998
124.15789473684211,3999
124.19548872180451,4000
124.23308270676692,4001
124.27067669172932,4002
124.30827067669173,4003
124.34586466165413,4004
124.38345864661655,4005
124.42105263157895,4006
124.45864661654136,4007
124.49624060150376,4008
124.53383458646617,4009
124.57142857142857,4010
124.60902255639098,4011
124.64661654135338,4012
124.6842105263158,4013
124.7218045112782,4014
124.7593984962406,4015
124.796992481203,4016
124.83458646616542,4017
124.87218045112782,4018
124.90977443609023,4019
124.94736842105263,4020
124.98496240601504,4021
125.02255639097744,4022
125.06015037593986,4023
125.09774436090225,4024
125.13533834586467,4025
125.17293233082707,4026
125.21052631578948,4027
125.24812030075188,4028
125.28571428571429,4029
125.32330827067669,4030
125.3609022556391,4031
125.3984962406015,4032
125.43609022556392,4033
125.47368421052632,4034
125.51127819548873,4035
125.54887218045113,4036
125.58646616541353,4037
125.62406015037594,4038
125.66165413533835,4039
125.69924812030075,4040
125.73684210526315,4041
125.77443609022556,4042
125.81203007518798,4043
125.84962406015038,4044
125.88721804511277,4045
125.92481203007519,4046
125.9624060150376,4047
126.0,4048
126.0375939849624,4049
126.07518796992481,4050
126.11278195488723,4051
126.15037593984962,4052
126.18796992481202,4053
126.22556390977444,4054
126.26315789473684,4055
126.30075187969925,4056
126.33834586466165,4057
126.37593984962406,4058
126.41353383458646,4059
126.45112781954887,4060
126.48872180451127,4061
126.52631578947368,4062
126.56390977443608,4063
126.6015037593985,4064
126.6390977443609,4065
126.67669172932331,4066
126.71428571428571,4067
126.75187969924812,4068
126.78947368421052,4069
126.82706766917293,4070
126.86466165413533,4071
126.90225563909775,4072
126.93984962406014,4073
126.97744360902256,4074
127.01503759398496,4075
127.05263157894737,4076
127.09022556390977,4077
127.12781954887218,4078
127.16541353383458,4079
127.203007518797,4080
127.2406015037594,4081
127.2781954887218,4082
127.3157894736842,4083
127.35338345864662,4084
127.39097744360902,4085
127.42857142857143,4086
127.46616541353383,4087
127.50375939849624,4088
127.54135338345864,4089
127.57894736842105,4090
127.61654135338345,4091
127.65413533834587,4092
127.69172932330827,4093
127.72932330827068,4094
127.76691729323308,4095
127.80451127819549,4096
127.84210526315789,4097
127.8796992481203,4098
127.9172932330827,4099
127.95488721804512,4100
127.99248120300751,4101
128.0300751879699,4102
128.06766917293234,4103
128.10526315789474,4104
128.14285714285714,4105
128.18045112781954,4106
128.21804511278197,4107
128.25563909774436,4108
128.29323308270676,4109
128.33082706766916,4110
128.3684210526316,4111
128.406015037594,4112
128.4436090225564,4113
128.4812030075188,4114
128.5187969924812,4115
128.5563909774436,4116
128.593984962406,4117
128.6315789473684,4118
128.66917293233084,4119
128.70676691729324,4120
128.74436090225564,4121
128.78195488721803,4122
128.81954887218046,4123
128.85714285714286,4124
128.89473684210526,4125
128.93233082706766,4126
128.9699248120301,4127
129.00751879699249,4128
129.04511278195488,4129
129.08270676691728,4130
129.1203007518797,4131
129.1578947368421,4132
129.1954887218045,4133
129.2330827067669,4134
129.27067669172934,4135
129.30827067669173,4136
129.34586466165413,4137
129.38345864661653,4138
129.42105263157896,4139
129.45864661654136,4140
129.49624060150376,4141
129.53383458646616,4142
129.57142857142858,4143
129.60902255639098,4144
129.64661654135338,4145
129.68421052631578,4146
129.7218045112782,4147
129.7593984962406,4148
129.796992481203,4149
129.8345864661654,4150
129.87218045112783,4151
129.90977443609023,4152
129.94736842105263,4153
129.98496240601503,4154
130.02255639097746,4155
130.06015037593986,4156
130.09774436090225,4157
130.13533834586465,4158
130.17293233082705,4159
130.21052631578948,4160
130.24812030075188,4161
130.28571428571428,4162
130.3233082706767,4163
130.3609022556391,4164
130.3984962406015,4165
130.4360902255639,4166
130.4736842105263,4167
130.51127819548873,4168
130.54887218045113,4169
130.58646616541353,4170
130.62406015037595,4171
130.66165413533835,4172
130.69924812030075,4173
130.73684210526315,4174
130.77443609022555,4175
130.81203007518798,4176
130.84962406015038,4177
130.88721804511277,4178
130.9248120300752,4179
130.9624060150376,4180
131.0,4181
131.03754266211604,4182
131.07508532423208,4183
131.11262798634812,4184
131.15017064846415,4185
131.1877133105802,4186
131.22525597269623,4187
131.2627986348123,4188
131.30034129692834,4189
131.33788395904438,4190
131.37542662116041,4191
131.41296928327645,4192
131.4505119453925,4193
131.48805460750853,4194
131.52559726962457,4195
131.5631399317406,4196
131.60068259385665,4197
131.63822525597269,4198
131.67576791808872,4199
131.7133105802048,4200
131.75085324232083,4201
131.78839590443687,4202
131.8259385665529,4203
131.86348122866895,4204
131.90102389078498,4205
131.93856655290102,4206
131.97610921501706,4207
132.0136518771331,4208
132.05119453924914,4209
132.08873720136518,4210
132.12627986348122,4211
132.16382252559728,4212
132.20136518771332,4213
132.23890784982936,4214
132.2764505119454,4215
132.31399317406144,4216
132.35153583617748,4217
132.38907849829351,4218
132.42662116040955,4219
132.4641638225256,4220
132.50170648464163,4221
132.53924914675767,4222
132.5767918088737,4223
132.61433447098977,4224
132.6518771331058,4225
132.68941979522185,4226
132.7269624573379,4227
132.76450511945393,4228
132.80204778156997,4229
132.839590443686,4230
132.87713310580205,4231
132.91467576791808,4232
132.95221843003412,4233
132.98976109215016,4234
133.0273037542662,4235
133.06484641638227,4236
133.1023890784983,4237
133.13993174061434,4238
133.17747440273038,4239
133.21501706484642,4240
133.25255972696246,4241
133.2901023890785,4242
133.32764505119454,4243
133.36518771331058,4244
133.40273037542661,4245
133.44027303754265,4246
133.4778156996587,4247
133.51535836177476,4248
133.5529010238908,4249
133.59044368600684,4250
133.62798634812287,4251
133.6655290102389,4252
133.70307167235495,4253
133.740614334471,4254
133.77815699658703,4255
133.81569965870307,4256
133.8532423208191,4257
133.89078498293514,4258
133.92832764505118,4259
133.96587030716722,4260
134.0034129692833,4261
134.04095563139933,4262
134.07849829351537,4263
134.1160409556314,4264
134.15358361774744,4265
134.19112627986348,4266
134.22866894197952,4267
134.26621160409556,4268
134.3037542662116,4269
134.34129692832764,4270
134.37883959044368,4271
134.4163822525597,4272
134.45392491467578,4273
134.49146757679182,4274
134.52901023890786,4275
134.5665529010239,4276
134.60409556313994,4277
134.64163822525597,4278
134.679180887372,4279
134.71672354948805,4280
134.7542662116041,4281
134.79180887372013,4282
134.82935153583617,4283
134.8668941979522,4284
134.90443686006827,4285
134.9419795221843,4286
134.97952218430035,4287
135.0170648464164,4288
135.05460750853243,4289
135.09215017064847,4290
135.1296928327645,4291
135.16723549488054,4292
135.20477815699658,4293
135.24232081911262,4294
135.27986348122866,4295
135.3174061433447,4296
135.35494880546077,4297
135.3924914675768,4298
135.43003412969284,4299
135.46757679180888,4300
135.50511945392492,4301
135.54266211604096,4302
135.580204778157,4303
135.61774744027304,4304
135.65529010238907,4305
135.6928327645051,4306
135.73037542662115,4307
135.7679180887372,4308
135.80546075085323,4309
135.8430034129693,4310
135.88054607508533,4311
135.91808873720137,4312
135.9556313993174,4313
135.99317406143345,4314
136.0307167235495,4315
136.06825938566553,4316
136.10580204778157,4317
136.1433447098976,4318
136.18088737201364,4319
136.21843003412968,4320
136.25597269624575,4321
136.2935153583618,4322
136.33105802047783,4323
136.36860068259386,4324
136.4061433447099,4325
136.44368600682594,4326
136.48122866894198,4327
136.51877133105802,4328
136.55631399317406,4329
136.5938566552901,4330
136.63139931740614,4331
136.66894197952217,4332
136.7064846416382,4333
136.74402730375428,4334
136.78156996587032,4335
136.81911262798636,4336
136.8566552901024,4337
136.89419795221843,4338
136.93174061433447,4339
136.9692832764505,4340
137.00682593856655,4341
137.0443686006826,4342
137.08191126279863,4343
137.11945392491467,4344
137.1569965870307,4345
137.19453924914677,4346
137.2320819112628,4347
137.26962457337885,4348
137.3071672354949,4349
137.34470989761093,4350
137.38225255972696,4351
137.419795221843,4352
137.45733788395904,4353
137.49488054607508,4354
137.53242320819112,4355
137.56996587030716,4356
137.6075085324232,4357
137.64505119453926,4358
137.6825938566553,4359
137.72013651877134,4360
137.75767918088738,4361
137.79522184300342,4362
137.83276450511946,4363
137.8703071672355,4364
137.90784982935153,4365
137.94539249146757,4366
137.9829351535836,4367
138.02047781569965,4368
138.0580204778157,4369
138.09556313993176,4370
138.1331058020478,4371
138.17064846416383,4372
138.20819112627987,4373
138.2457337883959,4374
138.28327645051195,4375
138.320819112628,4376
138.35836177474403,4377
138.39590443686006,4378
138.4334470989761,4379
138.47098976109214,4380
138.50853242320818,4381
138.54607508532422,4382
138.5836177474403,4383
138.62116040955632,4384
138.65870307167236,4385
138.6962457337884,4386
138.73378839590444,4387
138.77133105802048,4388
138.80887372013652,4389
138.84641638225256,4390
138.8839590443686,4391
138.92150170648463,4392
138.95904436860067,4393
138.9965870307167,4394
139.03412969283278,4395
139.07167235494882,4396
139.10921501706486,4397
139.1467576791809,4398
139.18430034129693,4399
139.22184300341297,4400
139.259385665529,4401
139.29692832764505,4402
139.3344709897611,4403
139.37201365187713,4404
139.40955631399316,4405
139.4470989761092,4406
139.48464163822527,4407
139.5221843003413,4408
139.55972696245735,4409
139.59726962457339,4410
139.63481228668942,4411
139.67235494880546,4412
139.7098976109215,4413
139.74744027303754,4414
139.78498293515358,4415
139.82252559726962,4416
139.86006825938566,4417
139.8976109215017,4418
139.93515358361776,4419
139.9726962457338,4420
140.01023890784984,4421
140.04778156996588,4422
140.08532423208192,4423
140.12286689419795,4424
140.160409556314,4425
140.19795221843003,4426
140.23549488054607,4427
140.2730375426621,4428
140.31058020477815,4429
140.3481228668942,4430
140.38566552901023,4431
140.4232081911263,4432
140.46075085324233,4433
140.49829351535837,4434
140.5358361774744,4435
140.57337883959045,4436
140.61092150170649,4437
140.64846416382252,4438
140.68600682593856,4439
140.7235494880546,4440
140.76109215017064,4441
140.79863481228668,4442
140.83617747440275,4443
140.87372013651878,4444
140.91126279863482,4445
140.94880546075086,4446
140.9863481228669,4447
141.02389078498294,4448
141.06143344709898,4449
141.09897610921502,4450
141.13651877133105,4451
141.1740614334471,4452
141.21160409556313,4453
141.24914675767917,4454
141.2866894197952,4455
141.32423208191128,4456
141.36177474402731,4457
141.39931740614335,4458
141.4368600682594,4459
141.47440273037543,4460
141.51194539249147,4461
141.5494880546075,4462
141.58703071672355,4463
141.62457337883959,4464
141.66211604095562,4465
141.69965870307166,4466
141.7372013651877,4467
141.77474402730377,4468
141.8122866894198,4469
141.84982935153585,4470
141.88737201365188,4471
141.92491467576792,4472
141.96245733788396,4473
142.0,4474
142.02010050251258,4475
142.04020100502512,4476
142.0603015075377,4477
142.08040201005025,4478
142.10050251256283,4479
142.12060301507537,4480
142.14070351758795,4481
142.1608040201005,4482
142.18090452261308,4483
142.20100502512562,4484
142.2211055276382,4485
142.24120603015075,4486
142.26130653266333,4487
142.28140703517587,4488
142.30150753768845,4489
142.321608040201,4490
142.34170854271358,4491
142.36180904522612,4492
142.3819095477387,4493
142.40201005025125,4494
142.42211055276383,4495
142.44221105527637,4496
142.46231155778895,4497
142.4824120603015,4498
142.50251256281408,4499
142.52261306532662,4500
142.5427135678392,4501
142.56281407035175,4502
142.58291457286433,4503
142.60301507537687,4504
142.62311557788945,4505
142.643216080402,4506
142.66331658291458,4507
142.68341708542712,4508
142.7035175879397,4509
142.72361809045225,4510
142.74371859296483,4511
142.76381909547737,4512
142.78391959798995,4513
142.80402010050253,4514
142.82412060301507,4515
142.84422110552765,4516
142.8643216080402,4517
142.88442211055278,4518
142.90452261306532,4519
142.9246231155779,4520
142.94472361809045,4521
142.96482412060303,4522
142.98492462311557,4523
143.00502512562815,4524
143.0251256281407,4525
143.04522613065328,4526
143.06532663316582,4527
143.0854271356784,4528
143.10552763819095,4529
143.12562814070353,4530
143.14572864321607,4531
143.16582914572865,4532
143.1859296482412,4533
143.20603015075378,4534
143.22613065326632,4535
143.2462311557789,4536
143.26633165829145,4537
143.28643216080403,4538
143.30653266331657,4539
143.32663316582915,4540
143.3467336683417,4541
143.36683417085428,4542
143.38693467336682,4543
143.4070351758794,4544
143.42713567839195,4545
143.44723618090453,4546
143.46733668341707,4547
143.48743718592965,4548
143.5075376884422,4549
143.52763819095478,4550
143.54773869346732,4551
143.5678391959799,4552
143.58793969849245,4553
143.60804020100502,4554
143.6281407035176,4555
143.64824120603015,4556
143.66834170854273,4557
143.68844221105527,4558
143.70854271356785,4559
143.7286432160804,4560
143.74874371859298,4561
143.76884422110552,4562
143.7889447236181,4563
143.80904522613065,4564
143.82914572864323,4565
143.84924623115577,4566
143.86934673366835,4567
143.8894472361809,4568
143.90954773869348,4569
143.92964824120602,4570
143.9497487437186,4571
143.96984924623115,4572
143.98994974874373,4573
144.01005025125627,4574
144.03015075376885,4575
144.0502512562814,4576
144.07035175879398,4577
144.09045226130652,4578
144.1105527638191,4579
144.13065326633165,4580
144.15075376884423,4581
144.17085427135677,4582
144.19095477386935,4583
144.2110552763819,4584
144.23115577889448,4585
144.25125628140702,4586
144.2713567839196,4587
144.29145728643215,4588
144.31155778894473,4589
144.33165829145727,4590
144.35175879396985,4591
144.3718592964824,4592
144.39195979899498,4593
144.41206030150755,4594
144.4321608040201,4595
144.45226130653268,4596
144.47236180904522,4597
144.4924623115578,4598
144.51256281407035,4599
144.53266331658293,4600
144.55276381909547,4601
144.57286432160805,4602
144.5929648241206,4603
144.61306532663318,4604
144.63316582914572,4605
144.6532663316583,4606
144.67336683417085,4607
144.69346733668343,4608
144.71356783919597,4609
144.73366834170855,4610
144.7537688442211,4611
144.77386934673368,4612
144.79396984924622,4613
144.8140703517588,4614
144.83417085427135,4615
144.85427135678393,4616
144.87437185929647,4617
144.89447236180905,4618
144.9145728643216,4619
144.93467336683418,4620
144.95477386934672,4621
144.9748743718593,4622
144.99497487437185,4623
145.01507537688443,4624
145.03517587939697,4625
145.05527638190955,4626
145.0753768844221,4627
145.09547738693468,4628
145.11557788944722,4629
145.1356783919598,4630
145.15577889447235,4631
145.17587939698493,4632
145.1959798994975,4633
145.21608040201005,4634
145.23618090452263,4635
145.25628140703517,4636
145.27638190954775,4637
145.2964824120603,4638
145.31658291457288,4639
145.33668341708542,4640
145.356783919598,4641
145.37688442211055,4642
145.39698492462313,4643
145.41708542713567,4644
145.43718592964825,4645
145.4572864321608,4646
145.47738693467338,4647
145.49748743718592,4648
145.5175879396985,4649
145.53768844221105,4650
145.55778894472363,4651
145.57788944723617,4652
145.59798994974875,4653
145.6180904522613,4654
145.63819095477388,4655
145.65829145728642,4656
145.678391959799,4657
145.69849246231155,4658
145.71859296482413,4659
145.73869346733667,4660
145.75879396984925,4661
145.7788944723618,4662
145.79899497487438,4663
145.81909547738692,4664
145.8391959798995,4665
145.85929648241205,4666
145.87939698492463,4667
145.89949748743717,4668
145.91959798994975,4669
145.9396984924623,4670
145.95979899497488,4671
145.97989949748742,4672
146.0,4673
146.02010050251255,4674
146.04020100502512,4675
146.0603015075377,4676
146.08040201005025,4677
146.10050251256283,4678
146.12060301507537,4679
146.14070351758795,4680
146.1608040201005,4681
146.18090452261308,4682
146.20100502512562,4683
146.2211055276382,4684
146.24120603015075,4685
146.26130653266333,4686
146.28140703517587,4687
146.30150753768845,4688
146.321608040201,4689
146.34170854271358,4690
146.36180904522612,4691
146.3819095477387,4692
146.40201005025125,4693
146.42211055276383,4694
146.44221105527637,4695
146.46231155778895,4696
146.4824120603015,4697
146.50251256281408,4698
146.52261306532662,4699
146.5427135678392,4700
146.56281407035175,4701
146.58291457286433,4702
146.60301507537687,4703
146.62311557788945,4704
146.643216080402,4705
146.66331658291458,4706
146.68341708542712,4707
146.7035175879397,4708
146.72361809045225,4709
146.74371859296483,4710
146.76381909547737,4711
146.78391959798995,4712
146.8040201005025,4713
146.82412060301507,4714
146.84422110552765,4715
146.8643216080402,4716
146.88442211055278,4717
146.90452261306532,4718
146.9246231155779,4719
146.94472361809045,4720
146.96482412060303,4721
146.98492462311557,4722
147.00502512562815,4723
147.0251256281407,4724
147.04522613065328,4725
147.06532663316582,4726
147.0854271356784,4727
147.10552763819095,4728
147.12562814070353,4729
147.14572864321607,4730
147.16582914572865,4731
147.1859296482412,4732
147.20603015075378,4733
147.22613065326632,4734
147.2462311557789,4735
147.26633165829145,4736
147.28643216080403,4737
147.30653266331657,4738
147.32663316582915,4739
147.3467336683417,4740
147.36683417085428,4741
147.38693467336682,4742
147.4070351758794,4743
147.42713567839195,4744
147.44723618090453,4745
147.46733668341707,4746
147.48743718592965,4747
147.5075376884422,4748
147.52763819095478,4749
147.54773869346732,4750
147.5678391959799,4751
147.58793969849245,4752
147.60804020100502,4753
147.6281407035176,4754
147.64824120603015,4755
147.66834170854273,4756
147.68844221105527,4757
147.70854271356785,4758
147.7286432160804,4759
147.74874371859298,4760
147.76884422110552,4761
147.7889447236181,4762
147.80904522613065,4763
147.82914572864323,4764
147.84924623115577,4765
147.86934673366835,4766
147.8894472361809,4767
147.90954773869348,4768
147.92964824120602,4769
147.9497487437186,4770
147.96984924623115,4771
147.98994974874373,4772
148.01005025125627,4773
148.03015075376885,4774
148.0502512562814,4775
148.07035175879398,4776
148.09045226130652,4777
148.1105527638191,4778
148.13065326633165,4779
148.15075376884423,4780
148.17085427135677,4781
148.19095477386935,4782
148.2110552763819,4783
148.23115577889448,4784
148.25125628140702,4785
148.2713567839196,4786
148.29145728643215,4787
148.31155778894473,4788
148.33165829145727,4789
148.35175879396985,4790
148.3718592964824,4791
148.39195979899498,4792
148.41206030150755,4793
148.4321608040201,4794
148.45226130653268,4795
148.47236180904522,4796
148.4924623115578,4797
148.51256281407035,4798
148.53266331658293,4799
148.55276381909547,4800
148.57286432160805,4801
148.5929648241206,4802
148.61306532663318,4803
148.63316582914572,4804
148.6532663316583,4805
148.67336683417085,4806
148.69346733668343,4807
148.71356783919597,4808
148.73366834170855,4809
148.7537688442211,4810
148.77386934673368,4811
148.79396984924622,4812
148.8140703517588,4813
148.83417085427135,4814
148.85427135678393,4815
148.87437185929647,4816
148.89447236180905,4817
148.9145728643216,4818
148.93467336683418,4819
148.95477386934672,4820
148.9748743718593,4821
148.99497487437185,4822
149.01507537688443,4823
149.03517587939697,4824
149.05527638190955,4825
149.0753768844221,4826
149.09547738693468,4827
149.11557788944722,4828
149.1356783919598,4829
149.15577889447235,4830
149.17587939698493,4831
149.1959798994975,4832
149.21608040201005,4833
149.23618090452263,4834
149.25628140703517,4835
149.27638190954775,4836
149.2964824120603,4837
149.31658291457288,4838
149.33668341708542,4839
149.356783919598,4840
149.37688442211055,4841
149.39698492462313,4842
149.41708542713567,4843
149.43718592964825,4844
149.4572864321608,4845
149.47738693467338,4846
149.49748743718592,4847
149.5175879396985,4848
149.53768844221105,4849
149.55778894472363,4850
149.57788944723617,4851
149.59798994974875,4852
149.6180904522613,4853
149.63819095477388,4854
149.65829145728642,4855
149.678391959799,4856
149.69849246231155,4857
149.71859296482413,4858
149.73869346733667,4859
149.75879396984925,4860
149.7788944723618,4861
149.79899497487438,4862
149.81909547738692,4863
149.8391959798995,4864
149.85929648241205,4865
149.87939698492463,4866
149.89949748743717,4867
149.91959798994975,4868
149.9396984924623,4869
149.95979899497488,4870
149.97989949748745,4871
150.0,4872
150.02010050251255,4873
150.04020100502512,4874
150.0603015075377,4875
150.08040201005025,4876
150.10050251256283,4877
150.12060301507537,4878
150.14070351758795,4879
150.1608040201005,4880
150.18090452261308,4881
150.20100502512562,4882
150.2211055276382,4883
150.24120603015075,4884
150.26130653266333,4885
150.28140703517587,4886
150.30150753768845,4887
150.321608040201,4888
150.34170854271358,4889
150.36180904522612,4890
150.3819095477387,4891
150.40201005025125,4892
150.42211055276383,4893
150.44221105527637,4894
150.46231155778895,4895
150.4824120603015,4896
150.50251256281408,4897
150.52261306532662,4898
150.5427135678392,4899
150.56281407035175,4900
150.58291457286433,4901
150.60301507537687,4902
150.62311557788945,4903
150.643216080402,4904
150.66331658291458,4905
150.68341708542712,4906
150.7035175879397,4907
150.72361809045225,4908
150.74371859296483,4909
150.7638190954774,4910
150.78391959798995,4911
150.8040201005025,4912
150.82412060301507,4913
150.84422110552765,4914
150.8643216080402,4915
150.88442211055278,4916
150.90452261306532,4917
150.9246231155779,4918
150.94472361809045,4919
150.96482412060303,4920
150.98492462311557,4921
151.00502512562815,4922
151.0251256281407,4923
151.04522613065328,4924
151.06532663316582,4925
151.0854271356784,4926
151.10552763819095,4927
151.12562814070353,4928
151.14572864321607,4929
151.16582914572865,4930
151.1859296482412,4931
151.20603015075378,4932
151.22613065326632,4933
151.2462311557789,4934
151.26633165829145,4935
151.28643216080403,4936
151.30653266331657,4937
151.32663316582915,4938
151.3467336683417,4939
151.36683417085428,4940
151.38693467336682,4941
151.4070351758794,4942
151.42713567839195,4943
151.44723618090453,4944
151.46733668341707,4945
151.48743718592965,4946
151.5075376884422,4947
151.52763819095478,4948
151.54773869346735,4949
151.5678391959799,4950
151.58793969849245,4951
151.60804020100502,4952
151.6281407035176,4953
151.64824120603015,4954
151.66834170854273,4955
151.68844221105527,4956
151.70854271356785,4957
151.7286432160804,4958
151.74874371859298,4959
151.76884422110552,4960
151.7889447236181,4961
151.80904522613065,4962
151.82914572864323,4963
151.84924623115577,4964
151.86934673366835,4965
151.8894472361809,4966
151.90954773869348,4967
151.92964824120602,4968
151.9497487437186,4969
151.96984924623115,4970
151.98994974874373,4971
152.01005025125627,4972
152.03015075376885,4973
152.0502512562814,4974
152.07035175879398,4975
152.09045226130652,4976
152.1105527638191,4977
152.13065326633165,4978
152.15075376884423,4979
152.17085427135677,4980
152.19095477386935,4981
152.2110552763819,4982
152.23115577889448,4983
152.25125628140702,4984
152.2713567839196,4985
152.29145728643215,4986
152.31155778894473,4987
152.33165829145727,4988
152.35175879396985,4989
152.3718592964824,4990
152.39195979899498,4991
152.41206030150755,4992
152.4321608040201,4993
152.45226130653268,4994
152.47236180904522,4995
152.4924623115578,4996
152.51256281407035,4997
152.53266331658293,4998
152.55276381909547,4999
152.57286432160805,5000
152.5929648241206,5001
152.61306532663318,5002
152.63316582914572,5003
152.6532663316583,5004
152.67336683417085,5005
152.69346733668343,5006
152.71356783919597,5007
152.73366834170855,5008
152.7537688442211,5009
152.77386934673368,5010
152.79396984924622,5011
152.8140703517588,5012
152.83417085427135,5013
152.85427135678393,5014
152.87437185929647,5015
152.89447236180905,5016
152.9145728643216,5017
152.93467336683418,5018
152.95477386934672,5019
152.9748743718593,5020
152.99497487437185,5021
153.01507537688443,5022
153.03517587939697,5023
153.05527638190955,5024
153.0753768844221,5025
153.09547738693468,5026
153.11557788944722,5027
153.1356783919598,5028
153.15577889447235,5029
153.17587939698493,5030
153.1959798994975,5031
153.21608040201005,5032
153.2361809045226,5033
153.25628140703517,5034
153.27638190954775,5035
153.2964824120603,5036
153.31658291457288,5037
153.33668341708542,5038
153.356783919598,5039
153.37688442211055,5040
153.39698492462313,5041
153.41708542713567,5042
153.43718592964825,5043
153.4572864321608,5044
153.47738693467338,5045
153.49748743718592,5046
153.5175879396985,5047
153.53768844221105,5048
153.55778894472363,5049
153.57788944723617,5050
153.59798994974875,5051
153.6180904522613,5052
153.63819095477388,5053
153.65829145728642,5054
153.678391959799,5055
153.69849246231155,5056
153.71859296482413,5057
153.73869346733667,5058
153.75879396984925,5059
153.7788944723618,5060
153.79899497487438,5061
153.81909547738692,5062
153.8391959798995,5063
153.85929648241205,5064
153.87939698492463,5065
153.89949748743717,5066
153.91959798994975,5067
153.9396984924623,5068
153.95979899497488,5069
153.97989949748745,5070
154.0,5071
154.03172043010753,5072
154.06344086021505,5073
154.09516129032258,5074
154.1268817204301,5075
154.15860215053763,5076
154.19032258064516,5077
154.22204301075269,5078
154.2537634408602,5079
154.28548387096774,5080
154.31720430107526,5081
154.3489247311828,5082
154.38064516129032,5083
154.41236559139784,5084
154.44408602150537,5085
154.4758064516129,5086
154.50752688172042,5087
154.53924731182795,5088
154.57096774193548,5089
154.602688172043,5090
154.63440860215053,5091
154.66612903225806,5092
154.69784946236558,5093
154.7295698924731,5094
154.76129032258063,5095
154.79301075268816,5096
154.8247311827957,5097
154.85645161290321,5098
154.88817204301074,5099
154.91989247311827,5100
154.9516129032258,5101
154.98333333333335,5102
155.01505376344087,5103
155.0467741935484,5104
155.07849462365593,5105
155.11021505376345,5106
155.14193548387098,5107
155.1736559139785,5108
155.20537634408603,5109
155.23709677419356,5110
155.2688172043011,5111
155.3005376344086,5112
155.33225806451614,5113
155.36397849462367,5114
155.3956989247312,5115
155.42741935483872,5116
155.45913978494625,5117
155.49086021505377,5118
155.5225806451613,5119
155.55430107526882,5120
155.58602150537635,5121
155.61774193548388,5122
155.6494623655914,5123
155.68118279569893,5124
155.71290322580646,5125
155.74462365591398,5126
155.7763440860215,5127
155.80806451612904,5128
155.83978494623656,5129
155.8715053763441,5130
155.90322580645162,5131
155.93494623655914,5132
155.96666666666667,5133
155.9983870967742,5134
156.03010752688172,5135
156.06182795698925,5136
156.09354838709677,5137
156.1252688172043,5138
156.15698924731183,5139
156.18870967741935,5140
156.22043010752688,5141
156.2521505376344,5142
156.28387096774193,5143
156.31559139784946,5144
156.347311827957,5145
156.3790322580645,5146
156.41075268817204,5147
156.44247311827957,5148
156.4741935483871,5149
156.50591397849462,5150
156.53763440860214,5151
156.56935483870967,5152
156.6010752688172,5153
156.63279569892472,5154
156.66451612903225,5155
156.69623655913978,5156
156.7279569892473,5157
156.75967741935483,5158
156.79139784946236,5159
156.82311827956988,5160
156.8548387096774,5161
156.88655913978494,5162
156.91827956989246,5163
156.95,5164
156.98172043010754,5165
157.01344086021507,5166
157.0451612903226,5167
157.07688172043012,5168
157.10860215053765,5169
157.14032258064518,5170
157.1720430107527,5171
157.20376344086023,5172
157.23548387096776,5173
157.26720430107528,5174
157.2989247311828,5175
157.33064516129033,5176
157.36236559139786,5177
157.3940860215054,5178
157.4258064516129,5179
157.45752688172044,5180
157.48924731182797,5181
157.5209677419355,5182
157.55268817204302,5183
157.58440860215055,5184
157.61612903225807,5185
157.6478494623656,5186
157.67956989247313,5187
157.71129032258065,5188
157.74301075268818,5189
157.7747311827957,5190
157.80645161290323,5191
157.83817204301076,5192
157.86989247311828,5193
157.9016129032258,5194
157.93333333333334,5195
157.96505376344086,5196
157.9967741935484,5197
158.02849462365592,5198
158.06021505376344,5199
158.09193548387097,5200
158.1236559139785,5201
158.15537634408602,5202
158.18709677419355,5203
158.21881720430108,5204
158.2505376344086,5205
158.28225806451613,5206
158.31397849462365,5207
158.34569892473118,5208
158.3774193548387,5209
158.40913978494623,5210
158.44086021505376,5211
158.4725806451613,5212
158.5043010752688,5213
158.53602150537634,5214
158.56774193548387,5215
158.5994623655914,5216
158.63118279569892,5217
158.66290322580645,5218
158.69462365591397,5219
158.7263440860215,5220
158.75806451612902,5221
158.78978494623655,5222
158.82150537634408,5223
158.8532258064516,5224
158.88494623655913,5225
158.91666666666669,5226
158.94838709677418,5227
158.98010752688174,5228
159.01182795698926,5229
159.0435483870968,5230
159.07526881720432,5231
159.10698924731184,5232
159.13870967741937,5233
159.1704301075269,5234
159.20215053763442,5235
159.23387096774195,5236
159.26559139784948,5237
159.297311827957,5238
159.32903225806453,5239
159.36075268817206,5240
159.39247311827958,5241
159.4241935483871,5242
159.45591397849464,5243
159.48763440860216,5244
159.5193548387097,5245
159.55107526881721,5246
159.58279569892474,5247
159.61451612903227,5248
159.6462365591398,5249
159.67795698924732,5250
159.70967741935485,5251
159.74139784946237,5252
159.7731182795699,5253
159.80483870967743,5254
159.83655913978495,5255
159.86827956989248,5256
159.9,5257
159.93172043010753,5258
159.96344086021506,5259
159.99516129032259,5260
160.0268817204301,5261
160.05860215053764,5262
160.09032258064516,5263
160.1220430107527,5264
160.15376344086022,5265
160.18548387096774,5266
160.21720430107527,5267
160.2489247311828,5268
160.28064516129032,5269
160.31236559139785,5270
160.34408602150538,5271
160.3758064516129,5272
160.40752688172043,5273
160.43924731182796,5274
160.47096774193548,5275
160.502688172043,5276
160.53440860215053,5277
160.56612903225806,5278
160.5978494623656,5279
160.6295698924731,5280
160.66129032258064,5281
160.69301075268817,5282
160.7247311827957,5283
160.75645161290322,5284
160.78817204301075,5285
160.81989247311827,5286
160.8516129032258,5287
160.88333333333333,5288
160.91505376344088,5289
160.9467741935484,5290
160.97849462365593,5291
161.01021505376346,5292
161.041935483871,5293
161.0736559139785,5294
161.10537634408604,5295
161.13709677419357,5296
161.1688172043011,5297
161.20053763440862,5298
161.23225806451615,5299
161.26397849462367,5300
161.2956989247312,5301
161.32741935483872,5302
161.35913978494625,5303
161.39086021505378,5304
161.4225806451613,5305
161.45430107526883,5306
161.48602150537636,5307
161.51774193548388,5308
161.5494623655914,5309
161.58118279569894,5310
161.61290322580646,5311
161.644623655914,5312
161.67634408602152,5313
161.70806451612904,5314
161.73978494623657,5315
161.7715053763441,5316
161.80322580645162,5317
161.83494623655915,5318
161.86666666666667,5319
161.8983870967742,5320
161.93010752688173,5321
161.96182795698925,5322
161.99354838709678,5323
162.0252688172043,5324
162.05698924731183,5325
162.08870967741936,5326
162.1204301075269,5327
162.1521505376344,5328
162.18387096774194,5329
162.21559139784947,5330
162.247311827957,5331
162.27903225806452,5332
162.31075268817204,5333
162.34247311827957,5334
162.3741935483871,5335
162.40591397849462,5336
162.43763440860215,5337
162.46935483870968,5338
162.5010752688172,5339
162.53279569892473,5340
162.56451612903226,5341
162.59623655913978,5342
162.6279569892473,5343
162.65967741935484,5344
162.69139784946236,5345
162.7231182795699,5346
162.75483870967741,5347
162.78655913978494,5348
162.81827956989247,5349
162.85000000000002,5350
162.88172043010752,5351
162.91344086021508,5352
162.9451612903226,5353
162.97688172043013,5354
163.00860215053766,5355
163.04032258064518,5356
163.0720430107527,5357
163.10376344086023,5358
163.13548387096776,5359
163.1672043010753,5360
163.1989247311828,5361
163.23064516129034,5362
163.26236559139787,5363
163.2940860215054,5364
163.32580645161292,5365
163.35752688172045,5366
163.38924731182797,5367
163.4209677419355,5368
163.45268817204303,5369
163.48440860215055,5370
163.51612903225808,5371
163.5478494623656,5372
163.57956989247313,5373
163.61129032258066,5374
163.64301075268818,5375
163.6747311827957,5376
163.70645161290324,5377
163.73817204301076,5378
163.7698924731183,5379
163.80161290322582,5380
163.83333333333334,5381
163.86505376344087,5382
163.8967741935484,5383
163.92849462365592,5384
163.96021505376345,5385
163.99193548387098,5386
164.0236559139785,5387
164.05537634408603,5388
164.08709677419355,5389
164.11881720430108,5390
164.1505376344086,5391
164.18225806451613,5392
164.21397849462366,5393
164.2456989247312,5394
164.2774193548387,5395
164.30913978494624,5396
164.34086021505377,5397
164.3725806451613,5398
164.40430107526882,5399
164.43602150537635,5400
164.46774193548387,5401
164.4994623655914,5402
164.53118279569892,5403
164.56290322580645,5404
164.59462365591398,5405
164.6263440860215,5406
164.65806451612903,5407
164.68978494623656,5408
164.72150537634408,5409
164.7532258064516,5410
164.78494623655916,5411
164.81666666666666,5412
164.84838709677422,5413
164.88010752688172,5414
164.91182795698927,5415
164.9435483870968,5416
164.97526881720432,5417
165.00698924731185,5418
165.03870967741938,5419
165.0704301075269,5420
165.10215053763443,5421
165.13387096774196,5422
165.16559139784948,5423
165.197311827957,5424
165.22903225806454,5425
165.26075268817206,5426
165.2924731182796,5427
165.32419354838711,5428
165.35591397849464,5429
165.38763440860217,5430
165.4193548387097,5431
165.45107526881722,5432
165.48279569892475,5433
165.51451612903227,5434
165.5462365591398,5435
165.57795698924733,5436
165.60967741935485,5437
165.64139784946238,5438
165.6731182795699,5439
165.70483870967743,5440
165.73655913978496,5441
165.76827956989248,5442
165.8,5443
165.81709923664124,5444
165.83419847328244,5445
165.85129770992367,5446
165.8683969465649,5447
165.88549618320613,5448
165.90259541984733,5449
165.91969465648856,5450
165.9367938931298,5451
165.95389312977102,5452
165.97099236641222,5453
165.98809160305345,5454
166.00519083969468,5455
166.02229007633588,5456
166.0393893129771,5457
166.05648854961834,5458
166.07358778625957,5459
166.09068702290077,5460
166.107786259542,5461
166.12488549618323,5462
166.14198473282443,5463
166.15908396946566,5464
166.17618320610688,5465
166.1932824427481,5466
166.21038167938931,5467
166.22748091603054,5468
166.24458015267177,5469
166.26167938931297,5470
166.2787786259542,5471
166.29587786259543,5472
166.31297709923666,5473
166.33007633587786,5474
166.3471755725191,5475
166.36427480916032,5476
166.38137404580155,5477
166.39847328244275,5478
166.41557251908398,5479
166.4326717557252,5480
166.4497709923664,5481
166.46687022900764,5482
166.48396946564887,5483
166.5010687022901,5484
166.5181679389313,5485
166.53526717557253,5486
166.55236641221376,5487
166.56946564885496,5488
166.5865648854962,5489
166.60366412213742,5490
166.62076335877865,5491
166.63786259541985,5492
166.65496183206108,5493
166.6720610687023,5494
166.68916030534353,5495
166.70625954198474,5496
166.72335877862596,5497
166.7404580152672,5498
166.7575572519084,5499
166.77465648854962,5500
166.79175572519085,5501
166.80885496183208,5502
166.82595419847328,5503
166.8430534351145,5504
166.86015267175574,5505
166.87725190839694,5506
166.89435114503817,5507
166.9114503816794,5508
166.92854961832063,5509
166.94564885496183,5510
166.96274809160306,5511
166.9798473282443,5512
166.99694656488552,5513
167.01404580152672,5514
167.03114503816795,5515
167.04824427480918,5516
167.06534351145038,5517
167.0824427480916,5518
167.09954198473284,5519
167.11664122137407,5520
167.13374045801527,5521
167.1508396946565,5522
167.16793893129773,5523
167.18503816793893,5524
167.20213740458016,5525
167.21923664122139,5526
167.23633587786262,5527
167.25343511450382,5528
167.27053435114505,5529
167.28763358778627,5530
167.3047328244275,5531
167.3218320610687,5532
167.33893129770993,5533
167.35603053435116,5534
167.37312977099236,5535
167.3902290076336,5536
167.40732824427482,5537
167.42442748091605,5538
167.44152671755725,5539
167.45862595419848,5540
167.4757251908397,5541
167.4928244274809,5542
167.50992366412214,5543
167.52702290076337,5544
167.5441221374046,5545
167.5612213740458,5546
167.57832061068703,5547
167.59541984732826,5548
167.6125190839695,5549
167.6296183206107,5550
167.64671755725192,5551
167.66381679389315,5552
167.68091603053435,5553
167.69801526717558,5554
167.7151145038168,5555
167.73221374045804,5556
167.74931297709924,5557
167.76641221374047,5558
167.7835114503817,5559
167.80061068702292,5560
167.81770992366413,5561
167.83480916030535,5562
167.85190839694658,5563
167.86900763358778,5564
167.886106870229,5565
167.90320610687024,5566
167.92030534351147,5567
167.93740458015267,5568
167.9545038167939,5569
167.97160305343513,5570
167.98870229007633,5571
168.00580152671756,5572
168.0229007633588,5573
168.04000000000002,5574
168.05709923664122,5575
168.07419847328245,5576
168.09129770992368,5577
168.10839694656488,5578
168.1254961832061,5579
168.14259541984734,5580
168.15969465648857,5581
168.17679389312977,5582
168.193893129771,5583
168.21099236641223,5584
168.22809160305346,5585
168.24519083969466,5586
168.2622900763359,5587
168.27938931297712,5588
168.29648854961832,5589
168.31358778625955,5590
168.33068702290078,5591
168.347786259542,5592
168.3648854961832,5593
168.38198473282444,5594
168.39908396946566,5595
168.41618320610687,5596
168.4332824427481,5597
168.45038167938932,5598
168.46748091603055,5599
168.48458015267175,5600
168.50167938931298,5601
168.5187786259542,5602
168.53587786259544,5603
168.55297709923664,5604
168.57007633587787,5605
168.5871755725191,5606
168.6042748091603,5607
168.62137404580153,5608
168.63847328244276,5609
168.655572519084,5610
168.6726717557252,5611
168.68977099236642,5612
168.70687022900765,5613
168.72396946564885,5614
168.74106870229008,5615
168.7581679389313,5616
168.77526717557254,5617
168.79236641221374,5618
168.80946564885497,5619
168.8265648854962,5620
168.84366412213743,5621
168.86076335877863,5622
168.87786259541986,5623
168.89496183206109,5624
168.9120610687023,5625
168.92916030534352,5626
168.94625954198474,5627
168.96335877862597,5628
168.98045801526717,5629
168.9975572519084,5630
169.01465648854963,5631
169.03175572519083,5632
169.04885496183206,5633
169.0659541984733,5634
169.08305343511452,5635
169.10015267175572,5636
169.11725190839695,5637
169.13435114503818,5638
169.1514503816794,5639
169.1685496183206,5640
169.18564885496184,5641
169.20274809160307,5642
169.21984732824427,5643
169.2369465648855,5644
169.25404580152673,5645
169.27114503816796,5646
169.28824427480916,5647
169.3053435114504,5648
169.32244274809162,5649
169.33954198473282,5650
169.35664122137405,5651
169.37374045801528,5652
169.3908396946565,5653
169.4079389312977,5654
169.42503816793894,5655
169.44213740458017,5656
169.4592366412214,5657
169.4763358778626,5658
169.49343511450382,5659
169.51053435114505,5660
169.52763358778626,5661
169.54473282442748,5662
169.5618320610687,5663
169.57893129770994,5664
169.59603053435114,5665
169.61312977099237,5666
169.6302290076336,5667
169.6473282442748,5668
169.66442748091603,5669
169.68152671755726,5670
169.6986259541985,5671
169.7157251908397,5672
169.73282442748092,5673
169.74992366412215,5674
169.76702290076338,5675
169.78412213740458,5676
169.8012213740458,5677
169.81832061068704,5678
169.83541984732824,5679
169.85251908396947,5680
169.8696183206107,5681
169.88671755725193,5682
169.90381679389313,5683
169.92091603053436,5684
169.9380152671756,5685
169.9551145038168,5686
169.97221374045802,5687
169.98931297709925,5688
170.00641221374048,5689
170.02351145038168,5690
170.0406106870229,5691
170.05770992366413,5692
170.07480916030536,5693
170.09190839694656,5694
170.1090076335878,5695
170.12610687022902,5696
170.14320610687022,5697
170.16030534351145,5698
170.17740458015268,5699
170.1945038167939,5700
170.2116030534351,5701
170.22870229007634,5702
170.24580152671757,5703
170.2629007633588,5704
170.28,5705
170.29709923664123,5706
170.31419847328246,5707
170.33129770992366,5708
170.3483969465649,5709
170.36549618320612,5710
170.38259541984735,5711
170.39969465648855,5712
170.41679389312978,5713
170.433893129771,5714
170.4509923664122,5715
170.46809160305344,5716
170.48519083969467,5717
170.5022900763359,5718
170.5193893129771,5719
170.53648854961833,5720
170.55358778625956,5721
170.57068702290076,5722
170.58778625954199,5723
170.60488549618321,5724
170.62198473282444,5725
170.63908396946564,5726
170.65618320610687,5727
170.6732824427481,5728
170.69038167938933,5729
170.70748091603053,5730
170.72458015267176,5731
170.741679389313,5732
170.7587786259542,5733
170.77587786259542,5734
170.79297709923665,5735
170.81007633587788,5736
170.82717557251908,5737
170.8442748091603,5738
170.86137404580154,5739
170.87847328244274,5740
170.89557251908397,5741
170.9126717557252,5742
170.92977099236643,5743
170.94687022900763,5744
170.96396946564886,5745
170.9810687022901,5746
170.99816793893132,5747
171.01526717557252,5748
171.03236641221375,5749
171.04946564885498,5750
171.06656488549618,5751
171.0836641221374,5752
171.10076335877864,5753
171.11786259541987,5754
171.13496183206107,5755
171.1520610687023,5756
171.16916030534352,5757
171.18625954198473,5758
171.20335877862595,5759
171.22045801526718,5760
171.2375572519084,5761
171.2546564885496,5762
171.27175572519084,5763
171.28885496183207,5764
171.3059541984733,5765
171.3230534351145,5766
171.34015267175573,5767
171.35725190839696,5768
171.37435114503816,5769
171.3914503816794,5770
171.40854961832062,5771
171.42564885496185,5772
171.44274809160305,5773
171.45984732824428,5774
171.4769465648855,5775
171.4940458015267,5776
171.51114503816794,5777
171.52824427480917,5778
171.5453435114504,5779
171.5624427480916,5780
171.57954198473283,5781
171.59664122137406,5782
171.6137404580153,5783
171.6308396946565,5784
171.64793893129772,5785
171.66503816793895,5786
171.68213740458015,5787
171.69923664122138,5788
171.7163358778626,5789
171.73343511450383,5790
171.75053435114503,5791
171.76763358778626,5792
171.7847328244275,5793
171.8018320610687,5794
171.81893129770992,5795
171.83603053435115,5796
171.85312977099238,5797
171.87022900763358,5798
171.8873282442748,5799
171.90442748091604,5800
171.92152671755727,5801
171.93862595419847,5802
171.9557251908397,5803
171.97282442748093,5804
171.98992366412213,5805
172.00702290076336,5806
172.0241221374046,5807
172.04122137404582,5808
172.05832061068702,5809
172.07541984732825,5810
172.09251908396948,5811
172.10961832061068,5812
172.1267175572519,5813
172.14381679389314,5814
172.16091603053437,5815
172.17801526717557,5816
172.1951145038168,5817
172.21221374045803,5818
172.22931297709926,5819
172.24641221374046,5820
172.26351145038169,5821
172.28061068702291,5822
172.29770992366412,5823
172.31480916030534,5824
172.33190839694657,5825
172.3490076335878,5826
172.366106870229,5827
172.38320610687023,5828
172.40030534351146,5829
172.41740458015266,5830
172.4345038167939,5831
172.45160305343512,5832
172.46870229007635,5833
172.48580152671755,5834
172.50290076335878,5835
172.52,5836
172.53709923664124,5837
172.55419847328244,5838
172.57129770992367,5839
172.5883969465649,5840
172.6054961832061,5841
172.62259541984733,5842
172.63969465648856,5843
172.6567938931298,5844
172.673893129771,5845
172.69099236641222,5846
172.70809160305345,5847
172.72519083969465,5848
172.74229007633588,5849
172.7593893129771,5850
172.77648854961834,5851
172.79358778625954,5852
172.81068702290077,5853
172.827786259542,5854
172.84488549618322,5855
172.86198473282442,5856
172.87908396946565,5857
172.89618320610688,5858
172.91328244274808,5859
172.9303816793893,5860
172.94748091603054,5861
172.96458015267177,5862
172.98167938931297,5863
172.9987786259542,5864
173.01587786259543,5865
173.03297709923663,5866
173.05007633587786,5867
173.0671755725191,5868
173.08427480916032,5869
173.10137404580152,5870
173.11847328244275,5871
173.13557251908398,5872
173.1526717557252,5873
173.1697709923664,5874
173.18687022900764,5875
173.20396946564887,5876
173.22106870229007,5877
173.2381679389313,5878
173.25526717557253,5879
173.27236641221376,5880
173.28946564885496,5881
173.3065648854962,5882
173.32366412213742,5883
173.34076335877862,5884
173.35786259541985,5885
173.37496183206108,5886
173.3920610687023,5887
173.4091603053435,5888
173.42625954198473,5889
173.44335877862596,5890
173.4604580152672,5891
173.4775572519084,5892
173.49465648854962,5893
173.51175572519085,5894
173.52885496183205,5895
173.54595419847328,5896
173.5630534351145,5897
173.58015267175574,5898
173.59725190839694,5899
173.61435114503817,5900
173.6314503816794,5901
173.6485496183206,5902
173.66564885496183,5903
173.68274809160306,5904
173.6998473282443,5905
173.7169465648855,5906
173.73404580152672,5907
173.75114503816795,5908
173.76824427480918,5909
173.78534351145038,5910
173.8024427480916,5911
173.81954198473284,5912
173.83664122137404,5913
173.85374045801527,5914
173.8708396946565,5915
173.88793893129773,5916
173.90503816793893,5917
173.92213740458016,5918
173.93923664122138,5919
173.9563358778626,5920
173.97343511450381,5921
173.99053435114504,5922
174.00763358778627,5923
174.02473282442747,5924
174.0418320610687,5925
174.05893129770993,5926
174.07603053435116,5927
174.09312977099236,5928
174.1102290076336,5929
174.12732824427482,5930
174.14442748091602,5931
174.16152671755725,5932
174.17862595419848,5933
174.1957251908397,5934
174.2128244274809,5935
174.22992366412214,5936
174.24702290076337,5937
174.26412213740457,5938
174.2812213740458,5939
174.29832061068703,5940
174.31541984732826,5941
174.33251908396946,5942
174.3496183206107,5943
174.36671755725192,5944
174.38381679389312,5945
174.40091603053435,5946
174.41801526717558,5947
174.4351145038168,5948
174.452213740458,5949
174.46931297709924,5950
174.48641221374046,5951
174.5035114503817,5952
174.5206106870229,5953
174.53770992366412,5954
174.55480916030535,5955
174.57190839694658,5956
174.58900763358778,5957
174.606106870229,5958
174.62320610687024,5959
174.64030534351144,5960
174.65740458015267,5961
174.6745038167939,5962
174.69160305343513,5963
174.70870229007633,5964
174.72580152671756,5965
174.7429007633588,5966
174.76,5967
174.77709923664122,5968
174.79419847328245,5969
174.81129770992368,5970
174.82839694656488,5971
174.8454961832061,5972
174.86259541984734,5973
174.87969465648854,5974
174.89679389312977,5975
174.913893129771,5976
174.93099236641223,5977
174.94809160305343,5978
174.96519083969466,5979
174.9822900763359,5980
174.9993893129771,5981
175.01648854961832,5982
175.03358778625955,5983
175.05068702290077,5984
175.06778625954198,5985
175.0848854961832,5986
175.10198473282443,5987
175.11908396946566,5988
175.13618320610686,5989
175.1532824427481,5990
175.17038167938932,5991
175.18748091603055,5992
175.20458015267175,5993
175.22167938931298,5994
175.2387786259542,5995
175.2558778625954,5996
175.27297709923664,5997
175.29007633587787,5998
175.3071755725191,5999
175.3242748091603,6000
175.34137404580153,6001
175.35847328244276,6002
175.37557251908396,6003
175.3926717557252,6004
175.40977099236642,6005
175.42687022900765,6006
175.44396946564885,6007
175.46106870229008,6008
175.4781679389313,6009
175.4952671755725,6010
175.51236641221374,6011
175.52946564885497,6012
175.5465648854962,6013
175.5636641221374,6014
175.58076335877863,6015
175.59786259541985,6016
175.61496183206106,6017
175.63206106870228,6018
175.6491603053435,6019
175.66625954198474,6020
175.68335877862594,6021
175.70045801526717,6022
175.7175572519084,6023
175.73465648854963,6024
175.75175572519083,6025
175.76885496183206,6026
175.7859541984733,6027
175.8030534351145,6028
175.82015267175572,6029
175.83725190839695,6030
175.85435114503818,6031
175.87145038167938,6032
175.8885496183206,6033
175.90564885496184,6034
175.92274809160307,6035
175.93984732824427,6036
175.9569465648855,6037
175.97404580152673,6038
175.99114503816793,6039
176.00824427480916,6040
176.0253435114504,6041
176.04244274809162,6042
176.05954198473282,6043
176.07664122137405,6044
176.09374045801528,6045
176.11083969465648,6046
176.1279389312977,6047
176.14503816793894,6048
176.16213740458016,6049
176.17923664122137,6050
176.1963358778626,6051
176.21343511450382,6052
176.23053435114502,6053
176.24763358778625,6054
176.26473282442748,6055
176.2818320610687,6056
176.2989312977099,6057
176.31603053435114,6058
176.33312977099237,6059
176.3502290076336,6060
176.3673282442748,6061
176.38442748091603,6062
176.40152671755726,6063
176.41862595419846,6064
176.4357251908397,6065
176.45282442748092,6066
176.46992366412215,6067
176.48702290076335,6068
176.50412213740458,6069
176.5212213740458,6070
176.53832061068704,6071
176.55541984732824,6072
176.57251908396947,6073
176.5896183206107,6074
176.6067175572519,6075
176.62381679389313,6076
176.64091603053436,6077
176.65801526717559,6078
176.6751145038168,6079
176.69221374045802,6080
176.70931297709924,6081
176.72641221374045,6082
176.74351145038167,6083
176.7606106870229,6084
176.77770992366413,6085
176.79480916030533,6086
176.81190839694656,6087
176.8290076335878,6088
176.846106870229,6089
176.86320610687022,6090
176.88030534351145,6091
176.89740458015268,6092
176.91450381679388,6093
176.9316030534351,6094
176.94870229007634,6095
176.96580152671757,6096
176.98290076335877,6097
177.0,6098
177.0109816971714,6099
177.02196339434275,6100
177.03294509151414,6101
177.04392678868552,6102
177.0549084858569,6103
177.06589018302827,6104
177.07687188019966,6105
177.08785357737105,6106
177.09883527454244,6107
177.1098169717138,6108
177.1207986688852,6109
177.13178036605657,6110
177.14276206322796,6111
177.15374376039932,6112
177.1647254575707,6113
177.1757071547421,6114
177.1866888519135,6115
177.19767054908485,6116
177.20865224625624,6117
177.21963394342762,6118
177.230615640599,6119
177.24159733777037,6120
177.25257903494176,6121
177.26356073211315,6122
177.27454242928454,6123
177.2855241264559,6124
177.29650582362729,6125
177.30748752079867,6126
177.31846921797006,6127
177.32945091514142,6128
177.3404326123128,6129
177.3514143094842,6130
177.3623960066556,6131
177.37337770382695,6132
177.38435940099833,6133
177.39534109816972,6134
177.4063227953411,6135
177.41730449251247,6136
177.42828618968386,6137
177.43926788685525,6138
177.4502495840266,6139
177.461231281198,6140
177.47221297836938,6141
177.48319467554077,6142
177.49417637271213,6143
177.50515806988352,6144
177.5161397670549,6145
177.5271214642263,6146
177.53810316139766,6147
177.54908485856905,6148
177.56006655574043,6149
177.57104825291182,6150
177.58202995008318,6151
177.59301164725457,6152
177.60399334442596,6153
177.61497504159735,6154
177.6259567387687,6155
177.6369384359401,6156
177.64792013311148,6157
177.65890183028287,6158
177.66988352745423,6159
177.68086522462562,6160
177.691846921797,6161
177.7028286189684,6162
177.71381031613976,6163
177.72479201331114,6164
177.73577371048253,6165
177.74675540765392,6166
177.75773710482528,6167
177.76871880199667,6168
177.77970049916806,6169
177.79068219633945,6170
177.8016638935108,6171
177.8126455906822,6172
177.82362728785358,6173
177.83460898502497,6174
177.84559068219633,6175
177.85657237936772,6176
177.8675540765391,6177
177.8785357737105,6178
177.88951747088186,6179
177.90049916805324,6180
177.91148086522463,6181
177.922462562396,6182
177.93344425956738,6183
177.94442595673877,6184
177.95540765391016,6185
177.96638935108152,6186
177.9773710482529,6187
177.9883527454243,6188
177.99933444259568,6189
178.01031613976704,6190
178.02129783693843,6191
178.03227953410982,6192
178.0432612312812,6193
178.05424292845257,6194
178.06522462562396,6195
178.07620632279534,6196
178.08718801996673,6197
178.0981697171381,6198
178.10915141430948,6199
178.12013311148087,6200
178.13111480865226,6201
178.14209650582362,6202
178.153078202995,6203
178.1640599001664,6204
178.17504159733778,6205
178.18602329450914,6206
178.19700499168053,6207
178.20798668885192,6208
178.2189683860233,6209
178.22995008319467,6210
178.24093178036605,6211
178.25191347753744,6212
178.26289517470883,6213
178.2738768718802,6214
178.28485856905158,6215
178.29584026622297,6216
178.30682196339436,6217
178.31780366056572,6218
178.3287853577371,6219
178.3397670549085,6220
178.35074875207985,6221
178.36173044925124,6222
178.37271214642263,6223
178.38369384359402,6224
178.39467554076538,6225
178.40565723793677,6226
178.41663893510815,6227
178.42762063227954,6228
178.4386023294509,6229
178.4495840266223,6230
178.46056572379368,6231
178.47154742096507,6232
178.48252911813643,6233
178.49351081530781,6234
178.5044925124792,6235
178.5154742096506,6236
178.52645590682195,6237
178.53743760399334,6238
178.54841930116473,6239
178.55940099833612,6240
178.57038269550748,6241
178.58136439267886,6242
178.59234608985025,6243
178.60332778702164,6244
178.614309484193,6245
178.6252911813644,6246
178.63627287853578,6247
178.64725457570717,6248
178.65823627287853,6249
178.6692179700499,6250
178.6801996672213,6251
178.6911813643927,6252
178.70216306156405,6253
178.71314475873544,6254
178.72412645590683,6255
178.73510815307822,6256
178.74608985024958,6257
178.75707154742096,6258
178.76805324459235,6259
178.7790349417637,6260
178.7900166389351,6261
178.8009983361065,6262
178.81198003327788,6263
178.82296173044924,6264
178.83394342762062,6265
178.844925124792,6266
178.8559068219634,6267
178.86688851913476,6268
178.87787021630615,6269
178.88885191347754,6270
178.89983361064893,6271
178.9108153078203,6272
178.92179700499167,6273
178.93277870216306,6274
178.94376039933445,6275
178.9547420965058,6276
178.9657237936772,6277
178.9767054908486,6278
178.98768718801998,6279
178.99866888519134,6280
179.00965058236272,6281
179.0206322795341,6282
179.0316139767055,6283
179.04259567387686,6284
179.05357737104825,6285
179.06455906821964,6286
179.07554076539103,6287
179.08652246256239,6288
179.09750415973377,6289
179.10848585690516,6290
179.11946755407655,6291
179.1304492512479,6292
179.1414309484193,6293
179.1524126455907,6294
179.16339434276207,6295
179.17437603993343,6296
179.18535773710482,6297
179.1963394342762,6298
179.2073211314476,6299
179.21830282861896,6300
179.22928452579035,6301
179.24026622296174,6302
179.2512479201331,6303
179.26222961730448,6304
179.27321131447587,6305
179.28419301164726,6306
179.29517470881862,6307
179.30615640599,6308
179.3171381031614,6309
179.3281198003328,6310
179.33910149750415,6311
179.35008319467553,6312
179.36106489184692,6313
179.3720465890183,6314
179.38302828618967,6315
179.39400998336106,6316
179.40499168053245,6317
179.41597337770384,6318
179.4269550748752,6319
179.43793677204658,6320
179.44891846921797,6321
179.45990016638936,6322
179.47088186356072,6323
179.4818635607321,6324
179.4928452579035,6325
179.50382695507489,6326
179.51480865224624,6327
179.52579034941763,6328
179.53677204658902,6329
179.5477537437604,6330
179.55873544093177,6331
179.56971713810316,6332
179.58069883527455,6333
179.59168053244593,6334
179.6026622296173,6335
179.61364392678868,6336
179.62462562396007,6337
179.63560732113143,6338
179.64658901830282,6339
179.6575707154742,6340
179.6685524126456,6341
179.67953410981696,6342
179.69051580698834,6343
179.70149750415973,6344
179.71247920133112,6345
179.72346089850248,6346
179.73444259567387,6347
179.74542429284526,6348
179.75640599001665,6349
179.767387687188,6350
179.7783693843594,6351
179.78935108153078,6352
179.80033277870217,6353
179.81131447587353,6354
179.82229617304492,6355
179.8332778702163,6356
179.8442595673877,6357
179.85524126455906,6358
179.86622296173044,6359
179.87720465890183,6360
179.88818635607322,6361
179.89916805324458,6362
179.91014975041597,6363
179.92113144758736,6364
179.93211314475874,6365
179.9430948419301,6366
179.9540765391015,6367
179.96505823627288,6368
179.97603993344427,6369
179.98702163061563,6370
179.99800332778702,6371
180.0089850249584,6372
180.0199667221298,6373
180.03094841930115,6374
180.04193011647254,6375
180.05291181364393,6376
180.06389351081532,6377
180.07487520798668,6378
180.08585690515807,6379
180.09683860232946,6380
180.10782029950082,6381
180.1188019966722,6382
180.1297836938436,6383
180.14076539101498,6384
180.15174708818634,6385
180.16272878535773,6386
180.17371048252912,6387
180.1846921797005,6388
180.19567387687187,6389
180.20665557404325,6390
180.21763727121464,6391
180.22861896838603,6392
180.2396006655574,6393
180.25058236272878,6394
180.26156405990017,6395
180.27254575707155,6396
180.28352745424291,6397
180.2945091514143,6398
180.3054908485857,6399
180.31647254575708,6400
180.32745424292844,6401
180.33843594009983,6402
180.34941763727122,6403
180.3603993344426,6404
180.37138103161396,6405
180.38236272878535,6406
180.39334442595674,6407
180.40432612312813,6408
180.4153078202995,6409
180.42628951747088,6410
180.43727121464227,6411
180.44825291181365,6412
180.459234608985,6413
180.4702163061564,6414
180.4811980033278,6415
180.49217970049918,6416
180.50316139767054,6417
180.51414309484193,6418
180.52512479201332,6419
180.5361064891847,6420
180.54708818635606,6421
180.55806988352745,6422
180.56905158069884,6423
180.5800332778702,6424
180.5910149750416,6425
180.60199667221298,6426
180.61297836938436,6427
180.62396006655572,6428
180.6349417637271,6429
180.6459234608985,6430
180.6569051580699,6431
180.66788685524125,6432
180.67886855241264,6433
180.68985024958403,6434
180.70083194675541,6435
180.71181364392677,6436
180.72279534109816,6437
180.73377703826955,6438
180.74475873544094,6439
180.7557404326123,6440
180.7667221297837,6441
180.77770382695508,6442
180.78868552412646,6443
180.79966722129782,6444
180.8106489184692,6445
180.8216306156406,6446
180.832612312812,6447
180.84359400998335,6448
180.85457570715474,6449
180.86555740432613,6450
180.8765391014975,6451
180.88752079866887,6452
180.89850249584026,6453
180.90948419301165,6454
180.92046589018304,6455
180.9314475873544,6456
180.9424292845258,6457
180.95341098169717,6458
180.96439267886853,6459
180.97537437603992,6460
180.9863560732113,6461
180.9973377703827,6462
181.00831946755406,6463
181.01930116472545,6464
181.03028286189684,6465
181.04126455906822,6466
181.05224625623958,6467
181.06322795341097,6468
181.07420965058236,6469
181.08519134775375,6470
181.0961730449251,6471
181.1071547420965,6472
181.1181364392679,6473
181.12911813643927,6474
181.14009983361063,6475
181.15108153078202,6476
181.1620632279534,6477
181.1730449251248,6478
181.18402662229616,6479
181.19500831946755,6480
181.20599001663894,6481
181.21697171381032,6482
181.22795341098168,6483
181.23893510815307,6484
181.24991680532446,6485
181.26089850249585,6486
181.2718801996672,6487
181.2828618968386,6488
181.29384359400999,6489
181.30482529118137,6490
181.31580698835273,6491
181.32678868552412,6492
181.3377703826955,6493
181.3487520798669,6494
181.35973377703826,6495
181.37071547420965,6496
181.38169717138103,6497
181.39267886855242,6498
181.40366056572378,6499
181.41464226289517,6500
181.42562396006656,6501
181.43660565723792,6502
181.4475873544093,6503
181.4585690515807,6504
181.46955074875208,6505
181.48053244592344,6506
181.49151414309483,6507
181.50249584026622,6508
181.5134775374376,6509
181.52445923460897,6510
181.53544093178036,6511
181.54642262895175,6512
181.55740432612313,6513
181.5683860232945,6514
181.57936772046588,6515
181.59034941763727,6516
181.60133111480866,6517
181.61231281198002,6518
181.6232945091514,6519
181.6342762063228,6520
181.64525790349418,6521
181.65623960066554,6522
181.66722129783693,6523
181.67820299500832,6524
181.6891846921797,6525
181.70016638935107,6526
181.71114808652246,6527
181.72212978369384,6528
181.73311148086523,6529
181.7440931780366,6530
181.75507487520798,6531
181.76605657237937,6532
181.77703826955076,6533
181.78801996672212,6534
181.7990016638935,6535
181.8099833610649,6536
181.82096505823628,6537
181.83194675540764,6538
181.84292845257903,6539
181.85391014975042,6540
181.8648918469218,6541
181.87587354409317,6542
181.88685524126456,6543
181.89783693843594,6544
181.9088186356073,6545
181.9198003327787,6546
181.93078202995008,6547
181.94176372712147,6548
181.95274542429283,6549
181.96372712146422,6550
181.9747088186356,6551
181.985690515807,6552
181.99667221297835,6553
182.00765391014974,6554
182.01863560732113,6555
182.02961730449252,6556
182.04059900166388,6557
182.05158069883527,6558
182.06256239600665,6559
182.07354409317804,6560
182.0845257903494,6561
182.0955074875208,6562
182.10648918469218,6563
182.11747088186357,6564
182.12845257903493,6565
182.13943427620632,6566
182.1504159733777,6567
182.1613976705491,6568
182.17237936772045,6569
182.18336106489184,6570
182.19434276206323,6571
182.20532445923462,6572
182.21630615640598,6573
182.22728785357737,6574
182.23826955074875,6575
182.24925124792014,6576
182.2602329450915,6577
182.2712146422629,6578
182.28219633943428,6579
182.29317803660564,6580
182.30415973377703,6581
182.31514143094842,6582
182.3261231281198,6583
182.33710482529116,6584
182.34808652246255,6585
182.35906821963394,6586
182.37004991680533,6587
182.3810316139767,6588
182.39201331114808,6589
182.40299500831946,6590
182.41397670549085,6591
182.4249584026622,6592
182.4359400998336,6593
182.446921797005,6594
182.45790349417638,6595
182.46888519134774,6596
182.47986688851913,6597
182.49084858569051,6598
182.5018302828619,6599
182.51281198003326,6600
182.52379367720465,6601
182.53477537437604,6602
182.54575707154743,6603
182.5567387687188,6604
182.56772046589018,6605
182.57870216306156,6606
182.58968386023295,6607
182.6006655574043,6608
182.6116472545757,6609
182.6226289517471,6610
182.63361064891848,6611
182.64459234608984,6612
182.65557404326123,6613
182.6665557404326,6614
182.677537437604,6615
182.68851913477536,6616
182.69950083194675,6617
182.71048252911814,6618
182.72146422628953,6619
182.7324459234609,6620
182.74342762063227,6621
182.75440931780366,6622
182.76539101497502,6623
182.7763727121464,6624
182.7873544093178,6625
182.7983361064892,6626
182.80931780366055,6627
182.82029950083194,6628
182.83128119800332,6629
182.8422628951747,6630
182.85324459234607,6631
182.86422628951746,6632
182.87520798668885,6633
182.88618968386024,6634
182.8971713810316,6635
182.908153078203,6636
182.91913477537437,6637
182.93011647254576,6638
182.94109816971712,6639
182.9520798668885,6640
182.9630615640599,6641
182.9740432612313,6642
182.98502495840265,6643
182.99600665557404,6644
183.00698835274542,6645
183.0179700499168,6646
183.02895174708817,6647
183.03993344425956,6648
183.05091514143095,6649
183.06189683860234,6650
183.0728785357737,6651
183.08386023294509,6652
183.09484193011647,6653
183.10582362728786,6654
183.11680532445922,6655
183.1277870216306,6656
183.138768718802,6657
183.14975041597336,6658
183.16073211314475,6659
183.17171381031613,6660
183.18269550748752,6661
183.1936772046589,6662
183.20465890183027,6663
183.21564059900166,6664
183.22662229617305,6665
183.2376039933444,6666
183.2485856905158,6667
183.25956738768718,6668
183.27054908485857,6669
183.28153078202993,6670
183.29251247920132,6671
183.3034941763727,6672
183.3144758735441,6673
183.32545757071546,6674
183.33643926788685,6675
183.34742096505823,6676
183.35840266222962,6677
183.36938435940098,6678
183.38036605657237,6679
183.39134775374376,6680
183.40232945091515,6681
183.4133111480865,6682
183.4242928452579,6683
183.43527454242928,6684
183.44625623960067,6685
183.45723793677203,6686
183.46821963394342,6687
183.4792013311148,6688
183.4901830282862,6689
183.50116472545756,6690
183.51214642262894,6691
183.52312811980033,6692
183.53410981697172,6693
183.54509151414308,6694
183.55607321131447,6695
183.56705490848586,6696
183.57803660565725,6697
183.5890183028286,6698
183.6,6699
183.6508108108108,6700
183.70162162162163,6701
183.7524324324324,6702
183.80324324324323,6703
183.85405405405405,6704
183.90486486486486,6705
183.95567567567568,6706
184.0064864864865,6707
184.05729729729728,6708
184.1081081081081,6709
184.1589189189189,6710
184.20972972972973,6711
184.26054054054055,6712
184.31135135135133,6713
184.36216216216215,6714
184.41297297297297,6715
184.46378378378378,6716
184.5145945945946,6717
184.56540540540541,6718
184.6162162162162,6719
184.66702702702702,6720
184.71783783783783,6721
184.76864864864865,6722
184.81945945945947,6723
184.87027027027025,6724
184.92108108108107,6725
184.9718918918919,6726
185.0227027027027,6727
185.07351351351352,6728
185.1243243243243,6729
185.17513513513512,6730
185.22594594594594,6731
185.27675675675675,6732
185.32756756756757,6733
185.3783783783784,6734
185.42918918918917,6735
185.48,6736
185.5308108108108,6737
185.58162162162162,6738
185.63243243243244,6739
185.68324324324323,6740
185.73405405405404,6741
185.78486486486486,6742
185.83567567567567,6743
185.8864864864865,6744
185.9372972972973,6745
185.9881081081081,6746
186.0389189189189,6747
186.08972972972973,6748
186.14054054054054,6749
186.19135135135136,6750
186.24216216216215,6751
186.29297297297296,6752
186.34378378378378,6753
186.3945945945946,6754
186.4454054054054,6755
186.49621621621623,6756
186.547027027027,6757
186.59783783783783,6758
186.64864864864865,6759
186.69945945945946,6760
186.75027027027028,6761
186.80108108108107,6762
186.85189189189188,6763
186.9027027027027,6764
186.9535135135135,6765
187.00432432432433,6766
187.05513513513512,6767
187.10594594594593,6768
187.15675675675675,6769
187.20756756756757,6770
187.25837837837838,6771
187.3091891891892,6772
187.35999999999999,6773
187.4108108108108,6774
187.46162162162162,6775
187.51243243243243,6776
187.56324324324325,6777
187.61405405405404,6778
187.66486486486485,6779
187.71567567567567,6780
187.76648648648649,6781
187.8172972972973,6782
187.86810810810812,6783
187.9189189189189,6784
187.96972972972972,6785
188.02054054054054,6786
188.07135135135135,6787
188.12216216216217,6788
188.17297297297296,6789
188.22378378378377,6790
188.2745945945946,6791
188.3254054054054,6792
188.37621621621622,6793
188.42702702702704,6794
188.47783783783782,6795
188.52864864864864,6796
188.57945945945946,6797
188.63027027027027,6798
188.6810810810811,6799
188.73189189189188,6800
188.7827027027027,6801
188.8335135135135,6802
188.88432432432433,6803
188.93513513513514,6804
188.98594594594596,6805
189.03675675675674,6806
189.08756756756756,6807
189.13837837837838,6808
189.1891891891892,6809
189.24,6810
189.2908108108108,6811
189.3416216216216,6812
189.39243243243243,6813
189.44324324324324,6814
189.49405405405406,6815
189.54486486486485,6816
189.59567567567566,6817
189.64648648648648,6818
189.6972972972973,6819
189.7481081081081,6820
189.79891891891893,6821
189.84972972972972,6822
189.90054054054053,6823
189.95135135135135,6824
190.00216216216216,6825
190.05297297297298,6826
190.10378378378377,6827
190.15459459459458,6828
190.2054054054054,6829
190.25621621621622,6830
190.30702702702703,6831
190.35783783783785,6832
190.40864864864864,6833
190.45945945945945,6834
190.51027027027027,6835
190.56108108108108,6836
190.6118918918919,6837
190.6627027027027,6838
190.7135135135135,6839
190.76432432432432,6840
190.81513513513514,6841
190.86594594594595,6842
190.91675675675677,6843
190.96756756756756,6844
191.01837837837837,6845
191.0691891891892,6846
191.12,6847
191.17081081081082,6848
191.2216216216216,6849
191.27243243243242,6850
191.32324324324324,6851
191.37405405405406,6852
191.42486486486487,6853
191.4756756756757,6854
191.52648648648648,6855
191.5772972972973,6856
191.6281081081081,6857
191.67891891891892,6858
191.72972972972974,6859
191.78054054054053,6860
191.83135135135134,6861
191.88216216216216,6862
191.93297297297298,6863
191.9837837837838,6864
192.03459459459458,6865
192.0854054054054,6866
192.1362162162162,6867
192.18702702702703,6868
192.23783783783784,6869
192.28864864864866,6870
192.33945945945945,6871
192.39027027027026,6872
192.44108108108108,6873
192.4918918918919,6874
192.5427027027027,6875
192.5935135135135,6876
192.64432432432432,6877
192.69513513513513,6878
192.74594594594595,6879
192.79675675675676,6880
192.84756756756758,6881
192.89837837837837,6882
192.94918918918918,6883
193.0,6884
193.03296703296704,6885
193.06593406593407,6886
193.0989010989011,6887
193.13186813186815,6888
193.16483516483515,6889
193.1978021978022,6890
193.23076923076923,6891
193.26373626373626,6892
193.2967032967033,6893
193.32967032967034,6894
193.36263736263737,6895
193.3956043956044,6896
193.42857142857142,6897
193.46153846153845,6898
193.4945054945055,6899
193.52747252747253,6900
193.56043956043956,6901
193.5934065934066,6902
193.62637362637363,6903
193.65934065934067,6904
193.69230769230768,6905
193.72527472527472,6906
193.75824175824175,6907
193.7912087912088,6908
193.82417582417582,6909
193.85714285714286,6910
193.8901098901099,6911
193.92307692307693,6912
193.95604395604394,6913
193.98901098901098,6914
194.02197802197801,6915
194.05494505494505,6916
194.0879120879121,6917
194.12087912087912,6918
194.15384615384616,6919
194.1868131868132,6920
194.21978021978023,6921
194.25274725274724,6922
194.28571428571428,6923
194.3186813186813,6924
194.35164835164835,6925
194.3846153846154,6926
194.41758241758242,6927
194.45054945054946,6928
194.4835164835165,6929
194.5164835164835,6930
194.54945054945054,6931
194.58241758241758,6932
194.6153846153846,6933
194.64835164835165,6934
194.6813186813187,6935
194.71428571428572,6936
194.74725274725276,6937
194.78021978021977,6938
194.8131868131868,6939
194.84615384615384,6940
194.87912087912088,6941
194.9120879120879,6942
194.94505494505495,6943
194.97802197802199,6944
195.01098901098902,6945
195.04395604395603,6946
195.07692307692307,6947
195.1098901098901,6948
195.14285714285714,6949
195.17582417582418,6950
195.2087912087912,6951
195.24175824175825,6952
195.27472527472528,6953
195.30769230769232,6954
195.34065934065933,6955
195.37362637362637,6956
195.4065934065934,6957
195.43956043956044,6958
195.47252747252747,6959
195.5054945054945,6960
195.53846153846155,6961
195.57142857142858,6962
195.6043956043956,6963
195.63736263736263,6964
195.67032967032966,6965
195.7032967032967,6966
195.73626373626374,6967
195.76923076923077,6968
195.8021978021978,6969
195.83516483516485,6970
195.86813186813185,6971
195.9010989010989,6972
195.93406593406593,6973
195.96703296703296,6974
196.0,6975
196.03296703296704,6976
196.06593406593407,6977
196.0989010989011,6978
196.13186813186815,6979
196.16483516483515,6980
196.1978021978022,6981
196.23076923076923,6982
196.26373626373626,6983
196.2967032967033,6984
196.32967032967034,6985
196.36263736263737,6986
196.3956043956044,6987
196.42857142857142,6988
196.46153846153845,6989
196.4945054945055,6990
196.52747252747253,6991
196.56043956043956,6992
196.5934065934066,6993
196.62637362637363,6994
196.65934065934067,6995
196.69230769230768,6996
196.72527472527472,6997
196.75824175824175,6998
196.7912087912088,6999
196.82417582417582,7000
196.85714285714286,7001
196.8901098901099,7002
196.92307692307693,7003
196.95604395604397,7004
196.98901098901098,7005
197.02197802197801,7006
197.05494505494505,7007
197.0879120879121,7008
197.12087912087912,7009
197.15384615384616,7010
197.1868131868132,7011
197.21978021978023,7012
197.25274725274724,7013
197.28571428571428,7014
197.3186813186813,7015
197.35164835164835,7016
197.3846153846154,7017
197.41758241758242,7018
197.45054945054946,7019
197.4835164835165,7020
197.5164835164835,7021
197.54945054945054,7022
197.58241758241758,7023
197.6153846153846,7024
197.64835164835165,7025
197.6813186813187,7026
197.71428571428572,7027
197.74725274725276,7028
197.78021978021977,7029
197.8131868131868,7030
197.84615384615384,7031
197.87912087912088,7032
197.9120879120879,7033
197.94505494505495,7034
197.97802197802199,7035
198.01098901098902,7036
198.04395604395603,7037
198.07692307692307,7038
198.1098901098901,7039
198.14285714285714,7040
198.17582417582418,7041
198.2087912087912,7042
198.24175824175825,7043
198.27472527472528,7044
198.30769230769232,7045
198.34065934065933,7046
198.37362637362637,7047
198.4065934065934,7048
198.43956043956044,7049
198.47252747252747,7050
198.5054945054945,7051
198.53846153846155,7052
198.57142857142858,7053
198.6043956043956,7054
198.63736263736263,7055
198.67032967032966,7056
198.7032967032967,7057
198.73626373626374,7058
198.76923076923077,7059
198.8021978021978,7060
198.83516483516485,7061
198.86813186813185,7062
198.9010989010989,7063
198.93406593406593,7064
198.96703296703296,7065
199.0,7066
199.03296703296704,7067
199.06593406593407,7068
199.0989010989011,7069
199.13186813186815,7070
199.16483516483515,7071
199.1978021978022,7072
199.23076923076923,7073
199.26373626373626,7074
199.2967032967033,7075
199.32967032967034,7076
199.36263736263737,7077
199.3956043956044,7078
199.42857142857142,7079
199.46153846153845,7080
199.4945054945055,7081
199.52747252747253,7082
199.56043956043956,7083
199.5934065934066,7084
199.62637362637363,7085
199.65934065934067,7086
199.69230769230768,7087
199.72527472527472,7088
199.75824175824175,7089
199.7912087912088,7090
199.82417582417582,7091
199.85714285714286,7092
199.8901098901099,7093
199.92307692307693,7094
199.95604395604397,7095
199.98901098901098,7096
200.02197802197801,7097
200.05494505494505,7098
200.0879120879121,7099
200.12087912087912,7100
200.15384615384616,7101
200.1868131868132,7102
200.21978021978023,7103
200.25274725274724,7104
200.28571428571428,7105
200.3186813186813,7106
200.35164835164835,7107
200.3846153846154,7108
200.41758241758242,7109
200.45054945054946,7110
200.4835164835165,7111
200.5164835164835,7112
200.54945054945054,7113
200.58241758241758,7114
200.6153846153846,7115
200.64835164835165,7116
200.6813186813187,7117
200.71428571428572,7118
200.74725274725276,7119
200.78021978021977,7120
200.8131868131868,7121
200.84615384615384,7122
200.87912087912088,7123
200.9120879120879,7124
200.94505494505495,7125
200.97802197802199,7126
201.01098901098902,7127
201.04395604395603,7128
201.07692307692307,7129
201.1098901098901,7130
201.14285714285714,7131
201.17582417582418,7132
201.2087912087912,7133
201.24175824175825,7134
201.27472527472528,7135
201.30769230769232,7136
201.34065934065933,7137
201.37362637362637,7138
201.4065934065934,7139
201.43956043956044,7140
201.47252747252747,7141
201.5054945054945,7142
201.53846153846155,7143
201.57142857142858,7144
201.6043956043956,7145
201.63736263736263,7146
201.67032967032966,7147
201.7032967032967,7148
201.73626373626374,7149
201.76923076923077,7150
201.8021978021978,7151
201.83516483516485,7152
201.86813186813185,7153
201.9010989010989,7154
201.93406593406593,7155
201.96703296703296,7156
202.0,7157
202.03296703296704,7158
202.06593406593407,7159
202.0989010989011,7160
202.13186813186815,7161
202.16483516483515,7162
202.1978021978022,7163
202.23076923076923,7164
202.26373626373626,7165
202.2967032967033,7166
202.32967032967034,7167
202.36263736263737,7168
202.3956043956044,7169
202.42857142857142,7170
202.46153846153845,7171
202.4945054945055,7172
202.52747252747253,7173
202.56043956043956,7174
202.5934065934066,7175
202.62637362637363,7176
202.65934065934067,7177
202.69230769230768,7178
202.72527472527472,7179
202.75824175824175,7180
202.7912087912088,7181
202.82417582417582,7182
202.85714285714286,7183
202.8901098901099,7184
202.92307692307693,7185
202.95604395604397,7186
202.98901098901098,7187
203.02197802197801,7188
203.05494505494505,7189
203.0879120879121,7190
203.12087912087912,7191
203.15384615384616,7192
203.1868131868132,7193
203.21978021978023,7194
203.25274725274724,7195
203.28571428571428,7196
203.3186813186813,7197
203.35164835164835,7198
203.3846153846154,7199
203.41758241758242,7200
203.45054945054946,7201
203.4835164835165,7202
203.5164835164835,7203
203.54945054945054,7204
203.58241758241758,7205
203.6153846153846,7206
203.64835164835165,7207
203.6813186813187,7208
203.71428571428572,7209
203.74725274725276,7210
203.7802197802198,7211
203.8131868131868,7212
203.84615384615384,7213
203.87912087912088,7214
203.9120879120879,7215
203.94505494505495,7216
203.97802197802199,7217
204.01098901098902,7218
204.04395604395603,7219
204.07692307692307,7220
204.1098901098901,7221
204.14285714285714,7222
204.17582417582418,7223
204.2087912087912,7224
204.24175824175825,7225
204.27472527472528,7226
204.30769230769232,7227
204.34065934065933,7228
204.37362637362637,7229
204.4065934065934,7230
204.43956043956044,7231
204.47252747252747,7232
204.5054945054945,7233
204.53846153846155,7234
204.57142857142858,7235
204.6043956043956,7236
204.63736263736263,7237
204.67032967032966,7238
204.7032967032967,7239
204.73626373626374,7240
204.76923076923077,7241
204.8021978021978,7242
204.83516483516485,7243
204.86813186813185,7244
204.9010989010989,7245
204.93406593406593,7246
204.96703296703296,7247
205.0,7248
205.03296703296704,7249
205.06593406593407,7250
205.0989010989011,7251
205.13186813186815,7252
205.16483516483515,7253
205.1978021978022,7254
205.23076923076923,7255
205.26373626373626,7256
205.2967032967033,7257
205.32967032967034,7258
205.36263736263737,7259
205.3956043956044,7260
205.42857142857142,7261
205.46153846153845,7262
205.4945054945055,7263
205.52747252747253,7264
205.56043956043956,7265
205.5934065934066,7266
205.62637362637363,7267
205.65934065934067,7268
205.69230769230768,7269
205.72527472527472,7270
205.75824175824175,7271
205.7912087912088,7272
205.82417582417582,7273
205.85714285714286,7274
205.8901098901099,7275
205.92307692307693,7276
205.95604395604397,7277
205.98901098901098,7278
206.02197802197801,7279
206.05494505494505,7280
206.0879120879121,7281
206.12087912087912,7282
206.15384615384616,7283
206.1868131868132,7284
206.21978021978023,7285
206.25274725274724,7286
206.28571428571428,7287
206.3186813186813,7288
206.35164835164835,7289
206.3846153846154,7290
206.41758241758242,7291
206.45054945054946,7292
206.4835164835165,7293
206.5164835164835,7294
206.54945054945054,7295
206.58241758241758,7296
206.6153846153846,7297
206.64835164835165,7298
206.6813186813187,7299
206.71428571428572,7300
206.74725274725276,7301
206.7802197802198,7302
206.8131868131868,7303
206.84615384615384,7304
206.87912087912088,7305
206.9120879120879,7306
206.94505494505495,7307
206.97802197802199,7308
207.01098901098902,7309
207.04395604395603,7310
207.07692307692307,7311
207.1098901098901,7312
207.14285714285714,7313
207.17582417582418,7314
207.2087912087912,7315
207.24175824175825,7316
207.27472527472528,7317
207.30769230769232,7318
207.34065934065933,7319
207.37362637362637,7320
207.4065934065934,7321
207.43956043956044,7322
207.47252747252747,7323
207.5054945054945,7324
207.53846153846155,7325
207.57142857142858,7326
207.6043956043956,7327
207.63736263736263,7328
207.67032967032966,7329
207.7032967032967,7330
207.73626373626374,7331
207.76923076923077,7332
207.8021978021978,7333
207.83516483516485,7334
207.86813186813185,7335
207.9010989010989,7336
207.93406593406593,7337
207.96703296703296,7338
208.0,7339
208.0242587601078,7340
208.04851752021563,7341
208.07277628032344,7342
208.09703504043128,7343
208.1212938005391,7344
208.1455525606469,7345
208.16981132075472,7346
208.19407008086253,7347
208.21832884097034,7348
208.24258760107816,7349
208.266846361186,7350
208.2911051212938,7351
208.31536388140162,7352
208.33962264150944,7353
208.36388140161725,7354
208.38814016172506,7355
208.41239892183287,7356
208.4366576819407,7357
208.46091644204853,7358
208.48517520215634,7359
208.50943396226415,7360
208.53369272237197,7361
208.55795148247978,7362
208.5822102425876,7363
208.6064690026954,7364
208.63072776280325,7365
208.65498652291106,7366
208.67924528301887,7367
208.70350404312669,7368
208.7277628032345,7369
208.7520215633423,7370
208.77628032345012,7371
208.80053908355796,7372
208.82479784366578,7373
208.8490566037736,7374
208.8733153638814,7375
208.89757412398922,7376
208.92183288409703,7377
208.94609164420484,7378
208.97035040431268,7379
208.9946091644205,7380
209.0188679245283,7381
209.04312668463612,7382
209.06738544474393,7383
209.09164420485175,7384
209.11590296495956,7385
209.14016172506737,7386
209.1644204851752,7387
209.18867924528303,7388
209.21293800539084,7389
209.23719676549865,7390
209.26145552560646,7391
209.28571428571428,7392
209.3099730458221,7393
209.33423180592993,7394
209.35849056603774,7395
209.38274932614556,7396
209.40700808625337,7397
209.43126684636118,7398
209.455525606469,7399
209.4797843665768,7400
209.50404312668465,7401
209.52830188679246,7402
209.55256064690028,7403
209.5768194070081,7404
209.6010781671159,7405
209.6253369272237,7406
209.64959568733153,7407
209.67385444743934,7408
209.69811320754718,7409
209.722371967655,7410
209.7466307277628,7411
209.77088948787062,7412
209.79514824797843,7413
209.81940700808624,7414
209.84366576819406,7415
209.8679245283019,7416
209.8921832884097,7417
209.91644204851752,7418
209.94070080862534,7419
209.96495956873315,7420
209.98921832884096,7421
210.01347708894878,7422
210.03773584905662,7423
210.06199460916443,7424
210.08625336927224,7425
210.11051212938006,7426
210.13477088948787,7427
210.15902964959568,7428
210.1832884097035,7429
210.20754716981133,7430
210.23180592991915,7431
210.25606469002696,7432
210.28032345013477,7433
210.3045822102426,7434
210.3288409703504,7435
210.3530997304582,7436
210.37735849056602,7437
210.40161725067387,7438
210.42587601078168,7439
210.4501347708895,7440
210.4743935309973,7441
210.49865229110512,7442
210.52291105121293,7443
210.54716981132074,7444
210.57142857142858,7445
210.5956873315364,7446
210.6199460916442,7447
210.64420485175202,7448
210.66846361185983,7449
210.69272237196765,7450
210.71698113207546,7451
210.7412398921833,7452
210.76549865229111,7453
210.78975741239893,7454
210.81401617250674,7455
210.83827493261455,7456
210.86253369272237,7457
210.88679245283018,7458
210.911051212938,7459
210.93530997304583,7460
210.95956873315365,7461
210.98382749326146,7462
211.00808625336927,7463
211.03234501347708,7464
211.0566037735849,7465
211.0808625336927,7466
211.10512129380055,7467
211.12938005390836,7468
211.15363881401618,7469
211.177897574124,7470
211.2021563342318,7471
211.22641509433961,7472
211.25067385444743,7473
211.27493261455527,7474
211.29919137466308,7475
211.3234501347709,7476
211.3477088948787,7477
211.37196765498652,7478
211.39622641509433,7479
211.42048517520215,7480
211.44474393531,7481
211.4690026954178,7482
211.4932614555256,7483
211.51752021563343,7484
211.54177897574124,7485
211.56603773584905,7486
211.59029649595686,7487
211.61455525606468,7488
211.63881401617252,7489
211.66307277628033,7490
211.68733153638814,7491
211.71159029649596,7492
211.73584905660377,7493
211.76010781671158,7494
211.7843665768194,7495
211.80862533692724,7496
211.83288409703505,7497
211.85714285714286,7498
211.88140161725067,7499
211.9056603773585,7500
211.9299191374663,7501
211.9541778975741,7502
211.97843665768195,7503
212.00269541778977,7504
212.02695417789758,7505
212.0512129380054,7506
212.0754716981132,7507
212.09973045822102,7508
212.12398921832883,7509
212.14824797843664,7510
212.17250673854448,7511
212.1967654986523,7512
212.2210242587601,7513
212.24528301886792,7514
212.26954177897574,7515
212.29380053908355,7516
212.31805929919136,7517
212.3423180592992,7518
212.36657681940702,7519
212.39083557951483,7520
212.41509433962264,7521
212.43935309973045,7522
212.46361185983827,7523
212.48787061994608,7524
212.51212938005392,7525
212.53638814016173,7526
212.56064690026955,7527
212.58490566037736,7528
212.60916442048517,7529
212.63342318059298,7530
212.6576819407008,7531
212.68194070080864,7532
212.70619946091645,7533
212.73045822102426,7534
212.75471698113208,7535
212.7789757412399,7536
212.8032345013477,7537
212.82749326145552,7538
212.85175202156336,7539
212.87601078167117,7540
212.90026954177898,7541
212.9245283018868,7542
212.9487870619946,7543
212.97304582210242,7544
212.99730458221023,7545
213.02156334231805,7546
213.0458221024259,7547
213.0700808625337,7548
213.0943396226415,7549
213.11859838274933,7550
213.14285714285714,7551
213.16711590296495,7552
213.19137466307276,7553
213.2156334231806,7554
213.23989218328842,7555
213.26415094339623,7556
213.28840970350404,7557
213.31266846361186,7558
213.33692722371967,7559
213.36118598382748,7560
213.3854447439353,7561
213.40970350404314,7562
213.43396226415095,7563
213.45822102425876,7564
213.48247978436657,7565
213.5067385444744,7566
213.5309973045822,7567
213.55525606469,7568
213.57951482479785,7569
213.60377358490567,7570
213.62803234501348,7571
213.6522911051213,7572
213.6765498652291,7573
213.70080862533692,7574
213.72506738544473,7575
213.74932614555257,7576
213.77358490566039,7577
213.7978436657682,7578
213.822102425876,7579
213.84636118598382,7580
213.87061994609164,7581
213.89487870619945,7582
213.9191374663073,7583
213.9433962264151,7584
213.96765498652292,7585
213.99191374663073,7586
214.01617250673854,7587
214.04043126684635,7588
214.06469002695417,7589
214.088948787062,7590
214.11320754716982,7591
214.13746630727763,7592
214.16172506738545,7593
214.18598382749326,7594
214.21024258760107,7595
214.23450134770889,7596
214.2587601078167,7597
214.28301886792454,7598
214.30727762803235,7599
214.33153638814017,7600
214.35579514824798,7601
214.3800539083558,7602
214.4043126684636,7603
214.42857142857142,7604
214.45283018867926,7605
214.47708894878707,7606
214.50134770889488,7607
214.5256064690027,7608
214.5498652291105,7609
214.57412398921832,7610
214.59838274932613,7611
214.62264150943398,7612
214.6469002695418,7613
214.6711590296496,7614
214.6954177897574,7615
214.71967654986523,7616
214.74393530997304,7617
214.76819407008085,7618
214.79245283018867,7619
214.8167115902965,7620
214.84097035040432,7621
214.86522911051213,7622
214.88948787061994,7623
214.91374663072776,7624
214.93800539083557,7625
214.96226415094338,7626
214.98652291105122,7627
215.01078167115904,7628
215.03504043126685,7629
215.05929919137466,7630
215.08355795148248,7631
215.1078167115903,7632
215.1320754716981,7633
215.15633423180594,7634
215.18059299191376,7635
215.20485175202157,7636
215.22911051212938,7637
215.2533692722372,7638
215.277628032345,7639
215.30188679245282,7640
215.32614555256066,7641
215.35040431266847,7642
215.3746630727763,7643
215.3989218328841,7644
215.4231805929919,7645
215.44743935309972,7646
215.47169811320754,7647
215.49595687331535,7648
215.5202156334232,7649
215.544474393531,7650
215.56873315363882,7651
215.59299191374663,7652
215.61725067385444,7653
215.64150943396226,7654
215.66576819407007,7655
215.6900269541779,7656
215.71428571428572,7657
215.73854447439354,7658
215.76280323450135,7659
215.78706199460916,7660
215.81132075471697,7661
215.8355795148248,7662
215.85983827493263,7663
215.88409703504044,7664
215.90835579514825,7665
215.93261455525607,7666
215.95687331536388,7667
215.9811320754717,7668
216.0053908355795,7669
216.02964959568732,7670
216.05390835579516,7671
216.07816711590297,7672
216.10242587601078,7673
216.1266846361186,7674
216.1509433962264,7675
216.17520215633422,7676
216.19946091644204,7677
216.22371967654988,7678
216.2479784366577,7679
216.2722371967655,7680
216.29649595687331,7681
216.32075471698113,7682
216.34501347708894,7683
216.36927223719675,7684
216.3935309973046,7685
216.4177897574124,7686
216.44204851752022,7687
216.46630727762803,7688
216.49056603773585,7689
216.51482479784366,7690
216.53908355795147,7691
216.5633423180593,7692
216.58760107816713,7693
216.61185983827494,7694
216.63611859838275,7695
216.66037735849056,7696
216.68463611859838,7697
216.7088948787062,7698
216.73315363881403,7699
216.75741239892184,7700
216.78167115902966,7701
216.80592991913747,7702
216.83018867924528,7703
216.8544474393531,7704
216.8787061994609,7705
216.90296495956872,7706
216.92722371967656,7707
216.95148247978437,7708
216.9757412398922,7709
217.0,7710
217.048,7711
217.096,7712
217.144,7713
217.192,7714
217.24,7715
217.288,7716
217.336,7717
217.384,7718
217.432,7719
217.48,7720
217.528,7721
217.576,7722
217.624,7723
217.672,7724
217.72,7725
217.768,7726
217.816,7727
217.864,7728
217.912,7729
217.96,7730
218.008,7731
218.056,7732
218.104,7733
218.152,7734
218.2,7735
218.248,7736
218.296,7737
218.344,7738
218.392,7739
218.44,7740
218.488,7741
218.536,7742
218.584,7743
218.632,7744
218.68,7745
218.728,7746
218.776,7747
218.824,7748
218.872,7749
218.92,7750
218.968,7751
219.016,7752
219.064,7753
219.112,7754
219.16,7755
219.208,7756
219.256,7757
219.304,7758
219.352,7759
219.4,7760
219.448,7761
219.496,7762
219.544,7763
219.592,7764
219.64,7765
219.688,7766
219.736,7767
219.784,7768
219.832,7769
219.88,7770
219.928,7771
219.976,7772
220.024,7773
220.072,7774
220.12,7775
220.168,7776
220.216,7777
220.264,7778
220.312,7779
220.36,7780
220.408,7781
220.456,7782
220.504,7783
220.552,7784
220.6,7785
220.648,7786
220.696,7787
220.744,7788
220.792,7789
220.84,7790
220.888,7791
220.936,7792
220.984,7793
221.032,7794
221.08,7795
221.128,7796
221.176,7797
221.224,7798
221.272,7799
221.32,7800
221.368,7801
221.416,7802
221.464,7803
221.512,7804
221.56,7805
221.608,7806
221.656,7807
221.704,7808
221.752,7809
221.8,7810
221.848,7811
221.896,7812
221.944,7813
221.992,7814
222.04,7815
222.088,7816
222.136,7817
222.184,7818
222.232,7819
222.28,7820
222.328,7821
222.376,7822
222.424,7823
222.472,7824
222.52,7825
222.568,7826
222.616,7827
222.664,7828
222.712,7829
222.76,7830
222.808,7831
222.856,7832
222.904,7833
222.952,7834
223.0,7835
223.048,7836
223.096,7837
223.144,7838
223.192,7839
223.24,7840
223.288,7841
223.336,7842
223.38400000000001,7843
223.432,7844
223.48,7845
223.528,7846
223.576,7847
223.624,7848
223.672,7849
223.72,7850
223.768,7851
223.816,7852
223.864,7853
223.912,7854
223.96,7855
224.008,7856
224.056,7857
224.104,7858
224.152,7859
224.2,7860
224.248,7861
224.296,7862
224.344,7863
224.392,7864
224.44,7865
224.488,7866
224.536,7867
224.584,7868
224.632,7869
224.68,7870
224.728,7871
224.776,7872
224.824,7873
224.872,7874
224.92,7875
224.968,7876
225.016,7877
225.064,7878
225.112,7879
225.16,7880
225.208,7881
225.256,7882
225.304,7883
225.352,7884
225.4,7885
225.448,7886
225.496,7887
225.544,7888
225.592,7889
225.64,7890
225.688,7891
225.736,7892
225.784,7893
225.832,7894
225.88,7895
225.928,7896
225.976,7897
226.024,7898
226.072,7899
226.12,7900
226.168,7901
226.216,7902
226.264,7903
226.312,7904
226.36,7905
226.408,7906
226.456,7907
226.504,7908
226.552,7909
226.6,7910
226.648,7911
226.696,7912
226.744,7913
226.792,7914
226.84,7915
226.888,7916
226.936,7917
226.984,7918
227.032,7919
227.08,7920
227.128,7921
227.176,7922
227.224,7923
227.272,7924
227.32,7925
227.368,7926
227.416,7927
227.464,7928
227.512,7929
227.56,7930
227.608,7931
227.656,7932
227.704,7933
227.752,7934
227.8,7935
227.848,7936
227.89600000000002,7937
227.944,7938
227.992,7939
228.04,7940
228.088,7941
228.136,7942
228.184,7943
228.232,7944
228.28,7945
228.328,7946
228.376,7947
228.424,7948
228.472,7949
228.52,7950
228.568,7951
228.61599999999999,7952
228.664,7953
228.712,7954
228.76,7955
228.808,7956
228.856,7957
228.904,7958
228.952,7959
229.0,7960
228.95652173913044,7961
228.91304347826087,7962
228.8695652173913,7963
228.82608695652175,7964
228.7826086956522,7965
228.7391304347826,7966
228.69565217391303,7967
228.65217391304347,7968
228.6086956521739,7969
228.56521739130434,7970
228.52173913043478,7971
228.47826086956522,7972
228.43478260869566,7973
228.3913043478261,7974
228.34782608695653,7975
228.30434782608697,7976
228.2608695652174,7977
228.2173913043478,7978
228.17391304347825,7979
228.1304347826087,7980
228.08695652173913,7981
228.04347826086956,7982
228.0,7983
228.04468085106382,7984
228.08936170212766,7985
228.13404255319148,7986
228.17872340425532,7987
228.22340425531914,7988
228.26808510638298,7989
228.3127659574468,7990
228.35744680851064,7991
228.40212765957446,7992
228.4468085106383,7993
228.49148936170212,7994
228.53617021276597,7995
228.58085106382978,7996
228.62553191489363,7997
228.67021276595744,7998
228.71489361702126,7999
228.7595744680851,8000
228.80425531914892,8001
228.84893617021277,8002
228.89361702127658,8003
228.93829787234043,8004
228.98297872340424,8005
229.0276595744681,8006
229.0723404255319,8007
229.11702127659575,8008
229.16170212765957,8009
229.2063829787234,8010
229.25106382978723,8011
229.29574468085107,8012
229.3404255319149,8013
229.38510638297873,8014
229.42978723404255,8015
229.47446808510637,8016
229.5191489361702,8017
229.56382978723403,8018
229.60851063829787,8019
229.6531914893617,8020
229.69787234042553,8021
229.74255319148935,8022
229.7872340425532,8023
229.831914893617,8024
229.87659574468086,8025
229.92127659574467,8026
229.96595744680852,8027
230.01063829787233,8028
230.05531914893618,8029
230.1,8030
230.39,8031
230.68,8032
230.97,8033
231.26,8034
231.55,8035
231.84,8036
232.13,8037
232.42,8038
232.71,8039
233.0,8040
233.09666666666666,8041
233.19333333333333,8042
233.29,8043
233.38666666666666,8044
233.48333333333335,8045
233.58,8046
233.67666666666668,8047
233.77333333333334,8048
233.87,8049
233.96666666666667,8050
234.06333333333333,8051
234.16,8052
234.25666666666666,8053
234.35333333333332,8054
234.45,8055
234.54666666666668,8056
234.64333333333335,8057
234.74,8058
234.83666666666667,8059
234.93333333333334,8060
235.03,8061
235.12666666666667,8062
235.22333333333333,8063
235.32,8064
235.41666666666669,8065
235.51333333333335,8066
235.61,8067
235.70666666666668,8068
235.80333333333334,8069
235.9,8070
235.8025,8071
235.705,8072
235.60750000000002,8073
235.51,8074
235.4125,8075
235.315,8076
235.2175,8077
235.12,8078
235.0225,8079
234.925,8080
234.82750000000001,8081
234.73000000000002,8082
234.6325,8083
234.535,8084
234.4375,8085
234.34,8086
234.2425,8087
234.145,8088
234.0475,8089
233.95,8090
233.8525,8091
233.755,8092
233.6575,8093
233.56,8094
233.4625,8095
233.365,8096
233.2675,8097
233.17000000000002,8098
233.0725,8099
232.975,8100
232.8775,8101
232.78,8102
232.6825,8103
232.585,8104
232.4875,8105
232.39,8106
232.2925,8107
232.195,8108
232.0975,8109
232.0,8110
231.9,8111
231.8,8112
231.7,8113
231.6,8114
231.5,8115
231.4,8116
231.3,8117
231.2,8118
231.1,8119
231.0,8120
231.06,8121
231.12,8122
231.18,8123
231.24,8124
231.3,8125
231.36,8126
231.42,8127
231.48,8128
231.54,8129
231.6,8130
231.66,8131
231.72,8132
231.78,8133
231.84,8134
231.9,8135
231.96,8136
232.02,8137
232.08,8138
232.14,8139
232.2,8140
232.26,8141
232.32,8142
232.38,8143
232.44,8144
232.5,8145
232.56,8146
232.62,8147
232.68,8148
232.74,8149
232.8,8150
232.86,8151
232.92,8152
232.98,8153
233.04,8154
233.1,8155
233.16,8156
233.22,8157
233.28,8158
233.34,8159
233.4,8160
233.46,8161
233.52,8162
233.58,8163
233.64,8164
233.7,8165
233.76,8166
233.82,8167
233.88,8168
233.94,8169
234.0,8170
234.02,8171
234.04,8172
234.06,8173
234.08,8174
234.1,8175
234.12,8176
234.14,8177
234.16,8178
234.18,8179
234.2,8180
234.22,8181
234.24,8182
234.26,8183
234.28,8184
234.3,8185
234.32,8186
234.34,8187
234.36,8188
234.38,8189
234.4,8190
234.42,8191
234.44,8192
234.46,8193
234.48,8194
234.5,8195
234.52,8196
234.54,8197
234.56,8198
234.58,8199
234.6,8200
234.62,8201
234.64,8202
234.66,8203
234.68,8204
234.7,8205
234.72,8206
234.74,8207
234.76,8208
234.78,8209
234.8,8210
234.82,8211
234.84,8212
234.86,8213
234.88,8214
234.9,8215
234.92,8216
234.94,8217
234.96,8218
234.98,8219
235.0,8220
235.018,8221
235.036,8222
235.054,8223
235.072,8224
235.09,8225
235.108,8226
235.126,8227
235.144,8228
235.162,8229
235.18,8230
235.198,8231
235.216,8232
235.234,8233
235.252,8234
235.27,8235
235.288,8236
235.306,8237
235.324,8238
235.342,8239
235.36,8240
235.37800000000001,8241
235.39600000000002,8242
235.41400000000002,8243
235.43200000000002,8244
235.45,8245
235.468,8246
235.486,8247
235.504,8248
235.522,8249
235.54,8250
235.558,8251
235.576,8252
235.594,8253
235.612,8254
235.63,8255
235.648,8256
235.666,8257
235.684,8258
235.702,8259
235.72,8260
235.738,8261
235.756,8262
235.774,8263
235.792,8264
235.81,8265
235.828,8266
235.846,8267
235.864,8268
235.882,8269
235.9,8270
235.918,8271
235.936,8272
235.954,8273
235.972,8274
235.99,8275
236.008,8276
236.026,8277
236.044,8278
236.062,8279
236.08,8280
236.098,8281
236.116,8282
236.13400000000001,8283
236.15200000000002,8284
236.17000000000002,8285
236.18800000000002,8286
236.20600000000002,8287
236.22400000000002,8288
236.24200000000002,8289
236.26000000000002,8290
236.27800000000002,8291
236.29600000000002,8292
236.31400000000002,8293
236.33200000000002,8294
236.35000000000002,8295
236.368,8296
236.386,8297
236.404,8298
236.422,8299
236.44,8300
236.458,8301
236.476,8302
236.494,8303
236.512,8304
236.53,8305
236.548,8306
236.566,8307
236.584,8308
236.602,8309
236.62,8310
236.638,8311
236.656,8312
236.674,8313
236.692,8314
236.71,8315
236.728,8316
236.746,8317
236.764,8318
236.782,8319
236.8,8320
236.81042345276873,8321
236.82084690553748,8322
236.8312703583062,8323
236.84169381107492,8324
236.85211726384367,8325
236.8625407166124,8326
236.8729641693811,8327
236.88338762214985,8328
236.89381107491857,8329
236.9042345276873,8330
236.91465798045604,8331
236.92508143322476,8332
236.9355048859935,8333
236.94592833876223,8334
236.95635179153095,8335
236.9667752442997,8336
236.97719869706842,8337
236.98762214983714,8338
236.99804560260588,8339
237.0084690553746,8340
237.01889250814332,8341
237.02931596091207,8342
237.0397394136808,8343
237.0501628664495,8344
237.06058631921826,8345
237.07100977198698,8346
237.0814332247557,8347
237.09185667752445,8348
237.10228013029317,8349
237.1127035830619,8350
237.12312703583063,8351
237.13355048859935,8352
237.14397394136807,8353
237.15439739413682,8354
237.16482084690554,8355
237.1752442996743,8356
237.185667752443,8357
237.19609120521173,8358
237.20651465798048,8359
237.2169381107492,8360
237.22736156351792,8361
237.23778501628667,8362
237.24820846905538,8363
237.2586319218241,8364
237.26905537459285,8365
237.27947882736157,8366
237.2899022801303,8367
237.30032573289904,8368
237.31074918566776,8369
237.32117263843648,8370
237.33159609120523,8371
237.34201954397395,8372
237.35244299674267,8373
237.36286644951142,8374
237.37328990228013,8375
237.38371335504888,8376
237.3941368078176,8377
237.40456026058632,8378
237.41498371335507,8379
237.4254071661238,8380
237.4358306188925,8381
237.44625407166126,8382
237.45667752442998,8383
237.4671009771987,8384
237.47752442996745,8385
237.48794788273617,8386
237.49837133550488,8387
237.50879478827363,8388
237.51921824104235,8389
237.52964169381107,8390
237.54006514657982,8391
237.55048859934854,8392
237.56091205211726,8393
237.571335504886,8394
237.58175895765473,8395
237.59218241042345,8396
237.6026058631922,8397
237.61302931596092,8398
237.62345276872966,8399
237.63387622149838,8400
237.6442996742671,8401
237.65472312703585,8402
237.66514657980457,8403
237.6755700325733,8404
237.68599348534204,8405
237.69641693811076,8406
237.70684039087948,8407
237.71726384364823,8408
237.72768729641695,8409
237.73811074918567,8410
237.7485342019544,8411
237.75895765472313,8412
237.76938110749185,8413
237.7798045602606,8414
237.79022801302932,8415
237.80065146579804,8416
237.8110749185668,8417
237.8214983713355,8418
237.83192182410426,8419
237.84234527687298,8420
237.8527687296417,8421
237.86319218241044,8422
237.87361563517916,8423
237.88403908794788,8424
237.89446254071663,8425
237.90488599348535,8426
237.91530944625407,8427
237.92573289902282,8428
237.93615635179154,8429
237.94657980456026,8430
237.957003257329,8431
237.96742671009773,8432
237.97785016286645,8433
237.9882736156352,8434
237.9986970684039,8435
238.00912052117263,8436
238.01954397394138,8437
238.0299674267101,8438
238.04039087947882,8439
238.05081433224757,8440
238.0612377850163,8441
238.07166123778504,8442
238.08208469055376,8443
238.09250814332248,8444
238.10293159609122,8445
238.11335504885994,8446
238.12377850162866,8447
238.1342019543974,8448
238.14462540716613,8449
238.15504885993485,8450
238.1654723127036,8451
238.17589576547232,8452
238.18631921824104,8453
238.1967426710098,8454
238.2071661237785,8455
238.21758957654723,8456
238.22801302931597,8457
238.2384364820847,8458
238.2488599348534,8459
238.25928338762216,8460
238.26970684039088,8461
238.2801302931596,8462
238.29055374592835,8463
238.30097719869707,8464
238.31140065146582,8465
238.32182410423454,8466
238.33224755700326,8467
238.342671009772,8468
238.35309446254072,8469
238.36351791530944,8470
238.3739413680782,8471
238.3843648208469,8472
238.39478827361563,8473
238.40521172638438,8474
238.4156351791531,8475
238.42605863192182,8476
238.43648208469057,8477
238.4469055374593,8478
238.457328990228,8479
238.46775244299675,8480
238.47817589576547,8481
238.4885993485342,8482
238.49902280130294,8483
238.50944625407166,8484
238.5198697068404,8485
238.53029315960913,8486
238.54071661237785,8487
238.5511400651466,8488
238.56156351791532,8489
238.57198697068404,8490
238.58241042345279,8491
238.5928338762215,8492
238.60325732899022,8493
238.61368078175897,8494
238.6241042345277,8495
238.6345276872964,8496
238.64495114006516,8497
238.65537459283388,8498
238.6657980456026,8499
238.67622149837135,8500
238.68664495114007,8501
238.6970684039088,8502
238.70749185667754,8503
238.71791530944625,8504
238.72833876221497,8505
238.73876221498372,8506
238.74918566775244,8507
238.7596091205212,8508
238.7700325732899,8509
238.78045602605863,8510
238.79087947882738,8511
238.8013029315961,8512
238.81172638436482,8513
238.82214983713357,8514
238.83257328990229,8515
238.842996742671,8516
238.85342019543975,8517
238.86384364820847,8518
238.8742671009772,8519
238.88469055374594,8520
238.89511400651466,8521
238.90553745928338,8522
238.91596091205213,8523
238.92638436482085,8524
238.93680781758957,8525
238.94723127035832,8526
238.95765472312704,8527
238.96807817589576,8528
238.9785016286645,8529
238.98892508143322,8530
238.99934853420197,8531
239.0097719869707,8532
239.0201954397394,8533
239.03061889250816,8534
239.04104234527688,8535
239.0514657980456,8536
239.06188925081435,8537
239.07231270358307,8538
239.08273615635179,8539
239.09315960912053,8540
239.10358306188925,8541
239.11400651465797,8542
239.12442996742672,8543
239.13485342019544,8544
239.14527687296416,8545
239.1557003257329,8546
239.16612377850163,8547
239.17654723127035,8548
239.1869706840391,8549
239.19739413680782,8550
239.20781758957656,8551
239.21824104234528,8552
239.228664495114,8553
239.23908794788275,8554
239.24951140065147,8555
239.2599348534202,8556
239.27035830618894,8557
239.28078175895766,8558
239.29120521172638,8559
239.30162866449513,8560
239.31205211726385,8561
239.32247557003257,8562
239.3328990228013,8563
239.34332247557003,8564
239.35374592833875,8565
239.3641693811075,8566
239.37459283387622,8567
239.38501628664494,8568
239.3954397394137,8569
239.4058631921824,8570
239.41628664495113,8571
239.42671009771988,8572
239.4371335504886,8573
239.44755700325734,8574
239.45798045602606,8575
239.46840390879478,8576
239.47882736156353,8577
239.48925081433225,8578
239.49967426710097,8579
239.51009771986972,8580
239.52052117263844,8581
239.53094462540716,8582
239.5413680781759,8583
239.55179153094463,8584
239.56221498371335,8585
239.5726384364821,8586
239.5830618892508,8587
239.59348534201953,8588
239.60390879478828,8589
239.614332247557,8590
239.62475570032572,8591
239.63517915309447,8592
239.6456026058632,8593
239.6560260586319,8594
239.66644951140066,8595
239.67687296416938,8596
239.68729641693812,8597
239.69771986970684,8598
239.70814332247556,8599
239.7185667752443,8600
239.72899022801303,8601
239.73941368078175,8602
239.7498371335505,8603
239.76026058631922,8604
239.77068403908794,8605
239.7811074918567,8606
239.7915309446254,8607
239.80195439739413,8608
239.81237785016287,8609
239.8228013029316,8610
239.83322475570031,8611
239.84364820846906,8612
239.85407166123778,8613
239.8644951140065,8614
239.87491856677525,8615
239.88534201954397,8616
239.8957654723127,8617
239.90618892508144,8618
239.91661237785016,8619
239.9270358306189,8620
239.93745928338762,8621
239.94788273615634,8622
239.9583061889251,8623
239.9687296416938,8624
239.97915309446253,8625
239.98957654723128,8626
240.0,8627
240.015873015873,8628
240.03174603174602,8629
240.04761904761904,8630
240.06349206349208,8631
240.0793650793651,8632
240.0952380952381,8633
240.11111111111111,8634
240.12698412698413,8635
240.14285714285714,8636
240.15873015873015,8637
240.17460317460316,8638
240.1904761904762,8639
240.20634920634922,8640
240.22222222222223,8641
240.23809523809524,8642
240.25396825396825,8643
240.26984126984127,8644
240.28571428571428,8645
240.3015873015873,8646
240.31746031746033,8647
240.33333333333334,8648
240.34920634920636,8649
240.36507936507937,8650
240.38095238095238,8651
240.3968253968254,8652
240.4126984126984,8653
240.42857142857142,8654
240.44444444444446,8655
240.46031746031747,8656
240.47619047619048,8657
240.4920634920635,8658
240.5079365079365,8659
240.52380952380952,8660
240.53968253968253,8661
240.55555555555554,8662
240.57142857142858,8663
240.5873015873016,8664
240.6031746031746,8665
240.61904761904762,8666
240.63492063492063,8667
240.65079365079364,8668
240.66666666666666,8669
240.68253968253967,8670
240.6984126984127,8671
240.71428571428572,8672
240.73015873015873,8673
240.74603174603175,8674
240.76190476190476,8675
240.77777777777777,8676
240.79365079365078,8677
240.8095238095238,8678
240.82539682539684,8679
240.84126984126985,8680
240.85714285714286,8681
240.87301587301587,8682
240.88888888888889,8683
240.9047619047619,8684
240.9206349206349,8685
240.93650793650792,8686
240.95238095238096,8687
240.96825396825398,8688
240.984126984127,8689
241.0,8690
241.015873015873,8691
241.03174603174602,8692
241.04761904761904,8693
241.06349206349208,8694
241.0793650793651,8695
241.0952380952381,8696
241.11111111111111,8697
241.12698412698413,8698
241.14285714285714,8699
241.15873015873015,8700
241.17460317460316,8701
241.1904761904762,8702
241.20634920634922,8703
241.22222222222223,8704
241.23809523809524,8705
241.25396825396825,8706
241.26984126984127,8707
241.28571428571428,8708
241.3015873015873,8709
241.31746031746033,8710
241.33333333333334,8711
241.34920634920636,8712
241.36507936507937,8713
241.38095238095238,8714
241.3968253968254,8715
241.4126984126984,8716
241.42857142857142,8717
241.44444444444446,8718
241.46031746031747,8719
241.47619047619048,8720
241.4920634920635,8721
241.5079365079365,8722
241.52380952380952,8723
241.53968253968253,8724
241.55555555555554,8725
241.57142857142858,8726
241.5873015873016,8727
241.6031746031746,8728
241.61904761904762,8729
241.63492063492063,8730
241.65079365079364,8731
241.66666666666666,8732
241.68253968253967,8733
241.6984126984127,8734
241.71428571428572,8735
241.73015873015873,8736
241.74603174603175,8737
241.76190476190476,8738
241.77777777777777,8739
241.79365079365078,8740
241.8095238095238,8741
241.82539682539684,8742
241.84126984126985,8743
241.85714285714286,8744
241.87301587301587,8745
241.88888888888889,8746
241.9047619047619,8747
241.9206349206349,8748
241.93650793650792,8749
241.95238095238096,8750
241.96825396825398,8751
241.984126984127,8752
242.0,8753
242.015873015873,8754
242.03174603174602,8755
242.04761904761904,8756
242.06349206349205,8757
242.0793650793651,8758
242.0952380952381,8759
242.11111111111111,8760
242.12698412698413,8761
242.14285714285714,8762
242.15873015873015,8763
242.17460317460316,8764
242.1904761904762,8765
242.20634920634922,8766
242.22222222222223,8767
242.23809523809524,8768
242.25396825396825,8769
242.26984126984127,8770
242.28571428571428,8771
242.3015873015873,8772
242.31746031746033,8773
242.33333333333334,8774
242.34920634920636,8775
242.36507936507937,8776
242.38095238095238,8777
242.3968253968254,8778
242.4126984126984,8779
242.42857142857142,8780
242.44444444444446,8781
242.46031746031747,8782
242.47619047619048,8783
242.4920634920635,8784
242.5079365079365,8785
242.52380952380952,8786
242.53968253968253,8787
242.55555555555554,8788
242.57142857142858,8789
242.5873015873016,8790
242.6031746031746,8791
242.61904761904762,8792
242.63492063492063,8793
242.65079365079364,8794
242.66666666666666,8795
242.68253968253967,8796
242.6984126984127,8797
242.71428571428572,8798
242.73015873015873,8799
242.74603174603175,8800
242.76190476190476,8801
242.77777777777777,8802
242.79365079365078,8803
242.8095238095238,8804
242.82539682539684,8805
242.84126984126985,8806
242.85714285714286,8807
242.87301587301587,8808
242.88888888888889,8809
242.9047619047619,8810
242.9206349206349,8811
242.93650793650792,8812
242.95238095238096,8813
242.96825396825398,8814
242.984126984127,8815
243.0,8816
243.015873015873,8817
243.03174603174602,8818
243.04761904761904,8819
243.06349206349205,8820
243.0793650793651,8821
243.0952380952381,8822
243.11111111111111,8823
243.12698412698413,8824
243.14285714285714,8825
243.15873015873015,8826
243.17460317460316,8827
243.1904761904762,8828
243.20634920634922,8829
243.22222222222223,8830
243.23809523809524,8831
243.25396825396825,8832
243.26984126984127,8833
243.28571428571428,8834
243.3015873015873,8835
243.31746031746033,8836
243.33333333333334,8837
243.34920634920636,8838
243.36507936507937,8839
243.38095238095238,8840
243.3968253968254,8841
243.4126984126984,8842
243.42857142857142,8843
243.44444444444446,8844
243.46031746031747,8845
243.47619047619048,8846
243.4920634920635,8847
243.5079365079365,8848
243.52380952380952,8849
243.53968253968253,8850
243.55555555555554,8851
243.57142857142858,8852
243.5873015873016,8853
243.6031746031746,8854
243.61904761904762,8855
243.63492063492063,8856
243.65079365079364,8857
243.66666666666666,8858
243.68253968253967,8859
243.6984126984127,8860
243.71428571428572,8861
243.73015873015873,8862
243.74603174603175,8863
243.76190476190476,8864
243.77777777777777,8865
243.79365079365078,8866
243.8095238095238,8867
243.82539682539684,8868
243.84126984126985,8869
243.85714285714286,8870
243.87301587301587,8871
243.88888888888889,8872
243.9047619047619,8873
243.9206349206349,8874
243.93650793650792,8875
243.95238095238096,8876
243.96825396825398,8877
243.984126984127,8878
244.0,8879
244.015873015873,8880
244.03174603174602,8881
244.04761904761904,8882
244.06349206349205,8883
244.0793650793651,8884
244.0952380952381,8885
244.11111111111111,8886
244.12698412698413,8887
244.14285714285714,8888
244.15873015873015,8889
244.17460317460316,8890
244.1904761904762,8891
244.20634920634922,8892
244.22222222222223,8893
244.23809523809524,8894
244.25396825396825,8895
244.26984126984127,8896
244.28571428571428,8897
244.3015873015873,8898
244.31746031746033,8899
244.33333333333334,8900
244.34920634920636,8901
244.36507936507937,8902
244.38095238095238,8903
244.3968253968254,8904
244.4126984126984,8905
244.42857142857142,8906
244.44444444444446,8907
244.46031746031747,8908
244.47619047619048,8909
244.4920634920635,8910
244.5079365079365,8911
244.52380952380952,8912
244.53968253968253,8913
244.55555555555554,8914
244.57142857142858,8915
244.5873015873016,8916
244.6031746031746,8917
244.61904761904762,8918
244.63492063492063,8919
244.65079365079364,8920
244.66666666666666,8921
244.68253968253967,8922
244.6984126984127,8923
244.71428571428572,8924
244.73015873015873,8925
244.74603174603175,8926
244.76190476190476,8927
244.77777777777777,8928
244.79365079365078,8929
244.8095238095238,8930
244.82539682539684,8931
244.84126984126985,8932
244.85714285714286,8933
244.87301587301587,8934
244.88888888888889,8935
244.9047619047619,8936
244.9206349206349,8937
244.93650793650792,8938
244.95238095238096,8939
244.96825396825398,8940
244.984126984127,8941
245.0,8942
245.015873015873,8943
245.03174603174602,8944
245.04761904761904,8945
245.06349206349205,8946
245.0793650793651,8947
245.0952380952381,8948
245.11111111111111,8949
245.12698412698413,8950
245.14285714285714,8951
245.15873015873015,8952
245.17460317460316,8953
245.1904761904762,8954
245.20634920634922,8955
245.22222222222223,8956
245.23809523809524,8957
245.25396825396825,8958
245.26984126984127,8959
245.28571428571428,8960
245.3015873015873,8961
245.31746031746033,8962
245.33333333333334,8963
245.34920634920636,8964
245.36507936507937,8965
245.38095238095238,8966
245.3968253968254,8967
245.4126984126984,8968
245.42857142857142,8969
245.44444444444446,8970
245.46031746031747,8971
245.47619047619048,8972
245.4920634920635,8973
245.5079365079365,8974
245.52380952380952,8975
245.53968253968253,8976
245.55555555555554,8977
245.57142857142858,8978
245.5873015873016,8979
245.6031746031746,8980
245.61904761904762,8981
245.63492063492063,8982
245.65079365079364,8983
245.66666666666666,8984
245.68253968253967,8985
245.6984126984127,8986
245.71428571428572,8987
245.73015873015873,8988
245.74603174603175,8989
245.76190476190476,8990
245.77777777777777,8991
245.79365079365078,8992
245.8095238095238,8993
245.82539682539684,8994
245.84126984126985,8995
245.85714285714286,8996
245.87301587301587,8997
245.88888888888889,8998
245.9047619047619,8999
245.9206349206349,9000
245.93650793650792,9001
245.95238095238096,9002
245.96825396825398,9003
245.984126984127,9004
246.0,9005
246.015873015873,9006
246.03174603174602,9007
246.04761904761904,9008
246.06349206349205,9009
246.0793650793651,9010
246.0952380952381,9011
246.11111111111111,9012
246.12698412698413,9013
246.14285714285714,9014
246.15873015873015,9015
246.17460317460316,9016
246.1904761904762,9017
246.20634920634922,9018
246.22222222222223,9019
246.23809523809524,9020
246.25396825396825,9021
246.26984126984127,9022
246.28571428571428,9023
246.3015873015873,9024
246.31746031746033,9025
246.33333333333334,9026
246.34920634920636,9027
246.36507936507937,9028
246.38095238095238,9029
246.3968253968254,9030
246.4126984126984,9031
246.42857142857142,9032
246.44444444444446,9033
246.46031746031747,9034
246.47619047619048,9035
246.4920634920635,9036
246.5079365079365,9037
246.52380952380952,9038
246.53968253968253,9039
246.55555555555554,9040
246.57142857142858,9041
246.5873015873016,9042
246.6031746031746,9043
246.61904761904762,9044
246.63492063492063,9045
246.65079365079364,9046
246.66666666666666,9047
246.68253968253967,9048
246.6984126984127,9049
246.71428571428572,9050
246.73015873015873,9051
246.74603174603175,9052
246.76190476190476,9053
246.77777777777777,9054
246.79365079365078,9055
246.8095238095238,9056
246.82539682539684,9057
246.84126984126985,9058
246.85714285714286,9059
246.87301587301587,9060
246.88888888888889,9061
246.9047619047619,9062
246.9206349206349,9063
246.93650793650792,9064
246.95238095238096,9065
246.96825396825398,9066
246.984126984127,9067
247.0,9068
247.015873015873,9069
247.03174603174602,9070
247.04761904761904,9071
247.06349206349205,9072
247.0793650793651,9073
247.0952380952381,9074
247.11111111111111,9075
247.12698412698413,9076
247.14285714285714,9077
247.15873015873015,9078
247.17460317460316,9079
247.1904761904762,9080
247.20634920634922,9081
247.22222222222223,9082
247.23809523809524,9083
247.25396825396825,9084
247.26984126984127,9085
247.28571428571428,9086
247.3015873015873,9087
247.31746031746033,9088
247.33333333333334,9089
247.34920634920636,9090
247.36507936507937,9091
247.38095238095238,9092
247.3968253968254,9093
247.4126984126984,9094
247.42857142857142,9095
247.44444444444446,9096
247.46031746031747,9097
247.47619047619048,9098
247.4920634920635,9099
247.5079365079365,9100
247.52380952380952,9101
247.53968253968253,9102
247.55555555555554,9103
247.57142857142858,9104
247.5873015873016,9105
247.6031746031746,9106
247.61904761904762,9107
247.63492063492063,9108
247.65079365079364,9109
247.66666666666666,9110
247.68253968253967,9111
247.6984126984127,9112
247.71428571428572,9113
247.73015873015873,9114
247.74603174603175,9115
247.76190476190476,9116
247.77777777777777,9117
247.79365079365078,9118
247.8095238095238,9119
247.82539682539684,9120
247.84126984126985,9121
247.85714285714286,9122
247.87301587301587,9123
247.88888888888889,9124
247.9047619047619,9125
247.9206349206349,9126
247.93650793650792,9127
247.95238095238096,9128
247.96825396825398,9129
247.984126984127,9130
248.0,9131
248.015873015873,9132
248.03174603174602,9133
248.04761904761904,9134
248.06349206349205,9135
248.0793650793651,9136
248.0952380952381,9137
248.11111111111111,9138
248.12698412698413,9139
248.14285714285714,9140
248.15873015873015,9141
248.17460317460316,9142
248.1904761904762,9143
248.20634920634922,9144
248.22222222222223,9145
248.23809523809524,9146
248.25396825396825,9147
248.26984126984127,9148
248.28571428571428,9149
248.3015873015873,9150
248.3174603174603,9151
248.33333333333334,9152
248.34920634920636,9153
248.36507936507937,9154
248.38095238095238,9155
248.3968253968254,9156
248.4126984126984,9157
248.42857142857142,9158
248.44444444444446,9159
248.46031746031747,9160
248.47619047619048,9161
248.4920634920635,9162
248.5079365079365,9163
248.52380952380952,9164
248.53968253968253,9165
248.55555555555554,9166
248.57142857142858,9167
248.5873015873016,9168
248.6031746031746,9169
248.61904761904762,9170
248.63492063492063,9171
248.65079365079364,9172
248.66666666666666,9173
248.68253968253967,9174
248.6984126984127,9175
248.71428571428572,9176
248.73015873015873,9177
248.74603174603175,9178
248.76190476190476,9179
248.77777777777777,9180
248.79365079365078,9181
248.8095238095238,9182
248.82539682539684,9183
248.84126984126985,9184
248.85714285714286,9185
248.87301587301587,9186
248.88888888888889,9187
248.9047619047619,9188
248.9206349206349,9189
248.93650793650795,9190
248.95238095238096,9191
248.96825396825398,9192
248.984126984127,9193
249.0,9194
249.015873015873,9195
249.03174603174602,9196
249.04761904761904,9197
249.06349206349205,9198
249.0793650793651,9199
249.0952380952381,9200
249.11111111111111,9201
249.12698412698413,9202
249.14285714285714,9203
249.15873015873015,9204
249.17460317460316,9205
249.1904761904762,9206
249.20634920634922,9207
249.22222222222223,9208
249.23809523809524,9209
249.25396825396825,9210
249.26984126984127,9211
249.28571428571428,9212
249.3015873015873,9213
249.3174603174603,9214
249.33333333333334,9215
249.34920634920636,9216
249.36507936507937,9217
249.38095238095238,9218
249.3968253968254,9219
249.4126984126984,9220
249.42857142857142,9221
249.44444444444446,9222
249.46031746031747,9223
249.47619047619048,9224
249.4920634920635,9225
249.5079365079365,9226
249.52380952380952,9227
249.53968253968253,9228
249.55555555555554,9229
249.57142857142858,9230
249.5873015873016,9231
249.6031746031746,9232
249.61904761904762,9233
249.63492063492063,9234
249.65079365079364,9235
249.66666666666666,9236
249.68253968253967,9237
249.6984126984127,9238
249.71428571428572,9239
249.73015873015873,9240
249.74603174603175,9241
249.76190476190476,9242
249.77777777777777,9243
249.79365079365078,9244
249.8095238095238,9245
249.82539682539684,9246
249.84126984126985,9247
249.85714285714286,9248
249.87301587301587,9249
249.88888888888889,9250
249.9047619047619,9251
249.9206349206349,9252
249.93650793650795,9253
249.95238095238096,9254
249.96825396825398,9255
249.984126984127,9256
250.0,9257
250.015873015873,9258
250.03174603174602,9259
250.04761904761904,9260
250.06349206349205,9261
250.0793650793651,9262
250.0952380952381,9263
250.11111111111111,9264
250.12698412698413,9265
250.14285714285714,9266
250.15873015873015,9267
250.17460317460316,9268
250.1904761904762,9269
250.20634920634922,9270
250.22222222222223,9271
250.23809523809524,9272
250.25396825396825,9273
250.26984126984127,9274
250.28571428571428,9275
250.3015873015873,9276
250.3174603174603,9277
250.33333333333334,9278
250.34920634920636,9279
250.36507936507937,9280
250.38095238095238,9281
250.3968253968254,9282
250.4126984126984,9283
250.42857142857142,9284
250.44444444444446,9285
250.46031746031747,9286
250.47619047619048,9287
250.4920634920635,9288
250.5079365079365,9289
250.52380952380952,9290
250.53968253968253,9291
250.55555555555554,9292
250.57142857142858,9293
250.5873015873016,9294
250.6031746031746,9295
250.61904761904762,9296
250.63492063492063,9297
250.65079365079364,9298
250.66666666666666,9299
250.68253968253967,9300
250.6984126984127,9301
250.71428571428572,9302
250.73015873015873,9303
250.74603174603175,9304
250.76190476190476,9305
250.77777777777777,9306
250.79365079365078,9307
250.8095238095238,9308
250.82539682539684,9309
250.84126984126985,9310
250.85714285714286,9311
250.87301587301587,9312
250.88888888888889,9313
250.9047619047619,9314
250.9206349206349,9315
250.93650793650795,9316
250.95238095238096,9317
250.96825396825398,9318
250.984126984127,9319
251.0,9320
251.015873015873,9321
251.03174603174602,9322
251.04761904761904,9323
251.06349206349205,9324
251.0793650793651,9325
251.0952380952381,9326
251.11111111111111,9327
251.12698412698413,9328
251.14285714285714,9329
251.15873015873015,9330
251.17460317460316,9331
251.1904761904762,9332
251.20634920634922,9333
251.22222222222223,9334
251.23809523809524,9335
251.25396825396825,9336
251.26984126984127,9337
251.28571428571428,9338
251.3015873015873,9339
251.3174603174603,9340
251.33333333333334,9341
251.34920634920636,9342
251.36507936507937,9343
251.38095238095238,9344
251.3968253968254,9345
251.4126984126984,9346
251.42857142857142,9347
251.44444444444446,9348
251.46031746031747,9349
251.47619047619048,9350
251.4920634920635,9351
251.5079365079365,9352
251.52380952380952,9353
251.53968253968253,9354
251.55555555555554,9355
251.57142857142858,9356
251.5873015873016,9357
251.6031746031746,9358
251.61904761904762,9359
251.63492063492063,9360
251.65079365079364,9361
251.66666666666666,9362
251.68253968253967,9363
251.6984126984127,9364
251.71428571428572,9365
251.73015873015873,9366
251.74603174603175,9367
251.76190476190476,9368
251.77777777777777,9369
251.79365079365078,9370
251.8095238095238,9371
251.82539682539684,9372
251.84126984126985,9373
251.85714285714286,9374
251.87301587301587,9375
251.88888888888889,9376
251.9047619047619,9377
251.9206349206349,9378
251.93650793650795,9379
251.95238095238096,9380
251.96825396825398,9381
251.984126984127,9382
252.0,9383
252.015873015873,9384
252.03174603174602,9385
252.04761904761904,9386
252.06349206349205,9387
252.0793650793651,9388
252.0952380952381,9389
252.11111111111111,9390
252.12698412698413,9391
252.14285714285714,9392
252.15873015873015,9393
252.17460317460316,9394
252.1904761904762,9395
252.20634920634922,9396
252.22222222222223,9397
252.23809523809524,9398
252.25396825396825,9399
252.26984126984127,9400
252.28571428571428,9401
252.3015873015873,9402
252.3174603174603,9403
252.33333333333334,9404
252.34920634920636,9405
252.36507936507937,9406
252.38095238095238,9407
252.3968253968254,9408
252.4126984126984,9409
252.42857142857142,9410
252.44444444444446,9411
252.46031746031747,9412
252.47619047619048,9413
252.4920634920635,9414
252.5079365079365,9415
252.52380952380952,9416
252.53968253968253,9417
252.55555555555554,9418
252.57142857142858,9419
252.5873015873016,9420
252.6031746031746,9421
252.61904761904762,9422
252.63492063492063,9423
252.65079365079364,9424
252.66666666666666,9425
252.68253968253967,9426
252.6984126984127,9427
252.71428571428572,9428
252.73015873015873,9429
252.74603174603175,9430
252.76190476190476,9431
252.77777777777777,9432
252.79365079365078,9433
252.8095238095238,9434
252.82539682539684,9435
252.84126984126985,9436
252.85714285714286,9437
252.87301587301587,9438
252.88888888888889,9439
252.9047619047619,9440
252.9206349206349,9441
252.93650793650792,9442
252.95238095238096,9443
252.96825396825398,9444
252.984126984127,9445
253.0,9446
253.0,9447
253.0,9448
253.0,9449
253.0,9450
253.0,9451
253.0,9452
253.0,9453
253.0,9454
253.0,9455
253.0,9456
253.0,9457
253.0,9458
253.0,9459
253.0,9460
253.0,9461
253.0,9462
253.0,9463
253.0,9464
253.0,9465
253.0,9466
253.0,9467
253.0,9468
253.0,9469
253.0,9470
253.0,9471
253.0,9472
253.0,9473
253.0,9474
253.0,9475
253.0,9476
253.0,9477
253.0,9478
253.0,9479
253.0,9480
253.0,9481
253.0,9482
253.0,9483
253.0,9484
253.0,9485
253.0,9486
253.0,9487
253.0,9488
253.0,9489
253.0,9490
253.0,9491
253.0,9492
253.0,9493
253.0,9494
253.0,9495
253.0,9496
253.0,9497
253.0,9498
253.0,9499
253.0,9500
253.0,9501
253.0,9502
253.0,9503
253.0,9504
253.0,9505
253.0,9506
253.0,9507
253.0,9508
253.0,9509
253.0,9510
253.0,9511
253.0,9512
253.0,9513
253.0,9514
253.0,9515
253.0,9516
253.0,9517
253.0,9518
253.0,9519
253.0,9520
253.0,9521
253.0,9522
253.0,9523
253.0,9524
253.0,9525
253.0,9526
253.0,9527
253.0,9528
253.0,9529
253.0,9530
253.0,9531
253.0,9532
253.0,9533
253.0,9534
253.0,9535
253.0,9536
253.0,9537
253.0,9538
253.0,9539
253.0,9540
253.0,9541
253.0,9542
253.0,9543
253.0,9544
253.0,9545
253.0,9546
253.0,9547
253.0,9548
253.0,9549
253.0,9550
253.0,9551
253.0,9552
253.0,9553
253.0,9554
253.0,9555
253.0,9556
253.0,9557
253.0,9558
253.0,9559
253.0,9560
253.0,9561
253.0,9562
253.0,9563
253.0,9564
253.0,9565
253.0,9566
253.0,9567
253.0,9568
253.0,9569
253.0,9570
253.0,9571
253.0,9572
253.0,9573
253.0,9574
253.0,9575
253.0,9576
253.0,9577
253.0,9578
253.0,9579
253.0,9580
253.0,9581
253.0,9582
253.0,9583
253.0,9584
253.0,9585
253.0,9586
253.0,9587
253.0,9588
253.0,9589
253.0,9590
253.0,9591
253.0,9592
253.0,9593
253.0,9594
253.0,9595
253.0,9596
253.0,9597
253.0,9598
253.0,9599
253.0,9600
253.0,9601
253.0,9602
253.0,9603
253.0,9604
253.0,9605
253.0,9606
253.0,9607
253.0,9608
253.0,9609
253.0,9610
253.0,9611
253.0,9612
253.0,9613
253.0,9614
253.0,9615
253.0,9616
253.0,9617
253.0,9618
253.0,9619
253.0,9620
253.0,9621
253.0,9622
253.0,9623
253.0,9624
253.0,9625
253.0,9626
253.0,9627
253.0,9628
253.0,9629
253.0,9630
253.0,9631
253.0,9632
253.0,9633
253.0,9634
253.0,9635
253.0,9636
253.0,9637
253.0,9638
253.0,9639
253.0,9640
253.0,9641
253.0,9642
253.0,9643
253.0,9644
253.0,9645
253.0,9646
253.0,9647
253.0,9648
253.0,9649
253.0,9650
253.0,9651
253.0,9652
253.0,9653
253.0,9654
253.0,9655
253.0,9656
253.0,9657
253.0,9658
253.0,9659
253.0,9660
253.0,9661
253.0,9662
253.0,9663
253.0,9664
253.0,9665
253.0,9666
253.0,9667
253.0,9668
253.0,9669
253.0,9670
253.0,9671
253.0,9672
253.0,9673
253.0,9674
253.0,9675
253.0,9676
253.0,9677
253.0,9678
253.0,9679
253.0,9680
253.0,9681
253.0,9682
253.0,9683
253.0,9684
253.0,9685
253.0,9686
253.0,9687
253.0,9688
253.0,9689
253.0,9690
253.0,9691
253.0,9692
253.0,9693
253.0,9694
253.0,9695
253.0,9696
253.0,9697
253.0,9698
253.0,9699
253.0,9700
253.0,9701
253.0,9702
253.0,9703
253.0,9704
253.0,9705
253.0,9706
253.0,9707
253.0,9708
253.0,9709
253.0,9710
253.0,9711
253.0,9712
253.0,9713
253.0,9714
253.0,9715
253.0,9716
253.0,9717
253.0,9718
253.0,9719
253.0,9720
253.0,9721
253.0,9722
253.0,9723
253.0,9724
253.0,9725
253.0,9726
253.0,9727
253.0,9728
253.0,9729
253.0,9730
253.0,9731
253.0,9732
253.0,9733
253.0,9734
253.0,9735
253.0,9736
253.0,9737
253.0,9738
253.0,9739
253.0,9740
253.0,9741
253.0,9742
253.0,9743
253.0,9744
253.0,9745
253.0,9746
253.0,9747
253.0,9748
253.0,9749
253.0,9750
253.0,9751
253.0,9752
253.0,9753
253.0,9754
253.0,9755
253.0,9756
253.0,9757
253.0,9758
253.0,9759
253.0,9760
253.0,9761
253.0,9762
253.0,9763
253.0,9764
253.0,9765
253.0,9766
253.0,9767
253.0,9768
253.0,9769
253.0,9770
253.0,9771
253.0,9772
253.0,9773
253.0,9774
253.0,9775
253.0,9776
253.0,9777
253.0,9778
253.0,9779
253.0,9780
253.0,9781
253.0,9782
253.0,9783
253.0,9784
253.0,9785
253.0,9786
253.0,9787
253.0,9788
253.0,9789
253.0,9790
253.0,9791
253.0,9792
253.0,9793
253.0,9794
253.0,9795
253.0,9796
253.0,9797
253.0,9798
253.0,9799
253.0,9800
253.0,9801
253.0,9802
253.0,9803
253.0,9804
253.0,9805
253.0,9806
253.0,9807
253.0,9808
253.0,9809
253.0,9810
253.0,9811
253.0,9812
253.0,9813
253.0,9814
253.0,9815
253.0,9816
253.0,9817
253.0,9818
253.0,9819
253.0,9820
253.0,9821
253.0,9822
253.0,9823
253.0,9824
253.0,9825
253.0,9826
253.0,9827
253.0,9828
253.0,9829
253.0,9830
253.0,9831
253.0,9832
253.0,9833
253.0,9834
253.0,9835
253.0,9836
253.0,9837
253.0,9838
253.0,9839
253.0,9840
253.0,9841
253.0,9842
253.0,9843
253.0,9844
253.0,9845
253.0,9846
253.0,9847
253.0,9848
253.0,9849
253.0,9850
253.0,9851
253.0,9852
253.0,9853
253.0,9854
253.0,9855
253.0,9856
253.0,9857
253.0,9858
253.0,9859
253.0,9860
253.0,9861
253.0,9862
253.0,9863
253.0,9864
253.0,9865
253.0,9866
253.0,9867
253.0,9868
253.0,9869
253.0,9870
253.0,9871
253.0,9872
253.0,9873
253.0,9874
253.0,9875
253.0,9876
253.0,9877
253.0,9878
253.0,9879
253.0,9880
253.0,9881
253.0,9882
253.0,9883
253.0,9884
253.0,9885
253.0,9886
253.0,9887
253.0,9888
253.0,9889
253.0,9890
253.0,9891
253.0,9892
253.0,9893
253.0,9894
253.0,9895
253.0,9896
253.0,9897
253.0,9898
253.0,9899
253.0,9900
253.0,9901
253.0,9902
253.0,9903
253.0,9904
253.0,9905
253.0,9906
253.0,9907
253.0,9908
253.0,9909
253.0,9910
253.0,9911
253.0,9912
253.0,9913
253.0,9914
253.0,9915
253.0,9916
253.0,9917
253.0,9918
253.0,9919
253.0,9920
253.0,9921
253.0,9922
253.0,9923
253.0,9924
253.0,9925
253.0,9926
253.0,9927
253.0,9928
253.0,9929
253.0,9930
253.0,9931
253.0,9932
253.0,9933
253.0,9934
253.0,9935
253.0,9936
253.0,9937
253.0,9938
253.0,9939
253.0,9940
253.0,9941
253.0,9942
253.0,9943
253.0,9944
253.0,9945
253.0,9946
253.0,9947
253.0,9948
253.0,9949
253.0,9950
253.0,9951
253.0,9952
253.0,9953
253.0,9954
253.0,9955
253.0,9956
253.0,9957
253.0,9958
253.0,9959
253.0,9960
253.0,9961
253.0,9962
253.0,9963
253.0,9964
253.0,9965
253.0,9966
253.0,9967
253.0,9968
253.0,9969
253.0,9970
253.0,9971
253.0,9972
253.0,9973
253.0,9974
253.0,9975
253.0,9976
253.0,9977
253.0,9978
253.0,9979
253.0,9980
253.0,9981
253.0,9982
253.0,9983
253.0,9984
253.0,9985
253.0,9986
253.0,9987
253.0,9988
253.0,9989
253.0,9990
253.0,9991
253.0,9992
253.0,9993
253.0,9994
253.0,9995
253.0,9996
253.0,9997
253.0,9998
253.0,9999
253.0,10000
253.0,10001
253.0,10002
253.0,10003
253.0,10004
253.0,10005
253.0,10006
253.0,10007
253.0,10008
253.0,10009
253.0,10010
253.0,10011
253.0,10012
253.0,10013
253.0,10014
253.0,10015
253.0,10016
253.0,10017
253.0,10018
253.0,10019
253.0,10020
253.0,10021
253.0,10022
253.0,10023
253.0,10024
253.0,10025
253.0,10026
253.0,10027
253.0,10028
253.0,10029
253.0,10030
253.0,10031
253.0,10032
253.0,10033
253.0,10034
253.0,10035
253.0,10036
253.0,10037
253.0,10038
253.0,10039
253.0,10040
253.0,10041
253.0,10042
253.0,10043
253.0,10044
253.0,10045
253.0,10046
253.0,10047
253.0,10048
253.0,10049
253.0,10050
253.0,10051
253.0,10052
253.0,10053
253.0,10054
253.0,10055
253.0,10056
253.0,10057
253.0,10058
253.0,10059
253.0,10060
253.0,10061
253.0,10062
253.0,10063
253.0,10064
253.0,10065
253.0,10066
253.0,10067
253.0,10068
253.0,10069
253.0,10070
253.0,10071
253.0,10072
253.0,10073
253.0,10074
253.0,10075
253.0,10076
253.0,10077
253.0,10078
253.0,10079
253.0,10080
253.0,10081
253.0,10082
253.0,10083
253.0,10084
253.0,10085
253.0,10086
253.0,10087
253.0,10088
253.0,10089
253.0,10090
253.0,10091
253.0,10092
253.0,10093
253.0,10094
253.0,10095
253.0,10096
253.0,10097
253.0,10098
253.0,10099
253.0,10100
253.0,10101
253.0,10102
253.0,10103
253.0,10104
253.0,10105
253.0,10106
253.0,10107
253.0,10108
253.0,10109
253.0,10110
253.0,10111
253.0,10112
253.0,10113
253.0,10114
253.0,10115
253.0,10116
253.0,10117
253.0,10118
253.0,10119
253.0,10120
253.0,10121
253.0,10122
253.0,10123
253.0,10124
253.0,10125
253.0,10126
253.0,10127
253.0,10128
253.0,10129
253.0,10130
253.0,10131
253.0,10132
253.0,10133
253.0,10134
253.0,10135
253.0,10136
253.0,10137
253.0,10138
253.0,10139
253.0,10140
253.0,10141
253.0,10142
253.0,10143
253.0,10144
253.0,10145
253.0,10146
253.0,10147
253.0,10148
253.0,10149
253.0,10150
253.0,10151
253.0,10152
253.0,10153
253.0,10154
253.0,10155
253.0,10156
253.0,10157
253.0,10158
253.0,10159
253.0,10160
253.0,10161
253.0,10162
253.0,10163
253.0,10164
253.0,10165
253.0,10166
253.0,10167
253.0,10168
253.0,10169
253.0,10170
253.0,10171
253.0,10172
253.0,10173
253.0,10174
253.0,10175
253.0,10176
253.0,10177
253.0,10178
253.0,10179
253.0,10180
253.0,10181
253.0,10182
253.0,10183
253.0,10184
253.0,10185
253.0,10186
253.0,10187
253.0,10188
253.0,10189
253.0,10190
253.0,10191
253.0,10192
253.0,10193
253.0,10194
253.0,10195
253.0,10196
253.0,10197
253.0,10198
253.0,10199
253.0,10200
253.0,10201
253.0,10202
253.0,10203
253.0,10204
253.0,10205
253.0,10206
253.0,10207
253.0,10208
253.0,10209
253.0,10210
253.0,10211
253.0,10212
253.0,10213
253.0,10214
253.0,10215
253.0,10216
253.0,10217
253.0,10218
253.0,10219
253.0,10220
253.0,10221
253.0,10222
253.0,10223
253.0,10224
253.0,10225
253.0,10226
253.0,10227
253.0,10228
253.0,10229
253.0,10230
253.0,10231
253.0,10232
253.0,10233
253.0,10234
253.0,10235
253.0,10236
253.0,10237
253.0,10238
253.0,10239
253.0,10240
253.0,10241
253.0,10242
