age_window,drip_DET_med,drip_DET_p5,drip_DET_p95,drip_TRANS_med,drip_TRANS_p5,drip_TRANS_p95,d18O_DET_med,d18O_DET_p5,d18O_DET_p95,d18O_TRANS_med,d18O_TRANS_p5,d18O_TRANS_p95
-1.5,0.71950696166317,0.6334907521902706,0.786111832199782,0.4079254646189985,0.3310184460135775,0.4974173109570424,0.7563301080673537,0.6984636725293133,0.8361923877490336,0.3521900046128121,0.2845298689280048,0.4480566343689941
3.5,0.7159945317840055,0.6403050773057601,0.7925807043286867,0.41303784479460154,0.32228659689679345,0.49811663223464403,0.7588511882068878,0.7009160990548603,0.8407773967009636,0.3612091758555419,0.29587936862285114,0.4533156934766107
8.5,0.7279220779220779,0.6407090179238238,0.7897686053783615,0.412966304941467,0.33553889758369276,0.4889764507066394,0.7581744215611492,0.6882592309372951,0.8263793103448276,0.3671663615397418,0.2972077486272117,0.4616779834434006
13.5,0.7277111513968297,0.638368886457906,0.8011389951671365,0.4103040094961752,0.3320084612937836,0.5018351118608406,0.7648520141040709,0.6977838827838827,0.8375970438936996,0.37849235392864367,0.31357185876684485,0.4770344284807941
18.5,0.7170764246235943,0.6330459992269037,0.7968897405660378,0.4110332834162601,0.32516404597621446,0.49839200062074523,0.763630229419703,0.6945744680851065,0.8362537268932617,0.3856702300698578,0.3055673062766845,0.48181602954196484
23.5,0.7213522551178534,0.6409561940650024,0.8073910008591064,0.410673138206599,0.3219226652394969,0.4902765411873642,0.7623762376237624,0.6894224137931035,0.8362222036681417,0.38880710957992404,0.3124974920252037,0.4931237640079103
28.5,0.7206211451339992,0.6381909547738693,0.811317470913599,0.40421089680882005,0.32480759219394145,0.4993362951701964,0.7627257799671592,0.6905035775744951,0.8325547237752298,0.38839868702104613,0.316016841796691,0.49782212885154054
33.5,0.7240481321839081,0.6483320995650967,0.8039819004524887,0.4002365961223754,0.3225677980876718,0.48252568380463096,0.755376965772433,0.6814903383634314,0.8187528159495382,0.3885400141018861,0.3109740802675585,0.49947631523128677
38.5,0.7222196288948535,0.6318277035873265,0.7970297029702971,0.40241849452055545,0.3174964131994261,0.4835309105787829,0.7505868544600939,0.6820095739360309,0.8172135032652199,0.3917885518701627,0.2990404934817548,0.4951237368792937
43.5,0.7190688775510203,0.6310416567028553,0.7991196478591437,0.3973973933025519,0.32009607643692845,0.48532079007493945,0.7445652173913043,0.6769026360544218,0.814070940359387,0.38621706353301083,0.29997015482869244,0.49923795336045373
48.5,0.7215381367858148,0.639924882629108,0.7990686274509804,0.39593124616612163,0.3244726455398229,0.484396699646138,0.7365802566116784,0.6648917174706017,0.8095648604269294,0.38185937922548,0.2968818614055318,0.5018256979241231
53.5,0.7219512195121951,0.6457916666666667,0.8000523560209424,0.3974880150758051,0.31869058993502397,0.48141281641680994,0.7349033149171271,0.6664965986394558,0.8046380863622243,0.38116981704214326,0.29718976217968646,0.5010148495010086
58.5,0.7135785007072135,0.6443535248815165,0.7990975821515957,0.3971697432288565,0.31625327225302935,0.47125778081201547,0.7326667156826704,0.6666666666666666,0.808522264852924,0.38405094861663014,0.30573195187165775,0.49375205297665187
63.5,0.7178217821782178,0.6349331683168317,0.7957616942306642,0.3903396378368517,0.32034489225313695,0.47716025316939126,0.7323587992602077,0.6695215311004785,0.8100743996399163,0.38525267015454345,0.29802564611435123,0.5047223172539627
68.5,0.71950696166317,0.6420287433155081,0.7905879367453787,0.383610193425599,0.32116498810467886,0.47108367880692226,0.7367137355584081,0.6712362693768607,0.8112546631555848,0.3853769992383854,0.2935643011060345,0.5040472165775156
73.5,0.7189809113300493,0.6407472098720625,0.7889093438062509,0.37749468679752674,0.3201819921440394,0.4681351558217228,0.7319587628865979,0.6665780141843971,0.8069584899666438,0.3798400457575638,0.2970992496347466,0.507553507915513
78.5,0.7214016653449643,0.6377094522019334,0.7876509661835749,0.37723559901108217,0.3185005632629126,0.4680459014433852,0.7289049413735343,0.6664215686274509,0.8020419283604348,0.37463803793612777,0.28839031339031335,0.48014634146341456
83.5,0.7184175531914894,0.6466571018651364,0.7879292929292929,0.37631934032983505,0.31157015842383545,0.45944332563475804,0.7279520154526509,0.657241428368189,0.8068475951323159,0.35712553003619285,0.2729986956876172,0.47208959677720164
88.5,0.719900028977108,0.6376152832674571,0.7826434726806013,0.37787573544144704,0.3082473045000021,0.4554551393728223,0.7230655897287485,0.6574693776208342,0.8074653607262302,0.34915483211967446,0.26307360853905715,0.44713617637234143
93.5,0.7208710407239819,0.640933121860957,0.7866225961538461,0.3735547983425742,0.3086123368206041,0.45998252989026583,0.720932407160032,0.6665869218500797,0.8061037405564768,0.3368359324391591,0.26229934981656833,0.41854901670734607
98.5,0.7159512453630101,0.6427035330261137,0.7858615611192931,0.3751822797953933,0.30366667380334394,0.4488607407407405,0.7260963623738048,0.6665820642978003,0.793753200204813,0.3325945368998867,0.26523425572765996,0.41008061898940934
103.5,0.7138981791155704,0.6428243774574051,0.7895348837209302,0.3731263368983957,0.30235976123907155,0.45895242614818643,0.7238416432227232,0.6601687592131348,0.7884778342699135,0.33068153300430186,0.2592053983336776,0.40205711870547034
108.5,0.7183390356035497,0.6405560458958518,0.7871953541507997,0.37402671767733653,0.30435267212067807,0.45592276674937965,0.7288119694198208,0.6629562328020352,0.7908163265306123,0.3323571124270831,0.2689734627831715,0.4030436017127216
113.5,0.7167589355089354,0.6378198685736374,0.7822359735973597,0.378764514680601,0.3036414985590778,0.4553438938108505,0.7255034041427093,0.6598947368421053,0.7919827564217025,0.33826276582932086,0.26694188014103637,0.4012555132317562
118.5,0.7163820321469575,0.6383841992446667,0.7948901098901099,0.3823485504586406,0.3055497722836695,0.47754351736590833,0.7296632094695148,0.6666666666666666,0.7889711716477122,0.33383534136546184,0.2645601769048161,0.4042983659150325
123.5,0.7266096090254814,0.6246173469387755,0.7895604395604395,0.3878196848359597,0.31890253328831153,0.47227840346739564,0.7323232323232324,0.674601507027967,0.7943237128048619,0.33555944055944054,0.27235912104362703,0.40771943508291897
128.5,0.7237194509541346,0.6402371293344924,0.8022355769230769,0.39573386546942435,0.327878672532287,0.4916230660530149,0.733500837520938,0.6665086887835703,0.7972610694984356,0.3423044024116,0.2704794970092036,0.4083387369642483
133.5,0.7239712073882929,0.6427035330261137,0.8095604395604395,0.40734722947208235,0.32450581865928013,0.49669222545419195,0.7288368636194723,0.6583233323332334,0.78982986997205,0.34137057107795543,0.2839765090947865,0.4052507485260032
138.5,0.7341710350498509,0.656420300566642,0.8041739360296062,0.4212419739344957,0.3333202099737533,0.5201293097525113,0.7274977497749775,0.6631675744500247,0.7962189054726367,0.3407087846613393,0.2798872796769629,0.4049827332899141
143.5,0.7343372584541064,0.6530618686868688,0.8156563550960283,0.4306958128078818,0.34333117107118216,0.545403574087863,0.7272643994045573,0.6630653266331659,0.7944164869398513,0.3411463101995972,0.2826263565891473,0.4122264302210097
148.5,0.7392460684551341,0.6457198844884489,0.8325755166931638,0.44972656014785295,0.35359465737514517,0.5584468880570207,0.7292663192213418,0.6479446441789151,0.7900121951219512,0.34315894242929945,0.2875598024074227,0.4217179340650678
153.5,0.7449489795918367,0.6648917174706017,0.8428077870576217,0.4557333675081978,0.35801652391725924,0.5633883398236579,0.7270243417784401,0.6523841354723708,0.7981252300331249,0.342970167876588,0.2890872721015541,0.421640372355994
158.5,0.7368421052631579,0.6616757482429124,0.8458510081173082,0.4656263389603096,0.37462336602140883,0.5707867442678669,0.7253499393805798,0.6580982392957183,0.7949832775919732,0.3409909508854858,0.28897086945436,0.42738076438075256
163.5,0.75,0.6519268476621418,0.8694633838383837,0.47208910892029576,0.3801626031166655,0.5848672829463444,0.7286432160804021,0.6545052557105316,0.7947560975609756,0.3446962492969202,0.28935238067505736,0.4276087236682708
168.5,0.75,0.6516704374057315,0.8715554098734466,0.4718526563489909,0.3793908528852251,0.5936328846188317,0.7242240646258504,0.6562726704190119,0.8000943396226415,0.3470365256888903,0.2850521673902666,0.42445887445887437
173.5,0.74688995215311,0.6553047742968672,0.8505311271857379,0.4789340552054673,0.38813060686533324,0.5949292452830187,0.7215525328330206,0.658516852770885,0.7949340303709235,0.3478825003853655,0.2893266804655019,0.42204524750703565
178.5,0.75,0.6545685279187817,0.8521304990995626,0.4706083310833108,0.38692094572526636,0.5811558654875563,0.7191297208538587,0.6600478468899521,0.7858374384236453,0.34440005510400884,0.28745878849572315,0.41558904278619246
183.5,0.7435226204859713,0.6477420755536257,0.8413984113712375,0.4638391470015863,0.37023574003759696,0.584221722155365,0.7177033492822966,0.6589114832535885,0.7942265795206971,0.3417327220955264,0.28869849849670887,0.4058843525663285
188.5,0.7475719000471476,0.6421197266785502,0.8470788833668182,0.46053551326406117,0.37240239897378724,0.5647561374795417,0.7250592417061612,0.6537728937728938,0.7877429959977129,0.34761516952379035,0.28618674388962184,0.4132179894986818
193.5,0.744634068538097,0.6502339901477833,0.8446080090242526,0.4526602721550078,0.3639435961633402,0.5549890664539553,0.7252996098104794,0.6532112624217887,0.7871590696805529,0.3458142904259329,0.2855474397124423,0.408567038272035
198.5,0.7448404255319149,0.6333981172986408,0.8293969849246231,0.442753659640827,0.3559936567524811,0.5470920763676714,0.7214016653449643,0.6516785007003816,0.7837056036069193,0.3440400597926422,0.2788903708787807,0.40714135576796595
203.5,0.7401682294539438,0.6432719151312116,0.8293200859883143,0.4326344844269447,0.34965721758542573,0.5442940782870526,0.7222065859836757,0.6557818765036086,0.7904030688194206,0.34397138295397833,0.2794598388554506,0.40549651640952705
208.5,0.7411130874126775,0.644541811381245,0.8193975341186808,0.43057211731727885,0.3433848303845883,0.5372896007068686,0.7264283327764784,0.6402371293344924,0.7971961255553127,0.34507356002775846,0.2904725472547255,0.4082009888098428
213.5,0.7314616149458371,0.6472916666666667,0.8290339611521744,0.41715035682060536,0.34177696078431374,0.5391392531145571,0.7267867271695972,0.659830382567785,0.7898086490623804,0.3445379604542572,0.2895028685007002,0.41628356099858693
218.5,0.7352884615384616,0.6465981054063955,0.8205197881828317,0.4114344607855124,0.332211845199531,0.5108907501078832,0.7310482712383871,0.6643129530014901,0.7923628871838589,0.3468338280477009,0.2787198582479236,0.40953230206640345
223.5,0.7311538752935829,0.6363415710503089,0.8190500119645848,0.40514807690465016,0.33023126566823197,0.5139963307532811,0.7336819969412278,0.6649183168316832,0.7923034694773825,0.3445972557727798,0.28938463936811476,0.40536537627128344
228.5,0.733829244745897,0.637087912087912,0.8200030785807741,0.4011449771811727,0.32418462219598587,0.4895675808083394,0.7299303779482808,0.6761495968945954,0.7910556441095493,0.3482534232903509,0.2909368895057212,0.40846240138510437
233.5,0.7258839950372209,0.6347691484482495,0.8166091557395905,0.3957511845540597,0.3220146845380776,0.48330726076167874,0.7349418604651163,0.6695707547169811,0.7948782051282051,0.3448551669471617,0.2883222777980522,0.410910854847866
238.5,0.7284241721427651,0.6386940378245539,0.8300458937198067,0.389308492782813,0.33112249560372253,0.4732707509881423,0.7379796578825706,0.6680740670220868,0.8085262828535669,0.3440253507260645,0.2893106334594826,0.4082432295173855
243.5,0.7293176328502415,0.6317391408342901,0.8099086867715968,0.38714987698070247,0.3185256906203067,0.4664014668497674,0.7382700092669365,0.6731570549350354,0.802018802797711,0.3458155396511662,0.2918295599419704,0.42669826933484345
248.5,0.7282051282051282,0.6315567765567766,0.8067107433756057,0.38604556354916064,0.3218368840461864,0.4581689080943409,0.7481179585691293,0.6775700136612022,0.8063151210408999,0.3475829624907831,0.2897529996044478,0.4294373885918003
253.5,0.7263654419066534,0.6372338927686416,0.8037709881640517,0.38512933045467557,0.3247917236702293,0.4589971020783845,0.7456015749601276,0.6859691717715026,0.817240488155061,0.3524503149907765,0.2860411710282844,0.4282206345829395
258.5,0.7214271110202413,0.6313471502590673,0.8102735836882177,0.38265452056126714,0.31600429254654794,0.4610591926312755,0.751913299438052,0.6878660049627792,0.8156144244105409,0.3500176383349412,0.29170356764085237,0.41717877641428963
263.5,0.7168238993710692,0.6399711538461539,0.7964814814814815,0.3829462274424338,0.31915118097618167,0.45759020889222063,0.7512437810945274,0.6736842105263158,0.8154129306276545,0.35029889121002733,0.2874855734278444,0.4235006101382244
268.5,0.7161036920659858,0.6344682741116752,0.7958267676510954,0.38367136058512696,0.31590247609216165,0.45967064609932295,0.7544563279857397,0.6908769063180827,0.820251218995124,0.3470877402055713,0.2814577071704594,0.42860387152590024
273.5,0.7167362586379509,0.6403849662470352,0.7885553255118471,0.38110001831837337,0.3139106530653309,0.45222029434864963,0.7545467032967033,0.6858206806282723,0.8288839322822864,0.34567627494456765,0.27777095277095276,0.42857142857142855
278.5,0.7191297208538587,0.6387058237929318,0.7922744911697156,0.3797145073923476,0.3172599204832174,0.4529844885653899,0.7513382761285889,0.679888888888889,0.8229933554817275,0.336008838273844,0.2659510923371395,0.4143710465209384
283.5,0.7200070085855172,0.6371527969517918,0.7946003457906636,0.37328195169942946,0.30888994860171115,0.4488635498103989,0.7514637904468413,0.6801707939535014,0.8256042568542568,0.3279473176999679,0.2597792553656447,0.404955433438605
288.5,0.717388260007002,0.6380018371427028,0.7913454937726782,0.3752821336988762,0.30773561301084235,0.4614438477713177,0.7520554344440984,0.6779761904761905,0.825184129246852,0.3213755707762557,0.2473883610131625,0.4114005371485732
293.5,0.724313863476425,0.6373627580149319,0.7921217121712172,0.3720364184588263,0.30715356681064127,0.47637409342482756,0.75,0.6733338730569948,0.8236687306501547,0.3273771874341134,0.2553581606574859,0.4094157303370786
298.5,0.7261020571733903,0.64079099851772,0.7979843591109389,0.3798676255759074,0.3098012437027708,0.4652043764241043,0.7514287580418666,0.6823135064081499,0.8324181117533719,0.3374870910165414,0.2597778811343524,0.41960337173046075
303.5,0.7220867208672086,0.6503732253500513,0.7963784799407219,0.38144494633155357,0.30790038885105825,0.46305623953511266,0.7579087579087579,0.6770129504504505,0.8354486036838977,0.3441636730034201,0.2697181462397125,0.4253225133594231
308.5,0.731593429500542,0.6518369719021629,0.8125612745098039,0.38570064470690213,0.30953981077074605,0.4573076461419341,0.760643115942029,0.6820064484126984,0.8415300546448088,0.34828632480352195,0.288801126174821,0.42320186824646644
313.5,0.738911951059646,0.6560132575757576,0.8179223931064572,0.3883009290073402,0.3227765635759408,0.4594065867281479,0.7595811518324607,0.6795274789182902,0.8324948300873483,0.3568720613505528,0.2910476872860441,0.4331668237700407
318.5,0.7421798631476051,0.6632825969164081,0.8309701492537312,0.3924805983415805,0.3092372213061868,0.46193944506936635,0.7552637411347518,0.6858638743455497,0.8334935897435898,0.35965063565585886,0.30328038298335325,0.4318295795259851
323.5,0.7386751650352834,0.6678697716710447,0.8157894736842105,0.3884001757445114,0.3133505523731588,0.47730342275670673,0.7518852921561586,0.6819388657319692,0.8293294727217311,0.36380223641539466,0.2954851345922057,0.4298409696434241
328.5,0.743003706991072,0.6494571177889888,0.818825110689437,0.3926377812124569,0.3221339573553081,0.47939138653213287,0.7564109308013993,0.6839246061118748,0.8317176870748298,0.36151013222190287,0.2958569566574266,0.4337958759304098
333.5,0.75,0.6576074269116968,0.823723499552105,0.391500549364307,0.3288678677339517,0.4759909796826441,0.7474215842636895,0.6748708690037782,0.821580547112462,0.36665394440297056,0.2944118514528994,0.4317269053238372
338.5,0.7414230019493178,0.6596745436536012,0.8249559318412477,0.3923014736267748,0.3173516688264382,0.47314444304234626,0.741205141803672,0.6603728446330234,0.8098088332234674,0.363703557312253,0.2973576278747026,0.4229318404233799
343.5,0.7417534499563946,0.6561298076923077,0.8324644905934517,0.38851435664551337,0.32918123027908297,0.46380018629067604,0.7321409976049151,0.6646560332496694,0.8050084778922656,0.36210799822810213,0.28868326515628273,0.4168737100890423
348.5,0.742421149331428,0.6559617718446602,0.8208315880595348,0.38682068273845227,0.3261663951864902,0.4806324075541362,0.7320574162679426,0.6664912280701754,0.7962458200014434,0.3593445151082846,0.292526455578631,0.4278828736616171
353.5,0.7438799762329174,0.6521981565581921,0.8325296108291033,0.3835571461404603,0.31660727766262664,0.45379335126967146,0.7226495726495726,0.6635024852618194,0.8000462962962963,0.35541753311715507,0.2955512900633872,0.4227698771816419
358.5,0.740632067099877,0.6595284369885434,0.8126488095238095,0.37875354207491574,0.3124244933749026,0.46683584234289727,0.7256483238456672,0.6650363399685416,0.789712918660287,0.3570904180455704,0.28815222801117385,0.42446884007815167
363.5,0.7328135522975703,0.645420221633814,0.8178397893536739,0.3768755735224821,0.30451077054978026,0.45158523797294975,0.7255357957136344,0.657233658360419,0.7877962927846781,0.3551310303289247,0.28831328361850833,0.41777234552363435
368.5,0.7341710350498509,0.6581546621998883,0.8105405405405405,0.3726263935328328,0.31121206112107624,0.44593496546465056,0.7215212596809766,0.6582728272827283,0.7815533980582524,0.35366493371110874,0.29120393832604863,0.41142700097859947
373.5,0.7263157894736842,0.6535843054082715,0.809313399778516,0.36796990294791176,0.3086042824508166,0.43685129181872373,0.7178852500634678,0.6538271134805789,0.7800995260663507,0.35531541066892464,0.2992480953014269,0.41885398841526433
378.5,0.7245637385388939,0.6569215796632428,0.8058131868131868,0.36750900343504045,0.30881739862390994,0.43719903644195507,0.723232406340848,0.6487738958470666,0.7757346938775509,0.3525424824722667,0.2944237188740527,0.4142140392980351
383.5,0.7319510898458268,0.6541628740471044,0.8045235878336437,0.3599204771371769,0.30255676384116753,0.43271909080683163,0.7215525328330206,0.6547735259664194,0.7800048355899419,0.35098041904344013,0.29162183842503553,0.42270805875607215
388.5,0.7242429076599931,0.6564048688595856,0.8000523560209424,0.36543055338236063,0.3004135904674013,0.43588341651268414,0.7161387434554973,0.651522649908353,0.7849153297682708,0.35331005311823727,0.2911226925377921,0.4227399471778882
393.5,0.7235552473416551,0.6549329268292683,0.794355881085739,0.3615228902831741,0.2983732533233604,0.4248939824463399,0.7218246663598711,0.6484870680945646,0.7809910563210055,0.3547312058256586,0.28899717855887364,0.4221269124655129
398.5,0.7312643555365632,0.6519268476621418,0.801316418767038,0.3657974904855672,0.28531823454967303,0.4230512312382325,0.720595664830274,0.6506941334527541,0.7761284722222221,0.35451580731413324,0.28465595853655556,0.4229391416024525
403.5,0.7263687473728457,0.6556548347613219,0.7968681318681318,0.36363932105161445,0.29258573195466375,0.421195169025617,0.717948717948718,0.6385879302215935,0.7907378420683326,0.3541839853648766,0.288484915556974,0.42032455790462986
408.5,0.722237785746302,0.6551457518663348,0.7913029895222532,0.3620619164924338,0.28723539333295434,0.42391645667765065,0.7185197833829341,0.6534007748600947,0.7824475452726619,0.35186763031024415,0.28481770746583246,0.42245565894274045
413.5,0.7277111513968297,0.6582914572864321,0.7939488338125883,0.3570502247594305,0.296091512418987,0.42044038668098815,0.7209830144474815,0.657066206764396,0.7854179493251243,0.35574668451380775,0.2852174385427886,0.4152392081652617
418.5,0.7253886010362695,0.6544200563834072,0.7885121457489878,0.35645121605808927,0.29204137090824944,0.41989785049472644,0.7183098591549296,0.6478578752074993,0.7843137254901961,0.35555421779057167,0.2902051026596206,0.41714923326332104
423.5,0.723878010743372,0.6490290589767029,0.785134494046207,0.35023296241899216,0.2897733425912965,0.42074756158477267,0.7257714669051878,0.6372103386809269,0.7956069302150941,0.3528153955808981,0.2875251641644918,0.4147788843097676
428.5,0.7192783816425121,0.6482147127756254,0.7968827351485148,0.35279794461709413,0.285816170499585,0.42744847158188365,0.7215796502110795,0.6439779936558288,0.7926816738277601,0.3519421288628284,0.2866543209876543,0.4120181670365089
433.5,0.7228945045756492,0.6532117107275508,0.7915094556664979,0.3587057320641904,0.28603933327453923,0.42120698367528836,0.721289858547111,0.6438694792353329,0.7944097393015248,0.35249409963641004,0.28743186336930054,0.41925336645537087
438.5,0.7248140635564571,0.6679838158194666,0.7883715907688511,0.35785155589567447,0.28890371474587845,0.42934945943843816,0.7189023937421095,0.649436051852608,0.7819999061517526,0.3550509337860781,0.2884473285335354,0.42370816463339095
443.5,0.7247041616806276,0.6588871079053408,0.7922810727674708,0.35804299481097107,0.28666950942760255,0.43049856132602404,0.7201184354059529,0.6455660094084676,0.7757299091885557,0.355386291404047,0.2892150475747297,0.42077191777514256
448.5,0.7270622895622896,0.6556965231406862,0.78963133640553,0.35536528878369505,0.2850749840767405,0.43970780453770675,0.716784008046266,0.641710838331706,0.7895027624309392,0.3599116997792494,0.29202378708485693,0.42967353086217547
453.5,0.7220930757425296,0.6567247386759582,0.7806905435441504,0.35060055674997204,0.2885826753166745,0.4320407713626401,0.7208121827411168,0.648056633880302,0.7847646517170404,0.3598267105703762,0.28614771001601624,0.42841452625592247
458.5,0.7242990654205608,0.6591155944677072,0.7858294930875576,0.3521638596735022,0.2873470213161099,0.41963122822959253,0.7215047943086916,0.6395100460583405,0.7839501374274688,0.3577960569264917,0.29651675370104946,0.4218207765521027
463.5,0.7270689981693075,0.6499644549763034,0.7932828282828281,0.3494265384085903,0.28096337282324585,0.4155996611838295,0.7237710931768159,0.6481078904991948,0.7865442836617406,0.3583625730994152,0.2992463539730915,0.42600959792791265
468.5,0.7249338624338624,0.6516665441266574,0.7906606469888965,0.3451682400489793,0.2794739380127794,0.4193756899300871,0.7174904180966457,0.640598329193949,0.7835755336617405,0.3662833266745458,0.297579563093599,0.429692273581519
473.5,0.7244047619047619,0.6632335931606739,0.7817391199749801,0.34787385384320957,0.2764392573335958,0.4185614164094872,0.7198179271708683,0.6442186652197505,0.7923309178743961,0.37062673275225877,0.30676118885890963,0.42679743869480047
478.5,0.7259249316673174,0.6568478906714201,0.7841213950368879,0.344453617296981,0.27693964870527976,0.42692527942324826,0.7205882352941176,0.6397401433691756,0.7877103380212188,0.3725681808889071,0.3051709494773519,0.4402156092083099
483.5,0.7279220779220779,0.661587098607559,0.7889447236180904,0.34993079253429904,0.27384201778074707,0.43246332550708777,0.7224779571739379,0.6393890958517922,0.7900348837209302,0.37322228716150396,0.3071199220790797,0.43786952204408325
488.5,0.7263306641544984,0.6444939644912929,0.7918664038349535,0.34461837070963774,0.28647703061717117,0.4317192163465217,0.7223676556137288,0.6357063376874698,0.7845856601515755,0.36944448451451894,0.31215511532943385,0.4473551305800677
493.5,0.7228511619958988,0.6534400647324009,0.7922883412364478,0.3441931527258788,0.27668660326717254,0.42265667607236856,0.7228945045756492,0.6394323950161513,0.7821592504590128,0.3688080495356037,0.3100975882031389,0.4485914352214501
498.5,0.7305806938159879,0.663380248978075,0.7879585326953747,0.34502455777141594,0.2803512458201505,0.42908264593601025,0.7205882352941176,0.649263668940007,0.7941065216190843,0.37498975690146374,0.3037719058050383,0.44853349673202614
503.5,0.732533816761958,0.6587620761939482,0.7902665910380035,0.34614354192007185,0.2794202886376237,0.4270369259717932,0.7178330677779139,0.6414887917665304,0.7921928943569142,0.37309687436633876,0.3100719553198904,0.4302933270082226
508.5,0.7286858974358974,0.6681674565560821,0.7871082621082621,0.34156137659691566,0.2801236714406397,0.4232136447464508,0.7213930348258707,0.6476190476190476,0.7959282742223103,0.36876507947771786,0.3086855802555794,0.43938720045858876
513.5,0.7297248283199536,0.6665086887835703,0.7844345321066815,0.3401183431952663,0.2771056484751794,0.41848615166101155,0.7199198183838091,0.643491311987505,0.8000497512437811,0.3730727339638703,0.3065092345127448,0.44064916563807094
518.5,0.7305806938159879,0.6665040650406504,0.7865369199251803,0.3430600915349754,0.2722488496384578,0.420243968555164,0.7238839285714286,0.6433861386138614,0.7948158452570216,0.37633798805252006,0.31967608114182133,0.4335832305021646
523.5,0.7268405600722674,0.6722686400891223,0.784433486238532,0.3438014571930875,0.27639591308567424,0.4265624373105696,0.7240539431853144,0.632327333918642,0.7903352474244215,0.3776372479527541,0.30334525966911735,0.44609285104956165
528.5,0.727251827113886,0.6632195368376272,0.7883784186601088,0.33893343596980774,0.277967719262044,0.4163698767234578,0.7192118226600985,0.6540342781806197,0.8015223831468069,0.37708359504092304,0.3081993836258877,0.43925769327916814
533.5,0.7238201175909741,0.6699437680081791,0.786471909557662,0.338980933515736,0.2748588544797076,0.4065850556767543,0.7219601677148847,0.6457971676564642,0.798994708994709,0.3723252116473664,0.30799402464285924,0.4400248709026852
538.5,0.7281802340054767,0.6597674030647506,0.78613154537311,0.3390138387628767,0.2816105725260655,0.4072482205294705,0.7227463665565963,0.6486419587904737,0.8000537634408602,0.37571674143980544,0.30490745830810584,0.4504367098220132
543.5,0.7215525328330206,0.6584668989547039,0.7924131023918934,0.3394147901551403,0.28005946034508733,0.4089205813379062,0.7275171982489055,0.647671175568261,0.7978825695581014,0.37716260019158454,0.3023170731707317,0.4467342750672562
548.5,0.7205815210861468,0.6547342794986014,0.7848014093529789,0.33840837922470574,0.27468721097676085,0.41170088915366154,0.7252450980392157,0.6423113560590596,0.8013094305120166,0.3721673045379989,0.31107581789856326,0.45234453703523514
553.5,0.720932407160032,0.6505244138903579,0.7895161290322581,0.34023962887561326,0.27269066095798766,0.4076302100803008,0.7247242647058824,0.6380745341614906,0.8052658835417456,0.3761836376136277,0.3048821812787947,0.4535178559062597
558.5,0.720467032967033,0.6538461538461539,0.7964444005616991,0.34096851695840746,0.2678836355301298,0.41111600477318605,0.727510709186102,0.6399711538461539,0.801118123733832,0.37422675152736506,0.3030328575175153,0.4589403534349284
563.5,0.7207002090176172,0.6471354698237736,0.7927552729366201,0.3400690429569688,0.27422346662000174,0.4148397482752856,0.7277095861822775,0.6372138135225504,0.8031147161661867,0.37904211112239145,0.300861275460479,0.4606755423991788
568.5,0.7247087744164415,0.6504153207198892,0.7877579235988474,0.33952129619439086,0.27848087031062285,0.4129582262273611,0.7294609296570401,0.6341315910912492,0.808112684729064,0.37946489477719203,0.31149655891773836,0.4567103580562659
573.5,0.7274977497749775,0.6416920138643276,0.7900792625140002,0.34082771875269935,0.27417145746625693,0.4143525021949077,0.7297959183673469,0.640717559509142,0.814136064940085,0.38443549345458866,0.31592494543729543,0.46708385504281996
578.5,0.7223676556137288,0.6647779540047581,0.7872052669184444,0.33921129712835024,0.28366754963031965,0.4200616438356164,0.7317003499250161,0.6473529411764706,0.8154725274725274,0.3801469305670986,0.30543651508091163,0.4732656558166845
583.5,0.722488038277512,0.6567696078431372,0.790620580134488,0.33965990534984536,0.2788370931891739,0.4209010926826639,0.734368215371255,0.6506797108282257,0.8138790386130811,0.3814622890915491,0.305603906240209,0.47104528880786156
588.5,0.7261089346644762,0.6515034965034965,0.7882421571169302,0.3352700122844109,0.2716426547956293,0.42197040146664183,0.7424242424242424,0.630882487635098,0.8203031352388056,0.3840754229323308,0.3050421647669354,0.4788083423139454
593.5,0.7258883248730964,0.663497582700231,0.7882922824302134,0.3376972965362732,0.2699359549753251,0.4085453574290038,0.7469081054446909,0.6421126943005181,0.8250290697674418,0.3858397842334299,0.3037169602020926,0.4804152916732143
598.5,0.7263681592039801,0.665109196080746,0.7899321373221246,0.3385671536701285,0.2757486931726002,0.4074312808239048,0.749384236453202,0.6548257575757576,0.8293551088777219,0.3861770568152665,0.3088108872703932,0.48805372287469245
603.5,0.7302754435107376,0.6632599355531686,0.7857320540156361,0.3355763975850213,0.28212191650049995,0.40337317594618843,0.7525784157363105,0.6596324065396231,0.8368604651162791,0.38797026837048215,0.3162021857923497,0.4792198647271379
608.5,0.725952645209027,0.654391065274014,0.7843480392156863,0.3413777747328035,0.288157290538313,0.40624679802623587,0.7561477873977874,0.6532663060120445,0.8378999689344516,0.38419995757101366,0.3147045164028371,0.4717103081918648
613.5,0.7240669240669241,0.6582850476874167,0.7889569468966454,0.34672222023877874,0.28660844376604455,0.40512331425159787,0.7579868585023224,0.6701713909030983,0.8483988764044943,0.380974920926062,0.3047735717384334,0.4766955732182335
618.5,0.7266096090254814,0.6553047742968672,0.7817587648930854,0.3469681053016522,0.28423526745551564,0.41267166647483233,0.7538461538461538,0.6611517852405963,0.8509503362959404,0.37927841883673785,0.29486107217939733,0.4831424955094505
623.5,0.7236296521035599,0.6582830234242937,0.7843288084464555,0.3436050266401163,0.2864171021670735,0.416785851403008,0.7455648926237162,0.6494571177889888,0.8398488787780305,0.37178948351545715,0.29648361453601557,0.482913074024398
628.5,0.7282051282051282,0.6563564213564214,0.7883406654197729,0.3492828797333803,0.284156129711321,0.43067439096850857,0.7474737164438093,0.655449785816278,0.8264188290086493,0.36700027085590464,0.2900127216038708,0.4696826680820419
633.5,0.7227588919204582,0.6585179193628671,0.8020367538173961,0.3601208388698365,0.28140636535148883,0.42947459836806434,0.7420131414976776,0.6515268661697631,0.825866351271437,0.35899280766898256,0.2799430053391258,0.45485014172941407
638.5,0.7254032258064516,0.6555277777777778,0.7892836977723026,0.3593829314720812,0.2863896504101909,0.4452452166282465,0.7338554474500161,0.6529839208410636,0.8051842948717949,0.3476262787723785,0.27436527239965214,0.44162664586211786
643.5,0.7229070299395111,0.647917590375691,0.7848541367766617,0.36411302291779685,0.2948405151334022,0.45144454799627215,0.7303135253372219,0.6665086887835703,0.799020618556701,0.3409418705001951,0.27233453957226317,0.44037064995126796
648.5,0.7325203252032519,0.6481820869051138,0.7980278980278981,0.37140107618547946,0.29638913672504646,0.46185290863564893,0.7326537627584748,0.6546297295838506,0.799020618556701,0.346925362898617,0.2773638367281405,0.43398913895283336
653.5,0.7308668488871535,0.6511159079016222,0.8069584899666438,0.37977272727272726,0.30036301369863017,0.47123268873501095,0.7275416890801507,0.6553658603477592,0.7869356131445364,0.3518183314135264,0.28721858361211894,0.4159053620212293
658.5,0.7353719265483971,0.6513651365136514,0.8070335966180888,0.3818486525827891,0.3048338257856278,0.4653799019607838,0.7227991820921222,0.6555602853198343,0.7789449640547234,0.3543308440394874,0.28679652742915507,0.4216896873334516
663.5,0.7312382739212007,0.6681522216261035,0.8074866310160428,0.3833994824644801,0.3070875618006766,0.4718801066215989,0.725901847687946,0.6578028010054892,0.7938798089011817,0.3580464313165497,0.2960207964694505,0.43816316671246597
668.5,0.7383896477354421,0.6629101722723544,0.8034359552976573,0.3876112515624559,0.31926119547712,0.4838417061611373,0.7257258672699849,0.664769813996618,0.7826007415956584,0.36211324988190835,0.2950172904156359,0.4396238397311668
673.5,0.735214626391097,0.6666666666666666,0.8085851063829786,0.3934033197694264,0.3249179754784499,0.4872165057492105,0.7292663192213418,0.6634017971758666,0.7776102615948438,0.3705534072976522,0.3043837090600725,0.44849806691651595
678.5,0.7383770985794231,0.671256038647343,0.8010989310645724,0.3954513583868602,0.33064286331059495,0.4817558819367173,0.725,0.665047348031948,0.7875413170607679,0.37309141038302124,0.29966203837068617,0.4507311207493089
683.5,0.7376475516892974,0.6533392490192416,0.8060125508819539,0.39266270863672004,0.3263256859035005,0.4946855959713304,0.7274861288945795,0.6571139971139971,0.7814492528423069,0.376553911205074,0.299335828356529,0.4523741849812749
688.5,0.7363129874953571,0.6595266368003454,0.8100128205128205,0.39012366867060344,0.3274877757101971,0.4776279300420059,0.7288177339901478,0.6582407341873687,0.7861892460773057,0.3811795669554836,0.30264951242883714,0.46688934985956143
693.5,0.7368421052631579,0.6531611546102607,0.8052912621359223,0.3904364250919574,0.32301966096353263,0.46736258102318085,0.726109260850881,0.6632389890629619,0.7821782178217822,0.381630552117067,0.30796768065391134,0.45515970515970494
698.5,0.7330033003300329,0.6597931616715914,0.8155785375920453,0.39117950238444255,0.3154446476461544,0.4584895281201652,0.7268292682926829,0.6634615384615384,0.781524984507915,0.3843661773009599,0.3020676673032546,0.4520757782823446
703.5,0.727290950744559,0.6628771327507282,0.7980339720230398,0.39183239704213996,0.3064722171411192,0.4638148580360383,0.7270509977827051,0.663409731584753,0.7921032684842777,0.38931144553790087,0.3048579462545269,0.4535360773204465
708.5,0.7281959535899393,0.6521173007246377,0.8012558038828879,0.3882351299671928,0.3128636265848699,0.46493808566982237,0.7258013052936911,0.6632459918640823,0.7892787114845938,0.379004329004329,0.3016437100593223,0.454541836706223
713.5,0.7290005071227699,0.6583683767872162,0.7854592631032693,0.38691875913378504,0.3170022963577215,0.4751814371387968,0.7248191835347799,0.6593063186813187,0.7839580678512178,0.3738133496318057,0.3067023870433887,0.455345206903858
718.5,0.7234432234432234,0.6464380648591176,0.7881691556928809,0.38334396355353073,0.3145806613856406,0.47535183925780056,0.7230769230769231,0.6682669841840402,0.7854297340728837,0.3748872833939921,0.30299814987865936,0.4500397361899983
723.5,0.7285885454109753,0.6512820512820513,0.7886862635831707,0.38593525507593757,0.31642466995026897,0.4630274250126211,0.7201072017592083,0.6683333333333333,0.7837746364332184,0.36979494129042123,0.3034758518672307,0.43858167233835677
728.5,0.7214271110202413,0.6503591242322172,0.7979869113671931,0.3823741187340432,0.3098673447279936,0.45483657116504284,0.7226426831164792,0.6615586093493071,0.7826007415956584,0.37038431945911343,0.30634052287657926,0.43913199426111904
733.5,0.7259291776412058,0.6394031425891181,0.8058893105317628,0.37854254751347216,0.31416600423953367,0.4653154351887905,0.7245637385388939,0.6567011098354382,0.777859477124183,0.373594324013573,0.31678301251655966,0.4366590098081008
738.5,0.7323653417973377,0.64375,0.8012225104014696,0.37528642590286426,0.31899337615415496,0.4588283863721809,0.7245637385388939,0.656732373800584,0.7827127106303308,0.3703972284020855,0.3104310904798872,0.45059453456986265
743.5,0.7272727272727273,0.6523260073260073,0.8067147613762485,0.3764260121181525,0.31458244371773736,0.4578226023706895,0.7227463665565963,0.6596031250847734,0.791845238095238,0.3701197682419698,0.3138111110031388,0.45316729533567685
748.5,0.727510709186102,0.6357928802588997,0.8041500839127308,0.37856004187584763,0.31788568024111585,0.4662566133846833,0.7210792366991028,0.6547237053207438,0.7812554872695346,0.36809370058276547,0.3064997155589267,0.4427422432898301
753.5,0.723311392643971,0.6570608339029391,0.8076239551127905,0.3771624676112244,0.31018130599842886,0.46432913865310244,0.7259249316673174,0.6479141656662665,0.7816061629379485,0.375297147385103,0.3016056526187329,0.44075952873779506
758.5,0.7220687614067972,0.6434750051642222,0.8000990099009901,0.37801604625095864,0.3085115267244765,0.4558035543323234,0.7170731707317073,0.6553803339517625,0.7884154831523252,0.3712541259595366,0.3097758991615181,0.43849124885102153
763.5,0.7177625657302572,0.6473287865870986,0.7930677745193874,0.3788727389033015,0.3123676290970447,0.45992954442753525,0.7116279069767442,0.6524766355140187,0.7883419326220438,0.3752431906614786,0.3109256744790129,0.4446292935977627
768.5,0.7163461538461539,0.6481674541863547,0.7924758301807482,0.3750965944749288,0.31238661560169323,0.45236550573289547,0.720886090872651,0.6536286709805874,0.7882157090873085,0.3755572114588508,0.3112682040779984,0.4431908894836681
773.5,0.7164046056704222,0.6417986918604651,0.8001069518716578,0.3764644119889851,0.3172591880855153,0.45125281224844566,0.7129029088050314,0.6538512860626696,0.7793999770983625,0.36993384411148234,0.3121246803497716,0.4495463157861716
778.5,0.7135547529313233,0.6453692189966044,0.7971065989847714,0.37662601849510136,0.3116377301262767,0.4464041978687971,0.7197975044940256,0.6567011098354382,0.7826742407690627,0.37632075054047476,0.3158608937811379,0.44352796503209135
783.5,0.7182708413864193,0.6399711538461539,0.7972049377759935,0.37428417942769765,0.3097980478365767,0.44872895121555023,0.7222196288948535,0.6565203926052983,0.7868022319239838,0.37324708170200005,0.3110463531015678,0.44850325255829876
788.5,0.7205998990554474,0.6249682741116751,0.7897686053783615,0.37535578747628084,0.3171646721794824,0.450296359813079,0.7205882352941176,0.651128923007451,0.7858005521048999,0.3737335108413524,0.31742369154315747,0.44705132782015716
793.5,0.7211366849778643,0.6431584677144995,0.7919946784108634,0.376451198630137,0.31941745379705,0.44156465430191744,0.722339246119734,0.6517571112952223,0.795128205128205,0.3747069223446212,0.31850866113316495,0.4600119634060521
798.5,0.7277111513968297,0.6443249405233942,0.7882421571169302,0.37738261738261736,0.3227162692488163,0.45084839643552554,0.7240481321839081,0.6497274881516588,0.7914790679304897,0.3775607638888889,0.3100108214709514,0.4500831880512112
803.5,0.720397744590064,0.6529559562518475,0.786840167275979,0.37720946506323866,0.3161734321827905,0.4490158037504422,0.7219512195121951,0.6568627450980392,0.7963106796116504,0.3805503885402361,0.3105988286905172,0.4537058190516139
808.5,0.7256328761012603,0.6475196486361535,0.7910659970290725,0.3788250529129999,0.3152745327102804,0.44428799977726396,0.7266096090254814,0.657241428368189,0.8011284572480017,0.3825479907816672,0.31379691858011793,0.44523932464042204
813.5,0.7229951712124887,0.6416062544420753,0.7914790679304897,0.3776779880159602,0.3201645023685513,0.4429148609852742,0.7270384254920337,0.6472815533980583,0.798256880733945,0.38301490687407225,0.3146131152377362,0.4474719145913021
818.5,0.7262053318207601,0.6442307692307693,0.7875804678913487,0.37795463849721145,0.31791017526777016,0.4421126137586021,0.7257258672699849,0.661473742160946,0.7930886535255467,0.38176212243175556,0.3158954807513483,0.4477219784992813
823.5,0.7292202808253194,0.6470588235294118,0.785790273556231,0.37747893458967186,0.3188618468146027,0.44245099143893496,0.7220867208672086,0.6487672059888916,0.7900605814006058,0.3779889418501726,0.31239637891590355,0.46158075543276106
828.5,0.7309506531204644,0.653138900242841,0.7895,0.37250993711506697,0.31009615384615385,0.4394361631519166,0.7220736779560308,0.6553031010648235,0.7931982758620689,0.3816655406554843,0.3146721518128133,0.4626290556815994
833.5,0.7287716955941255,0.6481386999244142,0.789215711038141,0.37775553069554435,0.3099831371986223,0.44658893897364765,0.721161633692005,0.6588871079053408,0.7962458200014434,0.3837639827904118,0.3136568917545004,0.4618127600037641
838.5,0.7281802340054767,0.654837064676617,0.7932997610105837,0.3710476002242668,0.3137289260260506,0.44541336968749407,0.7237138071308926,0.6527943185626273,0.7967232043318999,0.3788366298563475,0.3100277845664446,0.453169046735905
843.5,0.7292818996757582,0.651856884057971,0.7929462898212898,0.37223664418721253,0.3138583964499016,0.45099409864351403,0.7231372906875941,0.6411106135244067,0.7936589756177385,0.3836218287526427,0.31172416502946954,0.46049719020387125
848.5,0.7305806938159879,0.641701140147311,0.7990909090909091,0.37439479828730304,0.31678092539593855,0.44412327879719177,0.7204060913705583,0.6532440022848439,0.7887694588584135,0.38510539016358475,0.3219898389819504,0.45724901494794795
853.5,0.7277227722772277,0.6456310679611651,0.7954143973478569,0.3767048040840737,0.31338304390478977,0.4490870032223415,0.7215525328330206,0.6527475845410629,0.7925041017227236,0.3843494389218258,0.3201824527817337,0.46820097574167857
858.5,0.7234432234432234,0.6547445348570262,0.7946129326047358,0.37282586377466265,0.31021512420081754,0.44784542283161693,0.7234016375106259,0.6449259259259259,0.8001041666666667,0.38779961305385596,0.32090729196571377,0.469712781253346
863.5,0.7268292682926829,0.6536653226757209,0.7932043734230446,0.37157205124518533,0.31197461652447134,0.4487052609264035,0.7206378263801907,0.6489939458689459,0.7889966832504145,0.38992520548669296,0.3206063756063756,0.45631059012960484
868.5,0.7266221813161527,0.6376778353942294,0.7900939086294416,0.37257857806304107,0.3114311157456045,0.44785815450601385,0.7236874982648047,0.6489283860923716,0.7943011583011583,0.39103689150840426,0.32406859522244136,0.46815194595466614
873.5,0.7257348601109668,0.6479547495933775,0.7918977905294392,0.3667748239188491,0.30959902193577565,0.45147972473228926,0.720576923076923,0.6433954844082539,0.7900238095238096,0.3898986877540601,0.32717807138631433,0.4753704988333228
878.5,0.7258064516129032,0.6508580043859649,0.7884615384615384,0.36410112843483505,0.30606070201548424,0.46215761595724375,0.7174375332270069,0.6558040265035677,0.7890579269976254,0.38585488794498823,0.32478469380282604,0.4737013564674705
883.5,0.7274977497749775,0.6598125,0.7896984924623115,0.36368190927309163,0.3051641733804693,0.4562561569312829,0.72,0.6486236236236237,0.8038744588744589,0.3857615461912903,0.3187575030012005,0.46549118358897495
888.5,0.7246376811594203,0.6586158906882591,0.7897858836657833,0.3638473221065797,0.29988721804511276,0.4402612436933172,0.7177071873854052,0.6430457977089238,0.7944456244689889,0.3821873053800169,0.32378671766852635,0.46859497299084996
893.5,0.7263828310864393,0.6535513673318551,0.7887210012210011,0.3656099881645819,0.2957725448536355,0.44020289469547647,0.7200929551022277,0.6423423897319902,0.7803502053502053,0.38394585925009533,0.32236970692505224,0.4702608871830508
898.5,0.7256892604757639,0.6547826400750595,0.7866703003875969,0.366659708108971,0.2903482570887064,0.4374349502487562,0.719903381642512,0.6394230769230769,0.7830072570363832,0.3867398870110367,0.3217756684354232,0.46957580313310326
903.5,0.7288177339901478,0.6569977266268827,0.7948901098901099,0.3614063042879222,0.2869440562082122,0.4465740307886325,0.7192997888810697,0.643922961854899,0.7850703883495146,0.39125152610537905,0.32483875848763977,0.4621005672797772
908.5,0.7317073170731707,0.6541483883272935,0.7929380006966213,0.3598464710751962,0.2866187364926403,0.44670287486741816,0.7206805500199283,0.6420802696078431,0.7840558642374122,0.39114789979256953,0.3230141864014017,0.46370191351698614
913.5,0.7263954033771107,0.6634086766314254,0.7830836108028117,0.36110144260950094,0.2902144429090537,0.44934394784679993,0.7180749756120222,0.6386035177455546,0.7921745545341051,0.3884865646463429,0.31665900945605685,0.4729787562817445
918.5,0.7263157894736842,0.6685404339250492,0.7901551724137931,0.3589564179955617,0.28648645027749214,0.43085165070133424,0.7171404446946242,0.6438681210932713,0.7973623411628802,0.39296942229147025,0.3298532873091607,0.47484725816502626
923.5,0.7302325581395349,0.6728110599078341,0.790723230258114,0.3588729259114939,0.2874640115585371,0.4407664705673883,0.7204978344898245,0.657135955831608,0.7961709926689121,0.3886396486352496,0.3205389354982465,0.47419805143541777
928.5,0.7261648488327592,0.6646092199103006,0.7885412239694007,0.35671021796204605,0.28210012356943237,0.42949866514945945,0.7183782305483386,0.6451797910568525,0.7991930093818848,0.391555844463974,0.3166547425347846,0.46353851759299186
933.5,0.7263654419066534,0.6651078877966915,0.785434053866605,0.3558632912577064,0.2904225761150209,0.43426094890510947,0.718421363582654,0.6376133786848073,0.7925049677098857,0.38988556874626557,0.31300273730093203,0.46810784734133787
938.5,0.7266334730957372,0.6602824360105913,0.788891680625349,0.35414616115596553,0.2823673891282877,0.4262776466243752,0.7153328585811458,0.6456246468382392,0.78425,0.38805535205293773,0.3024097791311341,0.45779781909255846
943.5,0.7274861288945795,0.6567632850241546,0.7834896313364056,0.3555428503443626,0.286740665045886,0.4235486443967418,0.7135678391959799,0.641400850611377,0.7932388517782993,0.3845169520443467,0.31131461941224914,0.4549556092990143
948.5,0.7240279857489544,0.6533561817720234,0.7739258793969849,0.34802385892116183,0.2862045124953627,0.4181748763836008,0.7196059113300493,0.651426703584064,0.8051645077720208,0.3847328602979183,0.31004175535436035,0.45083359088701486
953.5,0.7226134585289514,0.663583063375462,0.7830698024625742,0.34887046356441354,0.2772791496860522,0.42481485148514847,0.7178852500634678,0.6488423028785982,0.7937243515292295,0.3812825401143176,0.31308458535157907,0.4625544234755585
958.5,0.7307621161672215,0.6581438747133727,0.7892156862745098,0.34973192628933303,0.2713485817113379,0.4313161307053942,0.7206965174129354,0.6506337412587412,0.7895287958115184,0.3799163332039798,0.3182888036274852,0.4566768874704843
963.5,0.7281802340054767,0.6632389890629619,0.7832905478850113,0.3454390881732109,0.27070958471272855,0.4325609609368733,0.7244897959183674,0.6459280303030304,0.7940081988891827,0.3834679053391607,0.3118240763257758,0.45212553516030857
968.5,0.7223676556137288,0.6569977266268827,0.786569249577924,0.344810379241517,0.27160762749235684,0.4260369832631545,0.7256892604757639,0.6473232323232323,0.7910758706467661,0.37705431005956325,0.3141740879107245,0.4420508307042368
973.5,0.7223551302498671,0.6578358208955224,0.7760491071428571,0.3408953711716656,0.2682492454812246,0.42631862527716174,0.7201828344069723,0.6490521327014218,0.787461572244181,0.3808295869072025,0.32109854421938655,0.44980249162068314
978.5,0.7219601677148847,0.6481962954870973,0.7756185059608444,0.34155028093108586,0.2716751938994981,0.4265289058767319,0.7243878060969515,0.6421064358757858,0.7906102272149647,0.38285033108772054,0.3203637050571988,0.4457465538519346
983.5,0.7167455405897343,0.6512700320512821,0.7768063853622106,0.3465671240576239,0.26594895369269267,0.4229436707334103,0.724313863476425,0.6345932835820896,0.7955752003771804,0.3780906431923558,0.31346956925218467,0.4535710309017527
988.5,0.7205882352941176,0.65301685891748,0.7729787621912314,0.34310190238577887,0.26760726589414346,0.4255695542729283,0.7223551302498671,0.6349704301075269,0.7877026575296674,0.3784509527170078,0.3122920389120508,0.4419505404520144
993.5,0.7234071093226022,0.6682915103189494,0.7783018867924528,0.3425342399117923,0.26166348357524827,0.41601148403414107,0.7213510580575149,0.64034375,0.7848026048026048,0.37433380084151474,0.3140266645044711,0.4451804535292239
998.5,0.7190848422004201,0.6632168877265086,0.7767958656330749,0.3422818791946309,0.26733042507395344,0.4135873197134422,0.7200929551022277,0.6408892525913803,0.79509375,0.3761370819248633,0.30836565420560746,0.4447991595993686
1003.5,0.7205687432220749,0.6635469086987779,0.7821409952606634,0.3424388684935099,0.2723213492361847,0.40884612914187207,0.7218076285240465,0.6312474747474747,0.7873331247392574,0.37902013033269133,0.3097937221029092,0.44630035065926527
1008.5,0.7243116948724426,0.6567865981343994,0.7772825927912989,0.3419891442745643,0.2733815207951899,0.411385765265662,0.7190848422004201,0.6423939443005181,0.7889582717509114,0.38289862587503243,0.3056700927601016,0.44722027405271286
1013.5,0.72221269296741,0.6714807621161671,0.7902605031285915,0.3464220695325346,0.27091708612202003,0.41391074648395226,0.7188988095238096,0.6451197206518124,0.7778560250391237,0.37936680855076177,0.31484576702899275,0.4413123967158932
1018.5,0.7272727272727273,0.6713385468981681,0.782608695652174,0.34360589131538855,0.27808220326198096,0.4158375770187135,0.7139389736477115,0.6413021972300323,0.7896464646464646,0.3774801002309659,0.31133814591472064,0.447169072125058
1023.5,0.7261648488327592,0.6647475277195085,0.78013986013986,0.3437754110233019,0.27232009515275646,0.4276159874608151,0.7233475067645923,0.6380775235400302,0.8001015228426396,0.3751235081284342,0.3109697675223736,0.4466538574293576
1028.5,0.7214271110202413,0.6602461911007971,0.7805825856186023,0.34521198830409355,0.27141500096230514,0.4189406933991741,0.716784008046266,0.6414976090421678,0.7902605031285915,0.37706505509825605,0.3064552655631157,0.44666576851431455
1033.5,0.7279220779220779,0.656221322537112,0.7852123819413538,0.34625874125874123,0.2791296273110471,0.4286918138041733,0.724313863476425,0.6399905213270143,0.7951716789012551,0.3741383835997585,0.3129152697873985,0.44150351320843867
1038.5,0.7272643994045573,0.6497331100528546,0.7842156862745098,0.34604594355486235,0.2759259524628377,0.4311370841697469,0.723878010743372,0.6445443913606052,0.8009950248756219,0.37032303115688403,0.3073765286434114,0.4366487295391783
1043.5,0.7251095382541288,0.6536502465412418,0.7768648779308677,0.34279019037487124,0.27675868813441495,0.4362627188388447,0.7142857142857143,0.6520296723676077,0.7923121772447109,0.37149795055160684,0.30628051433667147,0.43411513682414954
1048.5,0.7219512195121951,0.6525171542072951,0.7909468717064291,0.345466543181292,0.28166441060980657,0.43001510540908805,0.7251943005181347,0.640748446088252,0.7927012740580103,0.3694912173438868,0.2901750639407566,0.44504205240535616
1053.5,0.7230366240507546,0.6523706004140787,0.7815752542216905,0.341663872478692,0.2783727454454591,0.41463499247808266,0.7205882352941176,0.6461212861212862,0.7929463720972258,0.3687767422301161,0.3003847613425536,0.4405082320466921
1058.5,0.7245637385388939,0.6543364443432733,0.7918977905294392,0.3416672454105609,0.27409019640204657,0.4174016679214312,0.7236296521035599,0.6484274173686025,0.793026418026418,0.3719467686822784,0.3078688524590164,0.44661334021416577
1063.5,0.7219601677148847,0.6522603230608083,0.7893031894453696,0.34180865533052895,0.27041730951077486,0.4201627349498895,0.7241379310344828,0.6490122810357959,0.7887506136475209,0.3738030596854126,0.3036199001048795,0.4415056714043042
1068.5,0.7224779571739379,0.6593060250546828,0.7917385057471263,0.3466754895717242,0.27677225604182043,0.4148011107504778,0.723195183839992,0.6431224160885712,0.790585457137765,0.3731995352766399,0.2923488318827302,0.43829929571972287
1073.5,0.7247214038683234,0.6599383886255924,0.7885733452593917,0.3471648301193756,0.28094129649778754,0.41591549295774644,0.7209830144474815,0.641867201426025,0.7881583278472679,0.37096194429628254,0.2950881198439,0.4397188272952131
1078.5,0.7277227722772277,0.6663230240549828,0.788579277864992,0.34342188792489853,0.280331220999537,0.4235004619255416,0.7228945045756492,0.6420395409348574,0.7991183786947615,0.3705592723235065,0.2975406619858065,0.4482697498183328
1083.5,0.7261648488327592,0.6571062271062271,0.7829278021539688,0.350365710193852,0.2819661069104976,0.41315640248224517,0.7285636512113238,0.6540594296669062,0.7991149237472767,0.3711405418722492,0.2984947480625301,0.4409293149449475
1088.5,0.7304012531630317,0.6630882352941176,0.7877499782627597,0.3482541123440752,0.28005848006903766,0.4152587116750949,0.7252450980392157,0.6618321966467747,0.7872884062599809,0.36955768134289113,0.2991809886017978,0.4423916052167163
1093.5,0.7258043963045556,0.664817253001896,0.7864741710936068,0.34484723275020684,0.2854891251075509,0.4061696003363545,0.7239737274220033,0.6597393741950147,0.7909813925570228,0.37062648758925537,0.30041877479304274,0.4504106206423932
1098.5,0.7281553398058253,0.6711473230656398,0.785,0.3446728178888977,0.2806166930012083,0.4146669143140168,0.7227463665565963,0.6665880503144653,0.7900734597156398,0.36851851053464335,0.29693626728599554,0.4470649369182671
1103.5,0.7276995305164319,0.6582792933810375,0.7822107210721072,0.3538447295860024,0.2806547619047619,0.41138896835703437,0.716833281266271,0.6522742200328407,0.7894736842105263,0.37083963536769815,0.30087860696517416,0.4557096833799806
1108.5,0.7285636512113238,0.6695731819014471,0.7942775974025974,0.350527145230649,0.2911095094755586,0.41988723305440356,0.7251943005181347,0.6571114695739237,0.7826887871853547,0.36906950116910064,0.2906703328449681,0.4483978200826493
1113.5,0.7339675509558459,0.6714927341494973,0.7920164068165337,0.3496508985746747,0.2932885509881237,0.41381627275630783,0.7261282420385382,0.6627487929845305,0.7860843509724107,0.36828429804924845,0.29721565367574065,0.44260225237745887
1118.5,0.73031235750114,0.6734951456310679,0.7942714819427148,0.35190297108186375,0.29671608656765774,0.41998150380040816,0.7274861288945795,0.6535843054082715,0.7846529080675422,0.36103625996794025,0.2898710214270855,0.44817256534813776
1123.5,0.7313358920391234,0.6747150944783471,0.7960247307153553,0.3519259259259259,0.29226184411614875,0.42308007484396126,0.7256384629546829,0.6526631607335491,0.7851125743415462,0.3600080699020481,0.2957811309472141,0.4503264097147331
1128.5,0.7266221813161527,0.6683404646997363,0.7886206980243676,0.35206843739622534,0.2850017566802647,0.4220578457446808,0.724630219060101,0.661621319241115,0.7841363636363636,0.3673063916950404,0.30043247344461305,0.44828774167009455
1133.5,0.728893721832093,0.6618247694334651,0.7894607843137254,0.3561463881313095,0.2790200960022926,0.42501901904997524,0.7259615384615384,0.6666666666666666,0.7919556254617383,0.36611712514303296,0.29853071780608015,0.45088427753956245
1138.5,0.7297280981358061,0.6683404646997363,0.7881864623243934,0.3505490274682421,0.2783788771330564,0.427354963488452,0.7284241721427651,0.664923204649232,0.7981657111850331,0.36304781246287277,0.2957203405464239,0.4477681576565075
1143.5,0.7291153530377668,0.6647297442510208,0.785733384262796,0.3525353904003539,0.27742694069673784,0.433548730274434,0.7281802340054767,0.6616746923488497,0.7931196373644164,0.3652183042217294,0.30016335754640844,0.4374169936780261
1148.5,0.7265861414576602,0.6650002444031675,0.7897058823529411,0.3535028999366609,0.27905308769165504,0.431808874825862,0.7251281629519972,0.6586782210955583,0.7839041435368754,0.36335708836499636,0.30443386243386245,0.44866570313198423
1153.5,0.7274861288945795,0.66,0.7900348837209302,0.35230292095111215,0.29110591162184574,0.4172242307115605,0.7227722772277227,0.6598580987540378,0.786423871531772,0.3643518411901527,0.29945559757366563,0.45291002069889197
1158.5,0.7274977497749775,0.6580242705208618,0.7935058685446009,0.3518127053669222,0.2837564560437567,0.42411005845595645,0.7248564626802969,0.6569215796632428,0.7914119477865006,0.363075054926396,0.2959965548041342,0.4543897780221688
1163.5,0.7265861414576602,0.6558495603015075,0.7880501713428999,0.35401173962530985,0.28257470583361993,0.42006523305401033,0.7215796502110795,0.6554286945282206,0.7867653456052385,0.35691110085154404,0.2979569731098249,0.4378807931557384
1168.5,0.7311449872037388,0.6488276701598391,0.7857686729514141,0.3567296650717703,0.2832635713825745,0.4303800296529627,0.7215455740167089,0.6566475873061876,0.7943931702814951,0.3602133260239791,0.2949499252481222,0.4364953695509583
1173.5,0.7300192736101725,0.6549204545454546,0.7912823624595469,0.3552992993076691,0.294418256433008,0.440535795793687,0.7235552473416551,0.6553228155339806,0.7897458399817643,0.3622130339653217,0.29158436221640277,0.4438385014369094
1178.5,0.7259249316673174,0.6603634166744121,0.7778051450465243,0.35784783551265376,0.2901975955243424,0.4385384615384615,0.7224972497249724,0.6508082867166018,0.7846703296703297,0.35932748792044533,0.29052081264957624,0.4367704031703016
1183.5,0.7254901960784313,0.6649691934279314,0.7901984924623116,0.3608060241695066,0.2984348995433182,0.44256203784935455,0.7296632094695148,0.6551637931034483,0.7898286027697792,0.3582629042397151,0.2866575648504406,0.43534569669956485
1188.5,0.7301249883839791,0.6649668482121714,0.7931117374005305,0.3636287417712085,0.2919888083001105,0.43591146994042584,0.7263916267718014,0.6523671497584541,0.7869356131445364,0.3604515742688603,0.28508706900840836,0.43405032598478377
1193.5,0.7316510232343437,0.671214479861626,0.7919477254978524,0.3643065268065268,0.29492114553799986,0.4314399603295697,0.7216880341880342,0.6457509157509158,0.7891714004806641,0.35568096420383744,0.27787197666028796,0.44106168453218214
1198.5,0.7277140335392762,0.6666666666666666,0.7892285861713106,0.36746077007042166,0.29666317772660666,0.4342518451569682,0.7250639386189258,0.6439069858712716,0.7908163265306123,0.35539935240151105,0.28671517700374066,0.4484162494859104
1203.5,0.7248188405797101,0.6665820642978003,0.7894809293580445,0.36633680042218886,0.2941075571136836,0.42900690983118106,0.7234071093226022,0.6558765243902439,0.7904616240266963,0.35365128998015416,0.28794399908812773,0.4391341587893312
1208.5,0.7279166856777843,0.6665891472868217,0.7850378787878787,0.3675529626841596,0.2950541159240769,0.439129123887205,0.7242990654205608,0.6586015886287625,0.7870571658615138,0.36,0.2878458100558659,0.4367921321950678
1213.5,0.7289719626168224,0.6602156334231806,0.7794411764705882,0.37420557098043594,0.2936351815177414,0.4448150340594587,0.7236074270557029,0.651128923007451,0.7869668246445497,0.35583832789238035,0.2843851759643207,0.43399332877180974
1218.5,0.7316431322207959,0.6628358208955224,0.7926938841673806,0.37522563176895307,0.3018517844505106,0.4441544677310865,0.7174014571268448,0.6523809523809524,0.7822711848649654,0.35719970411270136,0.2863917431743362,0.43642991404455356
1223.5,0.7261282420385382,0.6491796692758282,0.7930932548231125,0.37343657145637343,0.3024008928478624,0.45268426865863637,0.7201036269430052,0.647671175568261,0.787048537342703,0.356962131004256,0.2919254658385093,0.4272268285406601
1228.5,0.7227991820921222,0.6536585365853659,0.7850523255813954,0.3700294119560903,0.3048562743129851,0.4542714837274207,0.7180927787083566,0.6601247872943846,0.7799252141397451,0.36018243455771853,0.2936809182734927,0.4354187223163366
1233.5,0.7250639386189258,0.6568865481348674,0.794155354449472,0.37201134264362656,0.3069294706401843,0.4564657861317609,0.7204060913705583,0.6464611787867601,0.789343168012816,0.3508619161689511,0.2915275110628705,0.4249334660406343
1238.5,0.7231528328547336,0.656990410267503,0.7842105263157895,0.3710947218766661,0.30016365873856704,0.4425637768029072,0.7218246663598711,0.6604373449131513,0.7936213047910295,0.349741944536088,0.2839244105409154,0.42725117213376584
1243.5,0.7200502152080344,0.6484725286000103,0.7894859813084112,0.3753419452887538,0.3031685665247171,0.440033720081506,0.7227463665565963,0.6600416088765604,0.7925801886792453,0.3446222429955994,0.28078230774916413,0.41670102455214475
1248.5,0.7223617483699589,0.6540193219103172,0.8032329199187427,0.3746978604040464,0.2979635146759541,0.436347771236333,0.7292663192213418,0.6597249157905481,0.7871324213660897,0.345900106564974,0.28847658290600114,0.4283496191952821
1253.5,0.72340947218996,0.6581675820965291,0.7981630523884045,0.37569390647781364,0.29344770193690906,0.4431264710617711,0.7291153530377668,0.6536180968027298,0.7850681818181818,0.3414632100209489,0.283292944661642,0.4309022797326579
1258.5,0.7286073223259153,0.66992507358844,0.7938798089011817,0.36736676620613556,0.28896671227653037,0.43475117468578833,0.7360330836454432,0.6512052583626188,0.792791310072416,0.3411688557716595,0.2847699879002234,0.4330204744464297
1263.5,0.7258839950372209,0.657135955831608,0.7969822303921569,0.3709766584766585,0.29218945280660763,0.43632757639020686,0.7340163504873702,0.6604515692029804,0.7931851179673322,0.34089610603963794,0.27242610404081874,0.4199669582345091
1268.5,0.7279769096523023,0.6582850476874167,0.7889711716477122,0.36264997435617174,0.2772209964208196,0.43067436171468637,0.7317276538974653,0.6564959944270289,0.7848026048026048,0.3396444325771597,0.26875660202805257,0.4178103031481842
1273.5,0.7186019341857597,0.6599383886255924,0.8019366835994195,0.36219186219186217,0.29438564333017975,0.42601680672268905,0.7378457471915416,0.6618192325473878,0.7864813180347161,0.333596421994212,0.27015353311135776,0.4256596124755281
1278.5,0.7175054376359409,0.6618285384670849,0.7969156430635838,0.3569716512769273,0.2865520028888214,0.42725708662861034,0.7298648648648649,0.6650669127826488,0.7843034825870646,0.334224333522405,0.2689137708618882,0.42865740077374975
1283.5,0.7227463665565963,0.658516852770885,0.7917892156862745,0.35771247280290613,0.2866059942638829,0.4275196197424509,0.7326960806679746,0.6619013112491373,0.7913216706356475,0.3375736178347877,0.2594274840737983,0.42589865521296705
1288.5,0.7194128744305894,0.6381654650061903,0.7866429289987821,0.3510111155751975,0.2875976832903081,0.4403359429460024,0.7297937748174714,0.6649840109639105,0.7899932523616733,0.33212987829837365,0.2564716097414362,0.40773104971322327
1293.5,0.711747491638796,0.6438879478492967,0.7949014778325123,0.35262625876943543,0.27631846253859904,0.4404431274677216,0.7241379310344828,0.6554880581516096,0.7943181818181818,0.3296052825952078,0.2655813130604648,0.4152134731314515
1298.5,0.7120815484689831,0.6458314855875832,0.7877496352935258,0.35624399102659976,0.27894393438038867,0.4461595117845118,0.7185802703044082,0.6555528973950027,0.7900121951219512,0.3319097196934023,0.26299142184721125,0.4096160244972753
1303.5,0.7222191113475376,0.6440298127798129,0.7970772077207721,0.3611460406552135,0.28913631017593605,0.4362982130651302,0.7212734404898584,0.6660919540229885,0.7885244428468727,0.3336628834379814,0.2605914048019311,0.40386443303437786
1308.5,0.7198067632850241,0.643958322533824,0.7946554407810952,0.36531577921361713,0.29712217194570134,0.4487881811557574,0.7181341920599826,0.6499644549763034,0.7813409391534392,0.3290388836310183,0.2726684952978056,0.4084803149330031
1313.5,0.7224972497249724,0.6427455357142857,0.7981331641017505,0.37207008937323754,0.29103364499144113,0.44879003404384493,0.7194960212201591,0.6533353214465093,0.7827090301003344,0.3314213079444953,0.2663509926450257,0.40065733573510287
1318.5,0.7279918209212226,0.6335458545854585,0.7934016875981161,0.3733568751342031,0.3037711591884384,0.4571484265775182,0.7185197833829341,0.6544200563834072,0.7783611514271891,0.33251200159467553,0.2730042987802587,0.4090040205334386
1323.5,0.7245960245960246,0.6445973522434508,0.8010204081632653,0.3807819809771664,0.3002356238160099,0.4583971089827102,0.7192997888810697,0.6582850476874167,0.7864077669902912,0.3278302547579499,0.27978137470076897,0.4021511335012594
1328.5,0.7284241721427651,0.6532920792079209,0.81127240236196,0.38171125023714664,0.3100026750355752,0.4621730381216918,0.7211431742508324,0.6596161435449499,0.7820324094020776,0.32798885508929787,0.2660360076617516,0.4079775734959944
1333.5,0.723195183839992,0.6403010670731707,0.8034586574474214,0.3780322023964574,0.3058271280686706,0.45326326684896584,0.7192997888810697,0.6566930970149254,0.7927877073727243,0.3290847341976304,0.2603205574912892,0.4129247311827957
1338.5,0.7232220887043915,0.6451021786860327,0.8043868450390189,0.37957969358718713,0.3015606404846911,0.45224454775402756,0.725,0.6616915422885572,0.7887127854321225,0.3298696219035202,0.2502441899751605,0.40302722714487416
1343.5,0.7198901098901098,0.6337102763910873,0.802233090586623,0.3761109483776251,0.29164419619928095,0.4511163529718255,0.7283882783882784,0.6612446743761412,0.7883747886325206,0.3274935675937777,0.2541130770340786,0.4025503330261638
1348.5,0.7203791469194313,0.6372812105276726,0.7933980246057875,0.37751408459335456,0.3022894871760195,0.43783032795991833,0.7267900399977466,0.6585305481767689,0.7941246833661694,0.32763465295582994,0.24994075829383886,0.41515017361969864
1353.5,0.7249899959983994,0.6366824414512802,0.7922796463403518,0.3705906593406594,0.30605752430446664,0.43643092589400545,0.7274977497749775,0.6612965690285278,0.791644385026738,0.34169087046991503,0.2585037255241726,0.4107833597796473
1358.5,0.721255147974332,0.6308208045509955,0.8021046518059627,0.3672746337151348,0.30006408525318257,0.42864421583850926,0.7282051282051282,0.6602196382428941,0.8045716112531969,0.3465012796390259,0.27128999239144136,0.42359696031522653
1363.5,0.721820942215679,0.6409837047687515,0.8020928684363817,0.3648160294131232,0.30130513109549734,0.43346903512850843,0.7313358920391234,0.6612307325599872,0.8158018867924528,0.34459213546162204,0.27241113370258707,0.43566893718668864
1368.5,0.7227991820921222,0.6436126373626374,0.8000485436893204,0.3654661044669235,0.3006396581243036,0.4329711840751131,0.7378595002357379,0.6751790558871406,0.8011102328255245,0.35590401743770905,0.279914671830699,0.43029050573560956
1373.5,0.7236579414374446,0.6378300039169604,0.7979843591109389,0.3596530131939094,0.292448945352341,0.4289803650027785,0.7341448323457319,0.6597318361277752,0.8041295306001188,0.36095654298200375,0.283861838677592,0.4330219879207989
1378.5,0.7235601972998633,0.6518750603689752,0.7859145527369825,0.3534428696851875,0.2905247304484329,0.43384630488949877,0.7303646177572152,0.6666666666666666,0.8098155563645189,0.35939669976853583,0.281877070287997,0.4424080858364486
1383.5,0.7261956053425248,0.6404345460199005,0.7889582717509114,0.351195996658764,0.2835708733394998,0.4283514801698286,0.7299289099526066,0.6558960573476702,0.8079183067386334,0.35822166742711214,0.2918555752677574,0.44414363316143146
1388.5,0.7208001443559405,0.6467058823529412,0.7862914438502674,0.34757422270224636,0.28202199537863054,0.4213550266355262,0.7290559075571093,0.6548037313631169,0.8011462786569664,0.35959085466936824,0.2876071419323096,0.44565311454047585
1393.5,0.7196784696784697,0.6481325165151601,0.7930502701432933,0.3510424063116371,0.2833849920471674,0.4241411726040374,0.7274699336855119,0.6615302773932216,0.8125485751295337,0.363699303874092,0.2927394901083372,0.44776119402985076
1398.5,0.7222196288948535,0.6517183314198239,0.7892034139402561,0.35139206060523187,0.28556103411513856,0.4169389343298827,0.7299303779482808,0.6595958609918001,0.8002439024390243,0.3631114843585975,0.295151782649208,0.4419123610396803
1403.5,0.720629313177785,0.64034375,0.788284601938662,0.3526795676578057,0.2874963602480855,0.430515652933106,0.7274861288945795,0.6523809523809524,0.8047651393046281,0.36632713884992985,0.2965760987995289,0.4455397059021952
1408.5,0.7186714824120604,0.6406579608237067,0.7862949649657471,0.3557587293662433,0.28795887767489897,0.4357234791352438,0.7258214422393527,0.6522263597382081,0.8031129423437328,0.3682642835201966,0.294545911907497,0.4499839404474002
1413.5,0.7201072017592083,0.6483461262355735,0.796204296632927,0.3581986051553104,0.2878336599540478,0.448347837466466,0.7257433213081512,0.6502106256618019,0.8027701193135903,0.3692968448873961,0.29256074606433946,0.4474477225251296
1418.5,0.7208490566037735,0.6503421174294961,0.8000552486187845,0.3633393296082831,0.2873391465379596,0.4615458913269602,0.7265720577440666,0.649710806325654,0.7897560975609755,0.3695419268026708,0.3006181727571281,0.44624180029154503
1423.5,0.7218246663598711,0.6555602853198343,0.7930389258438039,0.3656679460195617,0.2955042148785726,0.46407083198590493,0.7222196288948535,0.6557552145768402,0.7924451590974455,0.3705475360943171,0.30775566910439206,0.45306201312930905
1428.5,0.7261386639676113,0.654837064676617,0.8010396132544824,0.37251670403025827,0.30149363621385616,0.46349188561776167,0.7239737274220033,0.6466613632345886,0.7916872937293729,0.37053510636819653,0.30341522674222293,0.44679900772803505
1433.5,0.7283882783882784,0.6558285599437242,0.7892549019607843,0.3768148933828312,0.30980972661809375,0.4664988803168337,0.7276877761413844,0.6548257575757576,0.7828871278646391,0.37032112569463305,0.29841144514862383,0.45661353873042004
1438.5,0.7293792517006803,0.6615151284394355,0.7940563030204787,0.3850497191662935,0.3149154819250648,0.47145818029311465,0.7244683732899906,0.6503555312457269,0.7978705872148495,0.37716250647267385,0.3091023637310847,0.44842872027685765
1443.5,0.7257714669051878,0.6679927775386235,0.7934993862520457,0.38472563310880703,0.31756093875906527,0.4782141581328887,0.7285652735889703,0.6466778606965174,0.8009708737864077,0.38125330994306894,0.30497118831534353,0.4517134101400363
1448.5,0.7356375327861917,0.6696577669902913,0.7932541011047873,0.3856129896526238,0.32123187287874116,0.48315557421275557,0.7270384254920337,0.6464646464646465,0.8076014299000233,0.37599181566539447,0.2951082369841286,0.46003935277411884
1453.5,0.7358001759702806,0.6730027611596872,0.7879625831738218,0.3867112780590579,0.3180216034778494,0.4850178182996251,0.7260963623738048,0.6499519230769231,0.8075029995636998,0.37976205351564596,0.3023155179038662,0.46228418441650665
1458.5,0.7329768270944741,0.6603564333294379,0.7957616942306642,0.3858057999889313,0.30869541876215956,0.4812669023584235,0.7230769230769231,0.6449308510638299,0.8050753228120516,0.374471018688186,0.30222185056150036,0.46507706447963804
1463.5,0.7315109416365093,0.6629600874166091,0.7955298489570846,0.3808232539992197,0.3044841931176889,0.4787741640124358,0.7227615965480043,0.6567011098354382,0.7980201156252474,0.3741035627776854,0.299968959838616,0.4688208654164823
1468.5,0.7318823666705567,0.6570960723691744,0.797104867377632,0.37796221233857413,0.2989004042211985,0.46344475748954006,0.7172936475127463,0.650510752688172,0.7960584776651503,0.3733399576535157,0.29399847459243017,0.4706446654702541
1473.5,0.7307692307692307,0.6609006971923874,0.7919490684286646,0.3812340489019571,0.2889690713971864,0.4553621743465256,0.7184918847109109,0.6480695828871132,0.7931918656056587,0.37032877953276955,0.29745779535896005,0.4651672770705488
1478.5,0.731833257952661,0.6666666666666666,0.7865363383256528,0.3795651380289268,0.29891204075084227,0.46246399533621024,0.7216494845360825,0.6412583279604557,0.7887506136475209,0.36937726508278657,0.29478177027188884,0.4669317788458141
1483.5,0.7288075893486122,0.6697846889952154,0.7917109929078013,0.37728684021972775,0.3081086913297232,0.4609699739796448,0.7131668983213941,0.6363415710503089,0.7913118131868131,0.3663420431429286,0.2983895131086142,0.4592750197005516
1488.5,0.7257714669051878,0.6577094474153298,0.7854695416519383,0.3763707374873748,0.3021363173957274,0.464946831730651,0.7195972591935325,0.6507539682539683,0.7824602286041606,0.3659423569223703,0.28481732413506117,0.4657747113771255
1493.5,0.7261282420385382,0.6569297089892056,0.7851018518518519,0.3768150418165111,0.2928643323696327,0.46967011215147536,0.7160410972276454,0.6427655677655678,0.7806190658081414,0.3625558626976282,0.2854444287354835,0.45591145111284753
1498.5,0.7279390560415264,0.6616118912825038,0.7811702357776336,0.3826380799671906,0.29864374112396025,0.4648174260856742,0.7178091595567324,0.6515521880393949,0.7864438142843411,0.3624667036921423,0.28290762649813095,0.4607369012978386
1503.5,0.7337949069707623,0.669870287397579,0.7923204663693794,0.387853454634866,0.29953182877667484,0.47901964401996955,0.7195092929725613,0.653318960928351,0.7879028379028379,0.36601074560966956,0.2856527093596059,0.45394315416278574
1508.5,0.7292202808253194,0.6777224420316525,0.7847851014599587,0.3939859040074557,0.3077257466298489,0.48952960247685245,0.7187471104946833,0.6511503811503812,0.7895,0.3667678519803411,0.2912331118267007,0.4691112386081742
1513.5,0.7289719626168224,0.6680678010932817,0.7926814903597776,0.39765731874145005,0.3185538592027142,0.4920313726520598,0.7153560906227776,0.645281675343777,0.7861444074961977,0.364477403039974,0.2978108129564941,0.4539115370359893
1518.5,0.7342642903716583,0.66292604158326,0.7934608416945372,0.4026514588429261,0.31888677235302615,0.4974057388740965,0.7223551302498671,0.6587439567505775,0.788891608592985,0.37268677209237655,0.29919014133928445,0.4476887316385238
1523.5,0.7327020374675236,0.6683358380688489,0.8009708737864077,0.4094060301541843,0.31573770491803277,0.5073151938641067,0.7210386300634892,0.6536389263390122,0.7979846542346543,0.3724242978582015,0.30473925804342683,0.45782346689580317
1528.5,0.7320574162679426,0.673009732067764,0.79427025527192,0.40485546038543896,0.3087280888510397,0.5056693246345293,0.7265720577440666,0.6595587135377712,0.7943082706766917,0.37602204108660353,0.30045563878421744,0.4552830205775486
1533.5,0.7362095141700404,0.6730991060271077,0.80373347752944,0.4108618883154177,0.3083691945914168,0.5052002049005377,0.7281578636417345,0.6570443349753694,0.8019910782287021,0.37450851562701293,0.30080040818626314,0.45760619529853824
1538.5,0.7373504631569148,0.676735459662289,0.8134415584415584,0.40902370128437127,0.3155879265404964,0.533763876216545,0.7283992779431137,0.6567782285327924,0.7931221889055472,0.3755664652567976,0.302153974787754,0.4602304646645749
1543.5,0.7408366916138936,0.6824685833968013,0.8037953043081832,0.4141605334554293,0.3266833100139141,0.5397669124623967,0.7270689333084251,0.6467245114142208,0.8004999999999999,0.3752929243361751,0.30390100663459546,0.47008789565934617
1548.5,0.7487308336554568,0.6791939099570334,0.8105617789267078,0.4181735214342983,0.3331415620641562,0.5484461055596835,0.7316431322207959,0.6511567344961241,0.7980225071687496,0.3724209029673787,0.3020876477648458,0.4698475024527577
1553.5,0.7438399728109144,0.6717171717171717,0.8287876630403828,0.4223681987706782,0.3286964852920867,0.5409050576752439,0.7310562571756601,0.6548001122833282,0.8037748655563097,0.3681741192411924,0.30385240920789247,0.46326870748299304
1558.5,0.7494292237442922,0.6755249526567896,0.8201924831235176,0.4386906533270981,0.32787526427061314,0.569644508309384,0.7335441218741018,0.6549232673267327,0.8050131578947369,0.3705641393270982,0.30251388888888886,0.46933294986263724
1563.5,0.7487308336554568,0.6699158415841585,0.8351467951591215,0.4389495352754039,0.33878351347557556,0.568828220403592,0.7371134020618557,0.6564873737373738,0.8128787878787879,0.3695339921708257,0.29674799524596657,0.47962012746517674
1568.5,0.7481550735477437,0.6753793818268796,0.8327698449255334,0.44560109349576926,0.3272796422796423,0.5609438236182421,0.7344191384180792,0.6664991624790619,0.8202172803695646,0.36726349722539964,0.2885565298693442,0.4652603965672492
1573.5,0.7519198069222752,0.6701751241036956,0.8442380295258677,0.4495972809780778,0.34826847956730766,0.5653921388049805,0.7362910721119676,0.6717186417186417,0.8190598290598289,0.3672607879924953,0.29073124741985346,0.46169251309438225
1578.5,0.7546428571428572,0.6754703232644409,0.8323490780500125,0.4455454844315033,0.34721974043073456,0.5647689777479501,0.7429448827235665,0.6733673469387755,0.8306921675774134,0.3626143094053542,0.2844486226128105,0.462153209541273
1583.5,0.759683381549341,0.6845612382884189,0.8344408778048704,0.4368594032633722,0.351363970862551,0.5572419389378634,0.7424812030075187,0.6739252417127073,0.8308551347130028,0.361903635626436,0.2751951827242525,0.4646922387421466
1588.5,0.7543740573152338,0.6749643083756346,0.8423076923076922,0.4382471030834064,0.351874171611193,0.5484030379168571,0.7493589743589744,0.6761013683419875,0.8232391674484867,0.3543954579015013,0.26863384228283865,0.467413383244986
1593.5,0.7519914651493599,0.6608920765027322,0.8316326530612245,0.435175604072461,0.34529062534179156,0.545271762419271,0.7479249198264478,0.6820809248554913,0.8200596026490066,0.34722187924435116,0.26672335923773294,0.4614335933437337
1598.5,0.7415189528224706,0.664876386378072,0.8242189206904086,0.4267991301650199,0.34821733528055226,0.5256933629667234,0.7463050600655261,0.6861702127659575,0.8279968747674677,0.34812346595535915,0.27394392334165596,0.44934481596831316
1603.5,0.7353089624342057,0.6587435194565282,0.82058665592697,0.4181661568690296,0.3381148325358852,0.5034086591834217,0.7473955507325014,0.6847799314628401,0.8128490790255496,0.34946349267085397,0.27127054047532306,0.4542433682620597
1608.5,0.7286573045059608,0.6492772553117381,0.8154048582995951,0.4032404580110974,0.33536324786324784,0.48214799229954725,0.75,0.6847680771913509,0.8173076923076923,0.357223113964687,0.2730846394984326,0.4455467809179067
1613.5,0.7252885469073691,0.6354654146141215,0.8080912754487883,0.40091875857490356,0.33014503433532005,0.475032912026644,0.7513227513227513,0.6870474397357943,0.8186754598746715,0.3583466000008143,0.2726167449571705,0.4423036649214659
1618.5,0.7258064516129032,0.6489939458689459,0.803038362346873,0.3988787767425438,0.33228893990924474,0.4727172085602626,0.75,0.6783553355335533,0.8089310109289617,0.3618070512220245,0.2885019698725376,0.44491555783009207
1623.5,0.7274861288945795,0.6566305970149254,0.7919229055258465,0.3925029249744065,0.32684513799345966,0.4548150762281196,0.7479858865039695,0.6829151031894934,0.807321172003284,0.3632153711211684,0.29693545278951683,0.44603942534767776
1628.5,0.727510709186102,0.6491930656023946,0.7894204513792142,0.38849836723071424,0.3246808260034773,0.4508114655744178,0.7416145081046381,0.6807986584215491,0.8009760935379475,0.36052961957315116,0.2956964706505335,0.4439102564102563
1633.5,0.7201895734597157,0.6399095477386935,0.7910758706467661,0.3869847543760587,0.32792894615961127,0.4498451706255328,0.7385057471264368,0.6768207654414551,0.7932883089133088,0.3609490531307522,0.2821593265001647,0.4479951801082126
1638.5,0.7222222222222222,0.632097082083447,0.7938144329896907,0.38228199513746297,0.31771302501845383,0.4516758880874745,0.7393364928909952,0.6795691530594383,0.7992778249787594,0.3550251624694306,0.282994908655286,0.4567261216227381
1643.5,0.7198179271708683,0.6390243902439025,0.7923218093001916,0.3881315208418473,0.3135531846997296,0.4434270414993306,0.7393326592517695,0.6717872177573669,0.7992636646842254,0.3522974284789767,0.28303954681405175,0.45064128323621977
1648.5,0.7218003520241387,0.6525641025641026,0.7961583953476911,0.3840436100247727,0.31689832703272836,0.4454204122763303,0.7334890965732087,0.6712909641758598,0.7922796463403518,0.355716005863465,0.29303771707448806,0.4407366233483374
1653.5,0.7183782305483386,0.6544468990345279,0.7887154404873477,0.3802767098024506,0.3167624475867201,0.43964849513595855,0.7333333333333333,0.6626492267668738,0.8000485436893204,0.35263278182158164,0.2904362862463421,0.4325505378082705
1658.5,0.7153328585811458,0.6516859774212715,0.7908163265306123,0.38052532113220416,0.3112480731176683,0.44281174334140433,0.7292663192213418,0.6650681818181818,0.7919827564217025,0.3490896173324685,0.2788392621290834,0.4363425203532458
1663.5,0.7212734404898584,0.6569215796632428,0.7938911532006713,0.3786393264530147,0.3093105839198378,0.43946759672235775,0.7316510232343437,0.6696969696969698,0.7832905478850113,0.3552100542836913,0.28104571861581207,0.439831774553343
1668.5,0.7236180904522613,0.64809515558086,0.8000497512437811,0.3784746267119172,0.3017398823517192,0.4359064708242046,0.7314123825317855,0.671702665150941,0.7950060975609756,0.3510657882483651,0.28458276869240856,0.4261724841069929
1673.5,0.7218090452261307,0.6490676352039687,0.801194591580708,0.3763321360737275,0.3147237853060708,0.44904927248677245,0.723783214943436,0.6612016151489836,0.799020618556701,0.344414091275827,0.2890835062625065,0.4196770273139991
1678.5,0.7223551302498671,0.6538367729831145,0.7963853276353275,0.3713989330171903,0.31028600838173664,0.44627846404452437,0.7274812254650964,0.6582361662562196,0.7921466090270999,0.34542769934693923,0.2840396875280596,0.4234316479400748
1683.5,0.7270509977827051,0.6499519230769231,0.7970367083878199,0.37624478868230227,0.3102845754542084,0.44955361197980875,0.7258839950372209,0.6543945261395154,0.7892549019607843,0.3440124369849368,0.2842478543973884,0.41674371740161215
1688.5,0.7246376811594203,0.6681068743286789,0.7950119047619048,0.3777013965731775,0.3067193104674948,0.44878396488961597,0.7201072017592083,0.6563397435897436,0.7865442836617406,0.350040340654415,0.28809580170096205,0.42221732423906155
1693.5,0.7286432160804021,0.6515799714299788,0.7934994582881907,0.37861960098419944,0.3167382525697504,0.44614744973425835,0.7246787603930461,0.6563460693895476,0.781148711886114,0.34505974264705885,0.2902005498818519,0.42679351216469114
1698.5,0.7326878293908567,0.6600885199169813,0.7990686274509804,0.38184195926131415,0.31768872051182573,0.45440834123994794,0.7248780822858714,0.6557902461052156,0.7744312393887944,0.3498845815313524,0.28633649877789796,0.42655498346590615
1703.5,0.7312229742432788,0.6630194407308377,0.7923034694773825,0.37773952668644906,0.3159522179560892,0.44990739829799775,0.7237882118927974,0.659516536760059,0.7854452791056479,0.3492351710587692,0.2961663486214384,0.4216031686936378
1708.5,0.7309684454440128,0.6755971382966595,0.7938737113402061,0.3778983271180209,0.3196371170483902,0.4519425336536879,0.7294859813084111,0.6632077285398443,0.7796217314039096,0.3485259603028791,0.29456443634470186,0.418529405016102
1713.5,0.7333272842754741,0.6648618450853088,0.8001442307692308,0.3796411906677394,0.3232685632037931,0.44659611730074156,0.7234432234432234,0.6616823499782495,0.7825142487046631,0.35245096394106823,0.2893318814517259,0.42698351263573886
1718.5,0.7299289099526066,0.6732010305333775,0.8010019967762889,0.3754561794732886,0.31808615369839005,0.44543118485185057,0.7258883248730964,0.6538271134805789,0.7835190860964056,0.3579748759185872,0.28602597116509426,0.44541941055813444
1723.5,0.7334890965732087,0.6647922669393066,0.8000485436893204,0.3750133785140055,0.30984584834588924,0.4422196025128784,0.7242184982275217,0.655410199556541,0.7968033568062688,0.3566148746888785,0.2962525331439099,0.43202181849459065
1728.5,0.7313432835820896,0.6666666666666666,0.8040463682046597,0.3721605509302086,0.3138768195450223,0.44989530428584157,0.7247448979591837,0.6532560762998667,0.7914655663834523,0.3603285464126404,0.30670258073069145,0.45551018879232835
1733.5,0.7364518869069288,0.6525002214545133,0.8039264952212041,0.36995542186372377,0.30545122445652856,0.4440181282240236,0.7281578636417345,0.6461277072442121,0.7868933649289099,0.36232690310817134,0.29954682807142735,0.45431447163795263
1738.5,0.7306454028152141,0.6632626625779845,0.8071256005863351,0.3681279990421969,0.31014224751066855,0.4485023069951387,0.7266650432241568,0.6554400386847196,0.7908489699197214,0.36481211335332414,0.3019139655189468,0.4499368303876371
1743.5,0.7349933748343709,0.6664215686274509,0.8060562571756601,0.36332845186295115,0.3092219032783155,0.44409719797411434,0.7281829941788149,0.6453041871921182,0.7914549910873441,0.36825710741784157,0.30103349604443697,0.45661589872116176
1748.5,0.7357129898403483,0.6664251207729468,0.8020289713700435,0.3604922181366476,0.3036035462605137,0.4355242415277204,0.7303643391726293,0.6551918631530282,0.793975196488721,0.3726215918167557,0.3012467181671673,0.46621640114540647
1753.5,0.725071225071225,0.6617536700905211,0.8011389951671365,0.35949084345879434,0.3021476344507721,0.4376169365021465,0.7328638497652582,0.6539405123751628,0.7921737399870641,0.37658763294675146,0.3078617957135921,0.4870446500206175
1758.5,0.7247448979591837,0.6602727272727272,0.8029947976612495,0.3619547307864165,0.29886005677840866,0.4239630660911872,0.7291666666666666,0.6563648632069685,0.7962332691005677,0.371954121454407,0.30894136613326967,0.48387645469815616
1763.5,0.727510709186102,0.6532793888525908,0.8001069518716578,0.35597377026124255,0.2961043864330567,0.42251390955668366,0.7301234175538959,0.6539357098701833,0.7872195134086273,0.36783272346134754,0.30911547209275114,0.4825311025965898
1768.5,0.7270509977827051,0.6555406750734807,0.8107419613431904,0.3517947257839653,0.28629201746037936,0.41919494699422327,0.7296632094695148,0.6553588516746411,0.797462835906232,0.3704904306220096,0.3002089940420111,0.49400626879037923
1773.5,0.7292663192213418,0.6586756961905214,0.7952622267155314,0.3543554543424267,0.2932549556108476,0.4214477511747594,0.7286432160804021,0.6532249662948891,0.7989431626029564,0.3722868185114378,0.2949310991251727,0.48041526545360763
1778.5,0.7265955253118879,0.66022070415134,0.7837081352491854,0.3472498992281624,0.2815668038293584,0.4114452248726255,0.7308668488871535,0.6550967199327166,0.7982447425070375,0.36547027253646924,0.2929968624409504,0.47784738182341624
1783.5,0.7229246001523228,0.6533901184236071,0.7944493006993006,0.3433788001296819,0.2697334295631495,0.4103143013223825,0.7284576788830716,0.6647961165048544,0.7917059748427673,0.3638477155810652,0.2938278340533294,0.468520863653666
1788.5,0.7200929551022277,0.6571139971139971,0.785383275261324,0.34246016076245034,0.27103846153846156,0.4123086461078606,0.7265805260729119,0.6552317750715528,0.7918781725888325,0.3653084629136169,0.297615661446864,0.46849917181836076
1793.5,0.7233935518490364,0.6665833333333333,0.7751731601731602,0.3487220762386491,0.27268310295027853,0.42627294669173105,0.7274861288945795,0.6615450622732176,0.7886106540518304,0.3616049687815728,0.29124658258777253,0.4550372019362935
1798.5,0.7241379310344828,0.664928479228682,0.7935975750311189,0.3496455339532263,0.28005407904541507,0.4194117355412875,0.7209909332356443,0.6618977591036415,0.7924936502177069,0.3635777977748691,0.2958042589654813,0.45214901382202205
1803.5,0.7307692307692307,0.6699005899567985,0.7921811298776936,0.35586769015077957,0.2764274459246526,0.42976934150615226,0.7272727272727273,0.6681674565560821,0.7981263479511144,0.36199753401507184,0.2957049163850184,0.44077328309398545
1808.5,0.7325210631662245,0.6665869218500797,0.7864813180347161,0.35900123231274594,0.2814245683810901,0.430007937283251,0.7265987137483315,0.6634122192707076,0.7876337646783138,0.36191076239739906,0.2868656038044407,0.43370223745306186
1813.5,0.7342257448236691,0.6632123738689659,0.7861451077054977,0.35295416146642555,0.2904047304937806,0.435189727755209,0.7231889469753547,0.6603634166744121,0.7895939086294416,0.3542262477689503,0.2837350751860918,0.4189791494632534
1818.5,0.7333333333333333,0.6650246305418719,0.7907362504133142,0.3580559374773862,0.29145329882170445,0.4410782747208714,0.7265098722415795,0.6508962264150943,0.7922252475247524,0.3478951461439136,0.2745863837894288,0.4285400543641651
1823.5,0.73031235750114,0.668095354822895,0.7814118758115924,0.36151982148460654,0.29400421858700265,0.4469288007400151,0.7197095382730545,0.6551199853453014,0.7912823624595469,0.3477252147156152,0.28237477467364824,0.43024137134918927
1828.5,0.73252085473083,0.6765888865531497,0.7877429959977129,0.3656369794081395,0.2964008229427628,0.44899234018325285,0.724223602484472,0.661743961352657,0.786664212478185,0.3464437572477773,0.2847395182435247,0.42467074174614766
1833.5,0.7330097087378641,0.6681464174454829,0.7851883319173039,0.3674958158129742,0.29902136062227325,0.4476270986947449,0.7188202919358698,0.6507782400986285,0.7905462895818225,0.34905450004459904,0.27864076876829774,0.41887860708632646
1838.5,0.7285714285714285,0.668312205052281,0.7888195841716967,0.3661407326804498,0.3007389801210026,0.44665743732210517,0.7237138071308926,0.6538271134805789,0.7909949727691663,0.34344701559328594,0.28422929312613443,0.41838401465989317
1843.5,0.7309506531204644,0.6714927341494973,0.7849545454545453,0.3686596876840337,0.29737295434969857,0.44292600415205835,0.7207281239105533,0.6494710422626437,0.7923766309991421,0.34394530590182765,0.27758928318056697,0.4177088038249573
1848.5,0.7314751286449399,0.6696540880503145,0.7799334811529933,0.3661622394883734,0.29937969321748786,0.44001288856059334,0.7244810027418723,0.6368004501125282,0.7855055139140174,0.3393860353130016,0.2810965718967259,0.40810824570184834
1853.5,0.7279050647973864,0.6778842055410846,0.7868284447711142,0.3638199666572077,0.2957478202548625,0.4466487496435771,0.7256892604757639,0.6532010542910632,0.7855126608551265,0.3396280573546451,0.2730303002869791,0.4188653552682329
1858.5,0.729413198599477,0.6699483476015112,0.789856286369247,0.3694234854589407,0.2937290025986081,0.434628232232514,0.7219512195121951,0.6407575685111675,0.7972350230414746,0.33994272753716614,0.27614339556982453,0.42289687043384755
1863.5,0.7311320754716981,0.6813811188811189,0.7877579235988474,0.36548931929500517,0.29562263743384815,0.4483586529589424,0.7231889469753547,0.653607188703466,0.7908981517135156,0.33626129803767135,0.2744899240536848,0.41991438674855747
1868.5,0.7338164251207729,0.6696658291457287,0.7815533980582524,0.36637083818581034,0.30049275002896736,0.46484680851063825,0.7227588919204582,0.6554195804195804,0.7877579235988474,0.3354235654193304,0.2680081796032022,0.4166666666666667
1873.5,0.7359800838574424,0.6747458325700678,0.7821066815351733,0.36728395061728397,0.3089525773691774,0.44894939408123985,0.7219381766010173,0.6505355216520265,0.7851609083604685,0.3409646326654523,0.2719345518497582,0.4152047628267183
1878.5,0.7318181818181819,0.6764634839443024,0.7854640768127138,0.3664217618213951,0.30499109437705735,0.459464939866415,0.7261597321855571,0.6534879250270336,0.7821933208420587,0.3398279855765787,0.2710758900907373,0.40824541213063753
1883.5,0.7276916631755341,0.674376766019506,0.7871442579040513,0.3716548937787876,0.29782816118085537,0.4604563276680546,0.7240542946150423,0.6545995241871531,0.7887817559562985,0.3404576398297254,0.2741867439172108,0.4097317646251736
1888.5,0.7276995305164319,0.6714975845410628,0.781799265605875,0.37066754769214993,0.2940856777493606,0.45033245463619376,0.7243116948724426,0.6521409749670619,0.7808251167618059,0.34070489413860916,0.2805159902480998,0.41157332079117304
1893.5,0.7257714669051878,0.6681891025641026,0.7836538461538461,0.3680467350594366,0.3013148947492904,0.45923951125514584,0.7245637385388939,0.6584134615384616,0.7904699131513647,0.34311343627030144,0.275396684174357,0.40885070634752096
1898.5,0.7255400109369303,0.6664991624790619,0.7818101008210718,0.3671506519558676,0.29682208665338644,0.4475912046555636,0.7281553398058253,0.6500155435458415,0.7854695416519383,0.34248422661690253,0.2652868722186904,0.4103383416249935
1903.5,0.7242990654205608,0.6583897863470558,0.7847228381374722,0.3668456878785986,0.2928334490995646,0.45664282586483707,0.7251943005181347,0.6534007748600947,0.7811023009950249,0.33480466160983874,0.27346437451975164,0.4060386834137959
1908.5,0.7183782305483386,0.6630347593582887,0.7811012102673227,0.36350814804585,0.2933271604938272,0.45254986161440347,0.7261883164005805,0.6629188312580743,0.789124617737003,0.337870214430171,0.2703954938878976,0.41132342277012324
1913.5,0.7190743713215624,0.6599952403617325,0.7890020687173952,0.3600018508252957,0.28375563134183823,0.4340865470876395,0.7246376811594203,0.650975459039548,0.7850626852062913,0.3391468586004647,0.27457513619854723,0.4158392130339947
1918.5,0.7184575859711976,0.6557818765036086,0.788499245852187,0.3602615846409705,0.2925448435533177,0.44077643148764717,0.7239737274220033,0.6601378958120532,0.7898397435897435,0.3419761149020154,0.2789905204460967,0.4102602730065195
1923.5,0.7190743713215624,0.6612258064516129,0.7951582568807339,0.3647954461310626,0.28503394625176803,0.43569359162847004,0.7241379310344828,0.6579073114565342,0.7860476686335762,0.34164619164619164,0.2773099316901984,0.41841493132476726
1928.5,0.723970116892911,0.6632582565060101,0.785,0.36495552576483936,0.2858268789753797,0.4427961618509985,0.7244683732899906,0.661679881840796,0.7897967516559296,0.345818185517784,0.27754171611247,0.420389710829283
1933.5,0.7279050647973864,0.6616908246552209,0.7850901015228426,0.36554020413243715,0.28664633438648524,0.43782037808311597,0.724313863476425,0.6568179059548953,0.7874115826702033,0.3504533980477341,0.27927272229017863,0.4185899368375111
1938.5,0.7285636512113238,0.6631316029737838,0.7862531146179401,0.36481059887434386,0.2883836045570781,0.4443015951079644,0.7218246663598711,0.6567696078431372,0.7850801068090787,0.351697897422363,0.27979354662291495,0.44182999050319677
1943.5,0.7272643994045573,0.6665880503144653,0.7850534825870646,0.35549473392461195,0.2766253305370658,0.429563618919607,0.7222222222222222,0.6569977266268827,0.7799043062200957,0.34782276546982427,0.2838940519382418,0.443710048794621
1948.5,0.7283934058430473,0.6574405531144999,0.7916016169500975,0.35520279905033514,0.2927005592220235,0.44120619373832304,0.7264150943396226,0.6597765228883816,0.7822711848649654,0.3547538730519594,0.28512806711916777,0.4568186367436329
1953.5,0.7227722772277227,0.6632038926681784,0.7838147780808331,0.34835248107338945,0.288108264761217,0.42378119103195794,0.7281802340054767,0.657135955831608,0.7939772391368608,0.35681503878831367,0.2872655214559407,0.4527554130664936
1958.5,0.7236296521035599,0.6538171627367607,0.7857804232804232,0.34221698113207544,0.2693962216150754,0.41473629316318283,0.719883451010736,0.6442000818330605,0.7870647931303668,0.35445716532148075,0.28959115747640335,0.450065187629004
1963.5,0.7192233009708737,0.6648011100832563,0.7783495666845617,0.3374917611306496,0.25852893083000056,0.40629341588643914,0.7236559139784946,0.6482783858775206,0.7837915421956684,0.35874272536611496,0.2930657030703965,0.4463233051341628
1968.5,0.7255405884438142,0.6600375212927582,0.7937740792109723,0.33808517412126504,0.26855382315875853,0.4128320408969673,0.721841704718417,0.6520199692780339,0.7861451077054977,0.35730895459706646,0.29681086533930257,0.4446385291131868
1973.5,0.7246621621621622,0.657548773690078,0.7940723518087952,0.3365188199824665,0.2704970206131276,0.4170080913699962,0.7215212596809766,0.6648220130932897,0.7877496352935258,0.35528686946476706,0.2942342702407383,0.4478144989339018
1978.5,0.7310562571756601,0.6612401605185986,0.8139491086831512,0.3478474287120785,0.27192510176988155,0.44892696089426615,0.7195972591935325,0.6544200563834072,0.7757530971527928,0.3541513356391199,0.29757308722494136,0.44914710121344553
1983.5,0.7445048309178743,0.6504626757650951,0.8417830973671138,0.36157694449369127,0.2808617798538747,0.4547087020020853,0.7263916267718014,0.6565820188158733,0.7795753205128205,0.35909590880521114,0.29385221741188994,0.44081929626320493
1988.5,0.751979267528621,0.6716313131313131,0.8600628930817609,0.37791398695441364,0.3014321608040201,0.4698140495867767,0.7232044750774149,0.6598117165647985,0.7832639276826977,0.35504916820702404,0.30127012733411984,0.4437651422075759
1993.5,0.7634470792365529,0.6752386877253568,0.8763504111321948,0.39338868622384354,0.30803529456689627,0.492555505550555,0.7268405600722674,0.6647169085840623,0.7880405884438143,0.35673485259355525,0.29170772754692564,0.4407297927475155
1998.5,0.782843137254902,0.6876228269085412,0.8901130661246268,0.413028657613729,0.33482899360395574,0.5055070192439627,0.7270622895622896,0.6578502415458938,0.7870141677399802,0.36095485916283243,0.2926983970372145,0.44958335388206666
2003.5,0.7944444444444444,0.6792346014492754,0.8883669437253031,0.42645282489155695,0.33943771886349416,0.5234837451223687,0.7333333333333333,0.6665869218500797,0.7861991588449504,0.36025751072961376,0.2911806775934859,0.454924380882756
2008.5,0.7907495494430821,0.682256685323383,0.8933045003269722,0.4296502557663979,0.34746469224032006,0.5282904518208992,0.7258883248730964,0.6596786729167172,0.7934543610069125,0.359790181132694,0.2950522914218566,0.43763183892627416
2013.5,0.7881846455105684,0.6865473166084471,0.887660519125683,0.4324276792323958,0.3450417243881523,0.5251253817585293,0.7257348601109668,0.6649064171122995,0.7952209261223047,0.3638478753985322,0.29688381054872187,0.4306328683313943
2018.5,0.7881846455105684,0.6856518723994453,0.8778888888888888,0.4203430176239572,0.3301147081209875,0.5122274842161268,0.7277003484320557,0.6665857605177993,0.8021192833569071,0.35996414871912047,0.29208181374859654,0.4286385501733974
2023.5,0.7848076923076923,0.6777434396009542,0.8650084269662921,0.4143337521247506,0.3199657847972229,0.49571957212201107,0.7268439108061749,0.6665064102564102,0.8095476190476191,0.35822454022925737,0.2916151615628569,0.43389013858204456
2028.5,0.7763030151729494,0.6792853912256898,0.8439898989898987,0.4088256101874779,0.3295327261187402,0.4912848201389366,0.7268292682926829,0.6752209202470982,0.81408111988514,0.35480639134076414,0.29494715819256057,0.4317757704206334
2033.5,0.7661308973172988,0.6634005366232855,0.8462632154575283,0.39655450646838025,0.3194562754980766,0.4799082236913328,0.7333333333333333,0.671875,0.8010735544217686,0.35912454607236755,0.2967967555120208,0.4372269775678866
2038.5,0.7605274822695035,0.6460961538461539,0.8318063395570994,0.3881229425192466,0.3242855219942928,0.46219477603635956,0.7314450563860477,0.6713596809282087,0.7894859813084112,0.352603464225991,0.28563069908814587,0.4294517106777775
2043.5,0.7474977479731759,0.654215820518222,0.8324774774774775,0.3823181958862934,0.31645899462478055,0.45878181451575945,0.7317073170731707,0.6736320254506893,0.7884025832555245,0.3566622581443139,0.29061737509682417,0.4240595859676046
2048.5,0.7487551096246748,0.6556240869988638,0.8194478319783197,0.38096967426204914,0.313759394230917,0.4617385130126347,0.7401923076923077,0.6666666666666666,0.7950977157360406,0.35,0.27905952760205704,0.4257687059844314
2053.5,0.7383177570093458,0.6664179104477611,0.8213736279161168,0.3781086200061666,0.3125930094606516,0.45444133095501144,0.7400980392156863,0.6683333333333333,0.7990617309269893,0.3517978273279828,0.2809952076474252,0.42696216826651606
2058.5,0.7367769873182802,0.6559051648157941,0.8146984589248877,0.37334361755173273,0.31496825121443445,0.45464653484111434,0.7324982498249826,0.6649132653061225,0.7951997487437186,0.3463204264455467,0.2769638661931056,0.42005235819850745
2063.5,0.7375393277032621,0.6428073089700997,0.8056243124312431,0.36962847154365625,0.3112259021255561,0.4452284273103944,0.7305806938159879,0.6601793898772855,0.7971453667105841,0.3460474027817201,0.26969414497587707,0.4148492260514019
2068.5,0.732533816761958,0.6574644549763033,0.8113261455525607,0.36998390470467113,0.30471853452711745,0.4429894591030446,0.7252450980392157,0.656877102460986,0.7943615134496008,0.34621780193212975,0.27522315929119684,0.41722545115344595
2073.5,0.7300808924606113,0.6558593963211615,0.8072916666666666,0.36796465714037024,0.3072577751507834,0.43690114137767566,0.730213884045871,0.6487248831037533,0.79427025527192,0.34914978744686176,0.2873108876773112,0.4107088507653271
2078.5,0.7293751834948088,0.6470441908106527,0.8029043190416142,0.36480874639585115,0.305149348567765,0.4351012480370278,0.7285636512113238,0.6491796692758282,0.7875804678913487,0.34676473188467194,0.2845032807495571,0.41412827083208664
2083.5,0.7272727272727273,0.6537741670094611,0.7988521800552237,0.37067759672163947,0.308176409992274,0.43404272353194057,0.7247706422018348,0.6566217137661944,0.7879970436067997,0.34707870593915985,0.2855857285250395,0.4204712367443658
2088.5,0.7275035958288385,0.6501460504492907,0.8022230691056911,0.36321799766234064,0.3077279071781684,0.43049916573971075,0.7249072602013779,0.6537296037296038,0.7905258406680207,0.3421428075362376,0.2852499010450766,0.4193734540178263
2093.5,0.7318330399798842,0.6414141414141414,0.8064685863874345,0.3651111144121929,0.30565099112041694,0.43924910200578526,0.7283633841886269,0.6563483642793988,0.7960337202874517,0.3472769830358259,0.2886172357229376,0.4199527922936283
2098.5,0.7331715210355987,0.6412115662115663,0.7990351658435214,0.36130433269752094,0.29424413609416616,0.4344449907924295,0.7305008944543828,0.6567865981343994,0.7935975750311189,0.3472624207207673,0.28348552604628935,0.4199054468046764
2103.5,0.7297342995169083,0.6569828722002635,0.8021836007130124,0.35349691671569655,0.3016164060846439,0.43483032142364464,0.7299289099526066,0.6615353535353535,0.794077182026638,0.3448992790125453,0.27809223255737475,0.4107515942824189
2108.5,0.731602452081773,0.6424247477695323,0.8050412621359223,0.3558160521680007,0.2976810414971522,0.42680748188318846,0.7279918209212226,0.6615215380384509,0.7942822966507177,0.3405788306120315,0.27353791886005296,0.4196758535459567
2113.5,0.7353188827675801,0.6565578865578866,0.7961502518041638,0.3564344134224044,0.2807940768141961,0.41929846090913736,0.7286870359489344,0.661603299856528,0.7958168607757239,0.3359224973089343,0.2690303244773519,0.4184181180968563
2118.5,0.7361459203564467,0.6719360058461217,0.8000473933649289,0.35620293134752523,0.2822272700454304,0.42552025617172984,0.7275252525252525,0.6556359791802212,0.7963106796116504,0.33602050149647933,0.2655099877245843,0.4170918581644758
2123.5,0.7405405405405405,0.659783988082101,0.8058654722952314,0.35849169382018464,0.2835052501284113,0.4291215988379633,0.7319587628865979,0.6600832867807628,0.7912724888418534,0.33348651960784315,0.2669047968553767,0.4107764480276302
2128.5,0.7459440498114531,0.6632709364686469,0.801055914348157,0.3544102755168329,0.284949067568979,0.42573796061610447,0.729117526407548,0.6487804878048781,0.7846529080675422,0.333140655105973,0.2665635747651558,0.41112737838597807
2133.5,0.7537317127509469,0.6792916714931079,0.8160334690185436,0.35779107848673064,0.28672682762924206,0.424283629185838,0.7263916267718014,0.6584032127702566,0.7895939086294416,0.33571798605033,0.26367681392660425,0.416760162601626
2138.5,0.7605274822695035,0.6909460052677787,0.8342236751941525,0.35956903431763765,0.2903599123199849,0.4299351667496267,0.7266221813161527,0.6586570925282575,0.7885672573499798,0.3338272486681897,0.26335626463700235,0.4149276805557242
2143.5,0.7766497461928934,0.6806915155759604,0.8382924413288632,0.36997315049876844,0.3005036783177424,0.42781746031746026,0.7290693146417445,0.6588672717469447,0.7863495024875621,0.33735812133072407,0.2607990599294947,0.4135480474135243
2148.5,0.7885610317597842,0.685392706036589,0.8401296296296296,0.36779907975460124,0.2969338569195265,0.4360144118165966,0.721672127169033,0.658641883886256,0.7838447675117144,0.3362937208291604,0.2625510018546129,0.41502724425010296
2153.5,0.8,0.7164999584383919,0.8605453087409783,0.37630769230769234,0.31069069785947323,0.4422905620360551,0.7256892604757639,0.6512700320512821,0.7902665910380035,0.3365530153082372,0.26814148351648354,0.4147169466112132
2158.5,0.8066074489636902,0.7353620312859444,0.8739698492462311,0.3813268770417193,0.31634780003424073,0.45659429247057554,0.7292663192213418,0.647866344605475,0.7826196750109794,0.3310600931573243,0.2573178032800118,0.413815849331271
2163.5,0.8159293371583874,0.7294758812615956,0.8857672165488347,0.38809182340457055,0.32056005895357403,0.46320622598451305,0.7260611205432937,0.65,0.7924766533257099,0.3294644866121653,0.2600981195756991,0.4116471890418731
2168.5,0.8204982460698973,0.7315916028336117,0.8954966495861253,0.3908479908875262,0.3173844845101585,0.4672629253347863,0.7253886010362695,0.6610654989965336,0.7921217121712172,0.3334917617237009,0.25881876613680904,0.398775284042296
2173.5,0.8293455915943353,0.7484341661504578,0.9030439560439559,0.39659932781612517,0.3209921682012126,0.4751021061055603,0.7268041237113402,0.6551549098547172,0.8074363425925926,0.3292535882642651,0.25868137091790655,0.39566204020935686
2178.5,0.8303561935140882,0.7409638554216867,0.8976306294697506,0.3941774556712637,0.3165854031649058,0.4953025057868561,0.7292242173112339,0.6702401531053216,0.7914942992634447,0.32780857912369443,0.25732476058371967,0.3980393339768339
2183.5,0.8211083523001586,0.7345513624444191,0.8983303066989508,0.3909311810362526,0.3015429444749545,0.4807235504909923,0.732813906390639,0.6597828471155955,0.7926601961743429,0.3274438540111193,0.2731229547795492,0.39448569881012696
2188.5,0.8012434352795799,0.7303756124115406,0.8805120783304746,0.36755490144129976,0.27566814570219794,0.47067010619868943,0.7329768270944741,0.6614458316552557,0.8010895044010715,0.31973962930273614,0.26548303657362854,0.3971034870641169
2193.5,0.7826050420168067,0.7117379679144386,0.8725391054625443,0.35553619515285917,0.25422120545194793,0.4424364992292416,0.7384182464454976,0.6697386363636364,0.8050647683510328,0.32241625461383105,0.2537978815860945,0.3970277581597134
2198.5,0.7724867724867724,0.7051166151364431,0.844914249224594,0.3553942095353963,0.27167539510840344,0.43336477339378265,0.7435226204859713,0.6628239448652958,0.7945127981384525,0.3194450051580883,0.2551529931958515,0.4012044239578107
2203.5,0.7603564800224113,0.6971692745376956,0.8387741935483871,0.36531766652102715,0.2962541193251685,0.4444136339662447,0.7424696062420613,0.6698363384188627,0.7981380399545592,0.322589628951805,0.24119873499315125,0.39514108916154544
2208.5,0.7583739725713763,0.6889817728822449,0.8393879360505389,0.3778518953616476,0.3063064942288972,0.4563644321008779,0.7512316466448247,0.6682402234636872,0.8080380293863438,0.314824634964483,0.23538040523278286,0.3939154521764308
2213.5,0.7486905251611133,0.6789285714285714,0.8218761586948462,0.3792817269541545,0.31322119708775553,0.4568830804610595,0.7546439628482973,0.679191064844936,0.8162448031303496,0.3149108563634592,0.23458092181416396,0.40132428071220844
2218.5,0.7378595002357379,0.669897945624153,0.8177320075757576,0.3785112622449616,0.30946402712534876,0.45701816583235244,0.7545461224789685,0.6812841608653127,0.8268795560874768,0.31867291604668846,0.2322879314279918,0.41969028145731213
2223.5,0.7392872664059105,0.6733124018838305,0.8071453577054837,0.3781344413268053,0.31346038761392336,0.45638284666989054,0.7660363884749131,0.6884733606557377,0.8363420563420562,0.3146007218587864,0.2339586927352885,0.4097170262852008
2228.5,0.7346455169745624,0.6597309529796329,0.8042775742775742,0.37777663712827425,0.31249206887631836,0.4574908058024224,0.7676767676767676,0.7059826716385172,0.8419588934346386,0.3259911092782505,0.2475844215993582,0.40726038178393104
2233.5,0.7347173260216739,0.6560123820433098,0.8045339845339844,0.3785892445830602,0.3133557293360981,0.4602297719643477,0.7739905443393815,0.7008906240468492,0.8439912676904546,0.3323214171588401,0.2540633906758958,0.40069518092464135
2238.5,0.7373737373737373,0.6678852832927272,0.807987684729064,0.3815011862033496,0.31561673895026693,0.46952765636557015,0.7722222222222223,0.6994323951363033,0.8434986511073468,0.32657462693525874,0.264690927218345,0.40342082162235376
2243.5,0.7440185910204455,0.6614564623194065,0.811960703842405,0.38956587924401237,0.3268121502076187,0.4729533436628958,0.7741935483870968,0.7069242145208996,0.8325296108291033,0.3375424021747409,0.26582733163068384,0.4012119165448897
2248.5,0.7473684210526316,0.6834999482026313,0.8197249986917159,0.3893019299389092,0.3132601323201013,0.4710936567906144,0.7769387344825853,0.7004286563110093,0.8315686888231277,0.3413777111872146,0.2640940514706605,0.41702693569402716
2253.5,0.7611525704809287,0.6810476455837281,0.8334615384615385,0.3946887621001346,0.3242559866357113,0.47009692426553346,0.7707207619745398,0.7016531196667727,0.8291437142077992,0.34359121358956435,0.2730458837994088,0.42336524427331956
2258.5,0.7690374951681485,0.6843819630124777,0.8468070616585467,0.3979153519770906,0.32805538366336634,0.4732493966948038,0.7676221676221676,0.6902687011763275,0.8342868504772003,0.3461547911547912,0.2672229192806357,0.4245268311592005
2263.5,0.7733990147783252,0.694241576884064,0.8579651755117161,0.40316907775768535,0.329276923949413,0.4928662985922769,0.7601020408163266,0.6936224489795918,0.8190674603174602,0.34526376760864175,0.2775810586011884,0.42674841821433956
2268.5,0.7820147303397482,0.6900345673176352,0.8553455647102125,0.40714617250181007,0.32660541817023986,0.5053539064746855,0.7552637411347518,0.691805990943922,0.8149831649831649,0.34583743495992125,0.29096947047072597,0.4289596265706911
2273.5,0.7864907512930657,0.6978896280946668,0.8611191393705845,0.40429851301386344,0.3164855013240054,0.49511247259671903,0.7505760368663594,0.6875300625300625,0.8130864721986217,0.34308676038480523,0.28411077806918944,0.44150688863375426
2278.5,0.7888253638253638,0.7101704545454546,0.8538485412787088,0.3859315252797054,0.3018107678485037,0.48575812522296713,0.7442616077979247,0.6733037717704883,0.7972322550251255,0.35136322245433604,0.28374211575541686,0.4348429541369544
2283.5,0.7943645549941702,0.7064426702151253,0.8642308975642309,0.374287072243346,0.2806929915804761,0.46621176983607854,0.7368984091824407,0.6631117495541906,0.7968789657360406,0.3508467367004966,0.29451644504162683,0.43648805772069044
2288.5,0.8075692600912123,0.717894655545258,0.8758147381335787,0.37950366908752414,0.2965011043943269,0.47372962607861935,0.7309644670050761,0.6649567382665125,0.7911477097272258,0.34689723320158106,0.2913572735262974,0.4396666640498041
2293.5,0.8141623729285614,0.7347940782738799,0.8921945630336514,0.3796583405110537,0.2960293985435584,0.473611005758025,0.7283992779431137,0.6560390439700784,0.7911390019598974,0.35008104398637063,0.28725402098910974,0.43898961087353827
2298.5,0.8273733503618561,0.7457526827800622,0.8934673004897723,0.39433379649126343,0.3047142000786777,0.47170796557904837,0.7272727272727273,0.659830382567785,0.7889184161573212,0.34809590379786537,0.290054215318387,0.43657144653184377
2303.5,0.8267026189169115,0.752800118273211,0.8889470622454915,0.3924968048226237,0.31127962540343723,0.4616056432650319,0.7282051282051282,0.6611976320582877,0.7979787234042552,0.34923947759542107,0.29445704841900744,0.4240825998645904
2308.5,0.817231130017452,0.7420689655172413,0.8918854453480182,0.38772521294512496,0.3117576981416267,0.4582521878272279,0.7295302178842551,0.6581180011733796,0.7890696799505549,0.3504421404431406,0.2963847726111395,0.4277442525407294
2313.5,0.8186386477843764,0.7435610943990832,0.8693755887894489,0.3835677091680002,0.3180195485525134,0.4550209992208434,0.7281553398058253,0.651003244535519,0.7989456893868658,0.35151768836078856,0.28971537355106186,0.4315201220015276
2318.5,0.8019562825847802,0.7333003300330032,0.8679896437919653,0.3811861398654673,0.31873311118886066,0.46511036837058745,0.7310482712383871,0.6515932532459653,0.8058401030315039,0.35837277029486714,0.28766470829348273,0.43095940407227423
2323.5,0.7893446852425181,0.720709073604061,0.8602210608518052,0.3722190831635763,0.3066324114531208,0.45590289629625474,0.7307672075958023,0.6513651365136514,0.8099899421674629,0.3665527636115872,0.29279390792592297,0.4393067716760255
2328.5,0.7775027502750276,0.7105,0.8392549602472456,0.37169929382318767,0.3062102511066865,0.45295653638814015,0.7356641092068553,0.6549895506792058,0.8044647894547878,0.3687714771904258,0.29211343245321714,0.4347865975269246
2333.5,0.7599019607843137,0.7053328171154895,0.8201896380114202,0.37212852931450563,0.30560279229084913,0.45134333189469134,0.7374050098508302,0.6665880503144653,0.8163386064484965,0.3695363071775295,0.30747542997543,0.44305536912751675
2338.5,0.7562820415688057,0.6881909547738694,0.8130864721986217,0.36721220178212133,0.3010137518818956,0.4507577879611832,0.7487803717189024,0.6611609444272605,0.8236349924585218,0.3783567322465271,0.30833159388197146,0.45035600600051223
2343.5,0.7481582670634728,0.6826236263736264,0.7992314299923142,0.3666259228079264,0.2926839689672389,0.43798980210282223,0.7518295999604411,0.6575854037267082,0.8324037445266496,0.38936203977994077,0.3169368912771943,0.4532303775237878
2348.5,0.7396682464454976,0.6699146341463416,0.7972771180432471,0.3650153374233129,0.30067527010804324,0.4385618508656624,0.7646989528795811,0.6732805820145504,0.8531980913907672,0.39800609423187594,0.31828522911648816,0.47756137295931556
2353.5,0.7352303220035779,0.6633766968325792,0.7961657520754185,0.3610630779640629,0.2924069484637645,0.434532702305309,0.7771879927911691,0.6768269230769232,0.8600851063829786,0.4101053776988718,0.33460852364961957,0.5066273688303289
2358.5,0.7321903242955875,0.6700885041820657,0.7981730769230769,0.36135131994549086,0.2918308264722454,0.45068821989096886,0.7858919687277897,0.6777513227513228,0.876506921596623,0.42560748965370615,0.33391758917589176,0.526799787331004
2363.5,0.7279390560415264,0.6619448939230493,0.7962129190802176,0.35899741597505563,0.2885383903792785,0.4436950055594123,0.7896086369770581,0.6906845271248747,0.8811118890911637,0.4462393101409685,0.3472316698444186,0.5764812273377344
2368.5,0.727510709186102,0.657270288397049,0.7969650895508092,0.36021044283369297,0.2863709285506559,0.4367152695476899,0.7914193122831168,0.6902306270355917,0.8919080757404111,0.46616435455609456,0.35912793625053485,0.607926631786338
2373.5,0.7270509977827051,0.6664215686274509,0.795323906212231,0.3584246456048949,0.27929045890766085,0.4251291892533534,0.7939453419900347,0.6860014870738962,0.8870403939696063,0.4765210084033613,0.3671503886795891,0.6005521012043542
2378.5,0.7290180010128446,0.6681464174454829,0.7913216706356475,0.35108270327629654,0.2832718609958852,0.43196762224063884,0.7851648351648352,0.6819399699312715,0.8920454545454546,0.4734882987322805,0.36520362707036286,0.570366945492952
2383.5,0.73031235750114,0.6597480489449851,0.7905258406680207,0.35416149948623465,0.28466669442478243,0.435022985864905,0.7673687289746965,0.689034878165313,0.8805454545454544,0.458793952679083,0.3412560180703453,0.5800467878299038
2388.5,0.7297342995169083,0.6666666666666666,0.7875042525685514,0.3483099130471413,0.2894107150798239,0.4288174982911824,0.75,0.672667275335855,0.8671518029176989,0.44021766839219734,0.32254679159069444,0.5592615095512271
2393.5,0.7238957121310062,0.6649732620320856,0.7940213567839196,0.3458942048050959,0.28536436128677356,0.4355663335392176,0.745472972972973,0.6718611111111111,0.8583316719829877,0.4017677974199714,0.29545958722824844,0.5351570539867451
2398.5,0.7264150943396226,0.655087060430181,0.7874907097733185,0.3440129615635847,0.2773337649435744,0.42859347442680773,0.7309644670050761,0.6610436309068772,0.814515937907335,0.37893410979519726,0.29106866023946426,0.5063481161695448
2403.5,0.7238000181471735,0.6554998913279723,0.7943639178159301,0.34553703483790177,0.2799575821845175,0.4211464491506398,0.7263462242922183,0.6685025620473477,0.8088012743926722,0.37137171193676477,0.2812418430245103,0.4724075074264109
2408.5,0.725952645209027,0.6695294655093651,0.7912823624595469,0.3444755923885615,0.2838206650484017,0.42128898889837,0.7246376811594203,0.6699123222748815,0.8011158449989856,0.36654376583169157,0.26875588179936005,0.450826756271001
2413.5,0.7241286993769471,0.6678623419742051,0.7898937159558921,0.34539684086769534,0.2816442909747396,0.4148571186877638,0.7267741548789259,0.6681674565560821,0.7890096825591371,0.35803874143784764,0.27956198608475646,0.4502399787981183
2418.5,0.7270622895622896,0.6540146679342659,0.7878091700068433,0.3451506350545691,0.2841868512110727,0.412696094157456,0.7254849981925533,0.6650435391852668,0.7890518722088627,0.36228980449219395,0.2821591804570528,0.4506397790690984
2423.5,0.7253043397453769,0.6592683632157317,0.7824975633528265,0.3421166945065181,0.2879241773045096,0.42026219979007384,0.7283410138248847,0.6648668600735637,0.7854600908821495,0.3573554752474063,0.28249080694817885,0.442118429927617
2428.5,0.7250592417061612,0.6577262187616294,0.7934543610069125,0.3447481443707859,0.2801794535785299,0.42224209337349383,0.7303921568627451,0.6681891025641026,0.7873961499493414,0.3562226700635005,0.2903088212811497,0.4461644909820563
2433.5,0.7223551302498671,0.6498255813953489,0.7887555999352296,0.3411032197612678,0.28592123035888317,0.42607485107485105,0.7317754462460826,0.6807237673077382,0.7911984196663739,0.3584481739209533,0.2904349646396228,0.4472755415584316
2438.5,0.7191998640545724,0.6538636666222873,0.7895,0.34764506467432443,0.28171757325990626,0.4184425459037288,0.7342995169082126,0.6813414802540735,0.7899622926093514,0.3577283865017873,0.2912068873518446,0.4311231239650595
2443.5,0.7230769230769231,0.6477503012378135,0.7931851179673322,0.3512317779063685,0.2831774920687928,0.4235073088382876,0.7315253003276301,0.6808949096880131,0.7895,0.3619038233472682,0.2877851106639839,0.4489309295470255
2448.5,0.7176065432630219,0.6445256647120251,0.7810239328892178,0.35728903266756074,0.29573386106866406,0.42486044843049325,0.7340163504873702,0.6745283018867925,0.7876096054204863,0.36295859329173996,0.29381389854977363,0.44783490199661896
2453.5,0.7230408089563019,0.6557178099633932,0.7905564516129031,0.36279884501096693,0.2977052953069213,0.4226604495111656,0.7334773314331522,0.6784592822636302,0.7971996478396315,0.3628090941052385,0.2969853131709484,0.4453697944204273
2458.5,0.7187608409075141,0.6527209150881962,0.7890808207705192,0.36419383779640724,0.30236545518084923,0.4341553293780687,0.7348469387755102,0.6712314814814815,0.7970820639756283,0.3612831757516797,0.2963836918720663,0.45257108654758016
2463.5,0.7187559418715197,0.6562616455820339,0.7867334664517526,0.36480633414257335,0.29956757771475245,0.4356973980640209,0.7365853658536585,0.6700663000868216,0.798306631977726,0.36728455653646297,0.29047458098190143,0.4536151007159055
2468.5,0.7209914320685434,0.652836361867231,0.7873353840238393,0.36971160949749937,0.30018332852814117,0.4410067042011486,0.7355227064919232,0.6714975845410628,0.7961250087590218,0.36402893729382785,0.2919368595434434,0.46800916097135375
2473.5,0.7279390560415264,0.6544195317657814,0.7962070526686452,0.3724049364652746,0.3126997078674323,0.43558858509849313,0.7317003499250161,0.6666666666666666,0.7897208243469926,0.3674619738797711,0.29381719853088206,0.4690379393465895
2478.5,0.7234595306630238,0.6533791438845378,0.8104653996101364,0.37474696356275305,0.31284911948934063,0.43870241019452955,0.7286961835170711,0.6718573253056012,0.7969616714485397,0.366104905386223,0.29383109458125706,0.45897625236952827
2483.5,0.7293968845692984,0.6501730145380271,0.8211616161616161,0.37562677097176556,0.3003482029640861,0.442800017805211,0.7294748174499157,0.670090761110837,0.7897260273972602,0.36659693165969315,0.29264083069700986,0.4611401532755318
2488.5,0.7384615384615385,0.6648717626351521,0.8172531769305963,0.37450262376367727,0.3056854957340394,0.45733156677453995,0.729413198599477,0.6761908337713699,0.7931271749446378,0.3677505484952602,0.287406051689297,0.4661679662118258
2493.5,0.7460728678345259,0.6603584905660377,0.8247790723854553,0.3822846324993169,0.30522489705416533,0.4566683390200349,0.7297248283199536,0.6665869218500797,0.7936840288053665,0.3632359539947571,0.28174441724419313,0.4724052874158321
2498.5,0.744623034227567,0.6487553715543444,0.8376541911049157,0.38131156768927665,0.30181338265496266,0.45944140294126234,0.7306695894778796,0.6699312714776632,0.7905800405268489,0.3592318447240727,0.2835285110028377,0.4550201151494929
2503.5,0.7465023847376788,0.6592488059053409,0.8316666666666667,0.3788321593204537,0.29736222428654757,0.4634850061388976,0.7249899959983994,0.6717102828443035,0.8010238529397269,0.35659958125026703,0.2824617531497692,0.4565283134642356
2508.5,0.7450872677046709,0.645022385022385,0.8287644787644788,0.37717021872126033,0.28801783562599015,0.4542744615802349,0.7298752834467119,0.6631902761104441,0.788891680625349,0.3547284921191236,0.27126292855175177,0.4428592332092466
2513.5,0.7399959983993598,0.6473818429105747,0.8263265306122449,0.3632482663711924,0.26789658257807536,0.457405234359549,0.727019280875456,0.6617365798778527,0.7943413729128015,0.3492564432522565,0.26504336297851183,0.45357168536094333
2518.5,0.7353160919540229,0.6505244138903579,0.8134913279491591,0.34967652495378926,0.261248512663607,0.45224444459224866,0.7270384254920337,0.6665880503144653,0.796976902173913,0.34640563925607926,0.26332447115940355,0.4416954727921498
2523.5,0.7360044376173409,0.6574782608695653,0.8254067029539478,0.33813487257453556,0.26345360138463586,0.4398817997084889,0.728893721832093,0.6682343234323432,0.792772269828617,0.3419396473311461,0.264915143336196,0.42817368522599186
2528.5,0.7338175037981677,0.6630188464385356,0.8119508448540705,0.3399590158537003,0.26225235601177127,0.4321919403680409,0.7298752834467119,0.6735355233002293,0.7925968934172409,0.33805082030436845,0.25662583225874364,0.42766248744453195
2533.5,0.7364117364117364,0.6597828471155955,0.8028546277665997,0.3425515660809778,0.2639588209509474,0.42435354027341476,0.73352929584866,0.6649412543915222,0.7977459969437247,0.3355103215900367,0.24695358340943066,0.4279206306596953
2538.5,0.7427955086011395,0.6717744225061298,0.8152525416396279,0.34357692692192343,0.2630550119416614,0.4209013003127989,0.7319504958434685,0.6716448266448266,0.8041291659848361,0.33202478565816396,0.251567026502382,0.423724699638538
2543.5,0.7447894051237516,0.6849208542713568,0.818205369759774,0.34722860271420886,0.2665745258518927,0.4267736629319208,0.7352941176470589,0.6715615456894527,0.7955860512089348,0.3289662714153998,0.25095445095445096,0.4260896600140407
2548.5,0.7462373737373738,0.6734822316428534,0.8239440394511149,0.3533370846993199,0.2723820483314154,0.4238377398535793,0.7361093962217558,0.6686373331498555,0.8026854928017717,0.32586582253140484,0.23963425381903644,0.41842487961256514
2553.5,0.745,0.6852516816283664,0.8182865521575199,0.3518846286342474,0.2769131309261565,0.4239389106695904,0.7399959983993598,0.6632535753575358,0.8131662368364496,0.3188733269547841,0.23788462911401442,0.40739664048118496
2558.5,0.7464114832535885,0.6795179343314345,0.8068075654881846,0.35330020304797655,0.28709384947209127,0.427700455552513,0.7377753701697364,0.6686634237484698,0.804476969436074,0.3221899765598839,0.24681380089074093,0.4113255836993494
2563.5,0.7412935323383084,0.6791939099570334,0.8090580811031903,0.3509484757085525,0.28761802837573386,0.4266641491737261,0.7359105318774217,0.6683074265975821,0.8031140042223786,0.3239772067434971,0.24958299946305398,0.4066206184302016
2568.5,0.741699449252557,0.6698678361167848,0.8019347586932606,0.35205370810970327,0.2818904487189143,0.4241404948513545,0.7356005153932614,0.6715384615384615,0.8053553299492385,0.32964725439777576,0.2477964989987185,0.4146515151515151
2573.5,0.7325566301031998,0.6663382594417077,0.7982039706810349,0.3527037720917964,0.28222684787476965,0.418414431429366,0.7382520860781729,0.6615909090909091,0.7981148848275681,0.3307813160726323,0.253470457676412,0.4260500523360928
2578.5,0.7268439108061749,0.6600319846847057,0.7915183761065903,0.3506443883544834,0.2829855715871254,0.41513773978460833,0.7334863921174726,0.6632315618496523,0.7897967516559296,0.33762365344352796,0.2586352776942327,0.4268659524934797
2583.5,0.7283633841886269,0.655474043573439,0.7836730317804261,0.35365105804095054,0.2840195879206613,0.4175635790788841,0.7336879432624113,0.6666666666666666,0.7924936502177069,0.3451678618887071,0.26881419403003043,0.42823550212164074
2588.5,0.7312376795268938,0.6563572325289441,0.7806143580303727,0.3542843075408121,0.295388865121631,0.4128287328841556,0.7301805337519622,0.6760952380952381,0.7927552729366201,0.3501196172248804,0.27962541114450135,0.43087716294553075
2593.5,0.7268305344889852,0.6582850476874167,0.7890808207705192,0.35067496493688644,0.2981532932300163,0.4124082317120291,0.7301249883839791,0.676735459662289,0.7980790592098909,0.3494367687328852,0.2856229448301059,0.4314225468457893
2598.5,0.7324982498249826,0.6598765262724653,0.7873973727422003,0.35203382838889435,0.291147450402568,0.42162376412612923,0.7292663192213418,0.6613951254045308,0.7903452338871215,0.3478882932483338,0.2763469073299582,0.43997076284041126
2603.5,0.7304928820843406,0.6539903308009241,0.789655172413793,0.3534957279000986,0.2959745039836087,0.42078932910723715,0.7317276538974653,0.6717765567765567,0.7906510808148878,0.34994530396703605,0.2702783650458069,0.4309333038667297
2608.5,0.7327020374675236,0.6600081689234348,0.7980808080808081,0.35128384259471346,0.29350518048128343,0.41908167080109193,0.7299289099526066,0.6647822433832796,0.7942221912461667,0.34655748663101604,0.28121859621859624,0.43364719546890085
2613.5,0.7358087661069894,0.6579409869862131,0.8077599536142249,0.35229476405946997,0.2972693785937962,0.42260933500354014,0.733500837520938,0.6567164179104478,0.791918498168498,0.3486908924898693,0.2821039237863233,0.43624040175133655
2618.5,0.7386934673366834,0.651306543697848,0.8021250124415248,0.3572728946087763,0.29631301549850714,0.42036700709285585,0.7304810525246368,0.6614758925285241,0.7886740403046159,0.3420892017222049,0.28287644046767885,0.42984752032966067
2623.5,0.7462307750587166,0.6802541864397534,0.8044756611339525,0.3579989270963897,0.29083986928104577,0.41914725082625437,0.7299919967987194,0.6720306038047973,0.790858843537415,0.3441849389690964,0.276868799405804,0.4283486655143116
2628.5,0.7421798631476051,0.6698678361167848,0.8057033096926713,0.3596995709047192,0.28879194717879014,0.42061628206849017,0.7300793650793651,0.6792780748663102,0.7857308970099668,0.33757865312867863,0.27011877904235976,0.4110958727587349
2633.5,0.7409287460048881,0.6698316800337696,0.8142535336782434,0.3575783972125436,0.2779308026162969,0.426064670729397,0.7329970009657907,0.6733780079195857,0.792138709063214,0.3381544200840523,0.2770892400976897,0.42407631053228734
2638.5,0.7405583756345178,0.6646749534189234,0.8023940086316323,0.35160691006658157,0.28084537789822345,0.42102058594287284,0.7291153530377668,0.6683074265975821,0.7954291110848778,0.34171571651812854,0.26982533013205284,0.4210682501847553
2643.5,0.7369777536625068,0.663542148607384,0.8011654661864744,0.3472888630655621,0.27217563925111093,0.41910024045780175,0.7285750017053594,0.6697865353037766,0.7927552729366201,0.33920459980506673,0.27509151456606845,0.43552080899067364
2648.5,0.7347550675675676,0.6683074265975821,0.8092021018799581,0.34160975452612585,0.27181172308734475,0.42163557052777056,0.7276916631755341,0.6714178509450777,0.7915864562466408,0.33969598654169675,0.2762003837314723,0.4215872327679932
2653.5,0.728898482469911,0.6599622437971953,0.7948963730569948,0.3419212992312037,0.26359754310555367,0.4143749652835638,0.733101499673984,0.6699483476015112,0.7928146906430966,0.34171826625387,0.27891168820445067,0.42593092899347834
2658.5,0.7243116948724426,0.6556431273644387,0.7990452261306533,0.3383762031854063,0.26550333301130324,0.411300265319394,0.7344860781990521,0.6666666666666666,0.8031543729007733,0.34456872960844287,0.2756628679346824,0.4153465020188583
2663.5,0.7230366240507546,0.6593069993069993,0.8020254188880427,0.346024949565647,0.26665570175438597,0.4170506100809948,0.7437185929648241,0.6820046563904946,0.8000537634408602,0.34471324076232335,0.2739408132850756,0.4145193622336215
2668.5,0.7272727272727273,0.6633086485056863,0.7896039603960395,0.34267659300329234,0.2633568965610279,0.4195525671637308,0.7512316466448247,0.6854232751784298,0.8042087879091182,0.337851641856141,0.2773333774133827,0.41667359955629507
2673.5,0.7277227722772277,0.6587302783639836,0.7874764998453154,0.34608540925266906,0.26548972403670307,0.4137422373885006,0.7544076708939066,0.692401274875622,0.8060459733418469,0.34260763347061984,0.2690345368916797,0.4141686311258181
2678.5,0.7306695894778796,0.6742315964754041,0.7884615384615384,0.35033791788551094,0.2767604264228932,0.42828296900288854,0.758440536286164,0.6906300114547537,0.8241074837724323,0.3414628072539771,0.26623476401858753,0.40752309493613215
2683.5,0.7323943661971831,0.6632038926681784,0.7893588623568238,0.35718232523693255,0.27218220209028804,0.4384195538680588,0.765,0.6978612588652482,0.8166962774957699,0.3418029612966275,0.2752814321484279,0.414009630069574
2688.5,0.7334773314331522,0.6735858585858586,0.7932771307331166,0.3615180675569521,0.28930145544719293,0.43035591287361247,0.7666749011857708,0.6998258706467662,0.8393412119688206,0.3399727471727936,0.27131007148418146,0.42177740583280343
2693.5,0.7306695894778796,0.6666666666666666,0.7907258974937909,0.35617625934562436,0.28782365924879166,0.4424189014589736,0.7696531198686372,0.7119201929783772,0.8396212596777568,0.34144222415291053,0.2684322498574374,0.4286385501733974
2698.5,0.7322258912325629,0.6771994421881882,0.7955403087478559,0.36114596233908847,0.29321146364233297,0.4386232203452835,0.7763575738329629,0.6993998466438599,0.8486201298701298,0.34777048273452515,0.26267867867867867,0.42500112025864534
2703.5,0.7257714669051878,0.6766921795272312,0.7814118758115924,0.35924380779348986,0.2846603671054221,0.43462057547744387,0.7801366309235559,0.6966455044612216,0.8371052631578947,0.3404025342531379,0.25922828784119106,0.4240020260650531
2708.5,0.7275035958288385,0.66817934009671,0.7800476190476191,0.3561767955801105,0.2846031108305114,0.4410295708618823,0.774021592442645,0.6938842120809334,0.8391264367816091,0.3296896840928152,0.24211939294976467,0.4070532580151517
2713.5,0.7298505785866757,0.6681545786157563,0.7850194063926941,0.3547046733982665,0.28585133059661166,0.44691126692456473,0.7678672716959728,0.6944372481289579,0.8430876618855313,0.3238840045661186,0.25155839133129715,0.4220358625461254
2718.5,0.729413198599477,0.6665857605177993,0.7783996926831473,0.35327471729155424,0.2884533511613504,0.4457462886582587,0.7608901515151515,0.688741424725736,0.8309450143841937,0.32343086292840934,0.24357086802238298,0.41069234707537366
2723.5,0.7276916631755341,0.66828231292517,0.7794959028387474,0.3507127103733255,0.29761525629360025,0.44191286716772754,0.7517813067573231,0.6789783745666099,0.814313594290175,0.31961050166399607,0.24345165318562934,0.40678936676940314
2728.5,0.7268439108061749,0.6696969696969698,0.7796779124358554,0.3524184200668613,0.29184595956927434,0.43278761061946897,0.7448448129251701,0.656396333274946,0.8010709105977416,0.32302861873226113,0.25496407325595166,0.4125298827034071
2733.5,0.7247706422018348,0.6712156443774091,0.7824379804332635,0.3575583778432201,0.28986726639408594,0.4400218120805369,0.742421149331428,0.6722903085614951,0.7943275261324041,0.3333333333333333,0.2529826731788245,0.4194980640389802
2738.5,0.7219512195121951,0.675466771118945,0.7851509216589861,0.3610724517224305,0.2938934720229555,0.44168600435097893,0.7344966972296165,0.6616258330986576,0.7931780055917987,0.3373567116151848,0.26077107077529194,0.42610218310548353
2743.5,0.7255034041427093,0.673649289099526,0.7857950872656755,0.3584012215345301,0.2846731461801866,0.4404690374003678,0.7368421052631579,0.6649417158464614,0.7921416164576888,0.33930284617844575,0.26026243604559474,0.4160748323119239
2748.5,0.7265987137483315,0.6713677811550152,0.783338669950739,0.3657448433919022,0.2820780315267287,0.4347150115153761,0.7279274351611286,0.6648229166666667,0.7920819890977863,0.3382630457933972,0.26477607693954713,0.4159714602461695
2753.5,0.729648298774201,0.6727523364485981,0.7915270710026863,0.3615329204958697,0.27963573419087,0.4457387542227227,0.7352761062889398,0.6650932111582558,0.7903256159465148,0.33776116771406617,0.27813615397448643,0.41611249174939413
2758.5,0.7340895941813373,0.6712243044479886,0.7890002498681251,0.3584938777592089,0.29111228275476286,0.4441876873772356,0.7274861288945795,0.6564959944270289,0.7902725236436038,0.33359830418653946,0.27705007305841406,0.41954315069576936
2763.5,0.730045189022374,0.6758859748072946,0.7941228419324344,0.3633960573476702,0.29358607807258313,0.44843768465886047,0.7230769230769231,0.6534553957908354,0.7889711716477122,0.330520207566264,0.266479803979804,0.41319482338389896
2768.5,0.7231372906875941,0.6666666666666666,0.7875914423740511,0.3651464971953694,0.287906763846978,0.43916643169942976,0.7250592417061612,0.6598161091481185,0.7861771757372332,0.3281673454276194,0.2673079859718142,0.41285773354715866
2773.5,0.7294685990338164,0.6732843510481702,0.7884750812567713,0.3670250667399497,0.2979899377217027,0.4431996155669071,0.7249338624338624,0.6470135746606335,0.7921319796954315,0.3321134492223239,0.26115344389660844,0.41105580972220385
2778.5,0.7243944306694641,0.6634122192707076,0.7843324889764518,0.36325349739983886,0.2998255813953488,0.4498955177524465,0.7227824806772175,0.6532345940227453,0.7843442622950819,0.3281044242221742,0.25565563190731594,0.40527817393178667
2783.5,0.7295437639474336,0.6694423350735643,0.7863897168405365,0.361243892075632,0.29404137571904637,0.4504992119748763,0.7274797317585827,0.6428038379530917,0.7951716789012551,0.32536331296286397,0.2618792103425589,0.3999483797586639
2788.5,0.7275252525252525,0.6695367132867134,0.7898195170525267,0.3611874967138125,0.2980020491803279,0.45266201125296307,0.7286833101678606,0.6516665441266574,0.7951463730569948,0.32206164893663264,0.26007908809830277,0.3996142618205607
2793.5,0.7290180010128446,0.6649348607367476,0.7800243902439025,0.35854713589966763,0.29406926595064553,0.45247216872563295,0.725,0.647654916289796,0.7953461314717859,0.32285018726591763,0.26543240805147383,0.405802647010475
2798.5,0.7244047619047619,0.6632459918640823,0.7842682926829269,0.35993630573248403,0.28654142786856907,0.4483034805486416,0.7277502750275027,0.6613562753036437,0.8000990099009901,0.3217129387113672,0.2728161636569811,0.3962402907634429
2803.5,0.725662561985432,0.6713235294117647,0.7914691943127962,0.3658515901480647,0.28670883256870516,0.4558503401360544,0.7310482712383871,0.6566305970149254,0.8023570855768128,0.32890740670437724,0.2649431014396272,0.4031890487944487
2808.5,0.7248780822858714,0.6666666666666666,0.783459814822644,0.36341841234840133,0.2872972246092085,0.45370996437445477,0.7346938775510204,0.6617572786690433,0.8125142694063927,0.3301480637813212,0.26635198144657474,0.41537604630824965
2813.5,0.7253043397453769,0.6620269726247988,0.7864018901890188,0.3604150145387259,0.2803995474021999,0.45457932323595635,0.734375,0.6683915881073241,0.7974256279103432,0.33283003483496443,0.2644995414646928,0.41845349240754665
2818.5,0.7219621568412993,0.6682892637337589,0.7835079240193323,0.35585392579094177,0.2847681236673774,0.44412378999570834,0.7336617405582923,0.6648012400297091,0.8021405742217924,0.3385191081605015,0.26880224320639673,0.4204989591465001
2823.5,0.7257714669051878,0.6583521923620934,0.7794148413816661,0.35693211149169657,0.29415927994657276,0.4504027891106001,0.7268041237113402,0.6631877105236297,0.801271505376344,0.33880496080984057,0.27628676470588237,0.4168441791153938
2828.5,0.7202932004027208,0.6664285714285714,0.7788709823040809,0.3583324187884109,0.2810455188466285,0.4427431692391643,0.7295302178842551,0.6594676558635949,0.7895408163265306,0.3448959501216878,0.28116195529676935,0.4118638392857143
2833.5,0.7234532797333072,0.6649619456505831,0.7805837850045168,0.3593056434119471,0.2877673986530075,0.44380899058131146,0.7286432160804021,0.6609206471494607,0.7867932609937177,0.34362458713232924,0.28457657026851757,0.413345003646973
2838.5,0.7235023041474654,0.6574074074074074,0.7891014478332254,0.35885638231946015,0.2943235873352522,0.4399382524908471,0.7277140335392762,0.654369266548947,0.8019911892067783,0.3421787574179484,0.28217187103325714,0.4210952653086394
2843.5,0.7265861414576602,0.6599949238578681,0.7805060835831423,0.3569279713296696,0.28155396909098285,0.43820677000773495,0.7298505785866757,0.6530062024809924,0.7984230769230769,0.34601527375746755,0.29111783284960774,0.4127345329937832
2848.5,0.7227463665565963,0.6568554287386597,0.7864962456358505,0.35321206571206576,0.2899248060878789,0.4410290911678516,0.7288536277446345,0.6616018890319973,0.796682486506607,0.3471977240398293,0.2923116796894949,0.4149533562098506
2853.5,0.7268292682926829,0.6550953573492583,0.777407317181202,0.357451965450379,0.2888708639114201,0.4315156434474616,0.7236559139784946,0.6633612851081027,0.8019910782287021,0.34483213894546383,0.2932248366285989,0.4132586548956882
2858.5,0.7235023041474654,0.6555998715795713,0.7857650643195666,0.3587967305373174,0.29115944809168426,0.43282520073025044,0.7305699481865285,0.6665820642978003,0.8001408450704225,0.34634763014061787,0.28587399275884423,0.4119606341373104
2863.5,0.7268292682926829,0.6505627705627706,0.7873647225639635,0.3560287797575933,0.2854824130293299,0.43686013016771724,0.7263916267718014,0.6631828488971345,0.7923628871838589,0.34583956899131996,0.2822181923606821,0.41617076311130524
2868.5,0.7259291776412058,0.6552631578947368,0.7935233104050661,0.3531115148762208,0.28623972235299266,0.44026422891056705,0.7250592417061612,0.6633113755305022,0.7922900623395672,0.3453653665413534,0.28099163422612106,0.42863573036116165
2873.5,0.7290693146417445,0.6631822910646168,0.7862178702570378,0.35444735261306104,0.29497515502014743,0.4363940698230511,0.7257348601109668,0.6515034965034965,0.7981994094695771,0.3439382932101943,0.28758940368817143,0.4212046510280255
2878.5,0.7274861288945795,0.6553314362236358,0.7895631067961165,0.351519370169459,0.29326286598912676,0.4290467725296588,0.7281354795439302,0.6632862550960978,0.7959809395456295,0.34834144956652763,0.2933789326156677,0.416041609894141
2883.5,0.7248780822858714,0.65301685891748,0.7897208243469926,0.3572906267921242,0.2889746572496884,0.43311011768999175,0.7303921568627451,0.6544010160178321,0.7939698492462312,0.3498275862068966,0.28483942663183487,0.42416701908775994
2888.5,0.7288536277446345,0.6527579365079366,0.7861892460773057,0.3620194540166679,0.2830481434897022,0.4438215991199339,0.7281802340054767,0.6602727272727272,0.7927639807039486,0.3485432353954427,0.29213178500781095,0.420040115045761
2893.5,0.7243878060969515,0.6494223695798581,0.7850801068090787,0.3554808945943235,0.28030996897989496,0.4425989900270453,0.7270384254920337,0.6629999999999999,0.7949009324009323,0.3518685812095854,0.2900818139407562,0.4182146953130973
2898.5,0.7235111728857051,0.6566787621525401,0.7909771629336846,0.3548048776061045,0.2852787412201776,0.44191598297452345,0.7258839950372209,0.6580691921144182,0.7889894419306182,0.3478197424892704,0.28513163115971574,0.4153300905813846
2903.5,0.7235023041474654,0.6496846258229884,0.7898403864328468,0.3542211720226843,0.28091963854893187,0.4418113621755085,0.7237138071308926,0.6563308603410126,0.7991324200913242,0.3508418222976797,0.28541866773412616,0.4152839689615321
2908.5,0.7236180904522613,0.65025956284153,0.7914790679304897,0.35788874459644565,0.29209973645198484,0.43967771290682095,0.7216802562609201,0.6514636657840541,0.7980834441038439,0.3490950617711181,0.2761904484566104,0.421309067688378
2913.5,0.7214016653449643,0.6556240869988638,0.7822202503269196,0.3519910704350729,0.29166367420430006,0.45317500496435464,0.722633787494172,0.6520652173913044,0.7927291785782351,0.34937532013451217,0.2812466710783285,0.4202845489766404
2918.5,0.7268139040680024,0.6537042925278219,0.7850357142857143,0.3554860859456992,0.28301583449614753,0.4522586123172251,0.7265599565925123,0.652920478536242,0.7941617647058823,0.351712263785367,0.28529250956806995,0.4212705330680158
2923.5,0.7223676556137288,0.6586479831144465,0.7798209033843992,0.35336496404477724,0.29248362389120963,0.45257254845831807,0.7239737274220033,0.6508425245098038,0.8002985074626865,0.35279958137101,0.27618607163478553,0.41961980812847827
2928.5,0.7203900071890725,0.6665869218500797,0.7800186915887851,0.35490324892498804,0.2891511278379237,0.4376733326546331,0.7234060772128982,0.6449308510638299,0.7942175899486007,0.35044686713789386,0.28052844489392204,0.4227628369774017
2933.5,0.7263954033771107,0.668125960061444,0.7814076834862385,0.35191624741047645,0.2828437243871105,0.44417485955056163,0.7252450980392157,0.6431754535492512,0.7902555168408827,0.3474050245633665,0.2860008342198514,0.4231262516975169
2938.5,0.7259615384615384,0.6752386877253568,0.7829903512739333,0.3540159441259948,0.2868613028364149,0.4528083187637809,0.7254393985573504,0.6358335306654038,0.7972634738647648,0.3465863232812385,0.2931431736160632,0.4230112666439057
2943.5,0.7261648488327592,0.6681891025641026,0.7829519450800915,0.3572175825747957,0.2917667506735031,0.45324633042710516,0.7290559075571093,0.6458863636363636,0.7907022928326413,0.342603550295858,0.28831554844664775,0.41687730088892877
2948.5,0.7301249883839791,0.6632526056206961,0.7879214682031583,0.3532382650029709,0.28519586660056384,0.44821883825507963,0.7270454657406039,0.6519268476621418,0.7838445945945945,0.34628420262563575,0.2729485925351234,0.4126687833375665
2953.5,0.7268405600722674,0.6649714719550913,0.7887323943661971,0.3459916372287506,0.2870748515044701,0.4459999109663426,0.7261282420385382,0.6424855993284511,0.7864593593171052,0.3459410617624315,0.2682289309954751,0.41698034127369016
2958.5,0.7285391079508726,0.6615344551282051,0.7796637639090469,0.34668791064144655,0.2882255051897909,0.44167176891253385,0.725,0.6481962954870973,0.7864971187943263,0.34308865949169975,0.2805577914590902,0.41760565080898315
2963.5,0.7259738758525026,0.6631789638932496,0.7847045454545455,0.3485344011817112,0.28771086139436225,0.4444492586173695,0.7281802340054767,0.6613165870447424,0.7871442579040513,0.33814097231465456,0.28348815773959324,0.42173643025711094
2968.5,0.7231528328547336,0.6513316112942015,0.7810665362035224,0.34388960813989533,0.2861465169646002,0.44027411617253004,0.7320152746982016,0.6664965986394558,0.7854297340728837,0.34169142614601017,0.28570804741110417,0.418341275659824
2973.5,0.7293176328502415,0.6540710846785612,0.7840513670256835,0.3532794315373864,0.28813978597821394,0.42658923355125883,0.730482233502538,0.6605326445176807,0.7893071407667545,0.34382884262094304,0.284947054645632,0.41617017549621743
2978.5,0.7261883164005805,0.6602727272727272,0.7783820077638349,0.3541365104629933,0.28851583638389305,0.42060588101208113,0.7241379310344828,0.6594133157547792,0.7905820041397784,0.347455102329992,0.29088472083628014,0.41696839014543285
2983.5,0.7253043397453769,0.6632898072415938,0.7780193236714975,0.35325024324699994,0.28179120252192424,0.4247661271504635,0.7238576197053408,0.6579999040491269,0.7900480225988701,0.34906583791864876,0.2841698473282443,0.4264154278462654
2988.5,0.7237138071308926,0.654178253932072,0.7811702357776336,0.3501119576326303,0.27656743476962065,0.4254740513229013,0.7203791469194313,0.645316727677861,0.7869221607404282,0.34776135869325386,0.2875349273996035,0.41289280874009876
2993.5,0.7279050647973864,0.6594357952422469,0.7846369518332135,0.35089914173698444,0.2758361982921149,0.4194448476052248,0.7230076965763506,0.6430323005932762,0.7928146906430966,0.34719617639449085,0.2774410267371366,0.405811276204391
2998.5,0.7254901960784313,0.6666666666666666,0.7877856763220834,0.35217785843920146,0.2789549454659999,0.42699969608737,0.7224972497249724,0.6501730145380271,0.7914119477865006,0.34349652407728637,0.27890691024751396,0.4129042832785403
3003.5,0.7211538461538461,0.6603181318216431,0.7863658428949691,0.34303836808498617,0.27615755290173893,0.42707420475219143,0.720932407160032,0.646211745057326,0.7887989966370803,0.3443492081512176,0.2800832801794202,0.40801640770665004
3008.5,0.728110599078341,0.660368689733409,0.7794117647058824,0.34278199883109295,0.2748223474638569,0.4261522451050483,0.7206546897387853,0.6410004568296026,0.784707532051282,0.34285714285714286,0.273752031671225,0.40996204933586333
3013.5,0.7257348601109668,0.6665869218500797,0.7820419386568899,0.34312191950567617,0.2830469457918021,0.4310960911432232,0.7204046272231566,0.6565203926052983,0.7832846498502364,0.3373542577107429,0.27189771375710325,0.4080416615710733
3018.5,0.7257258672699849,0.6698236085744497,0.7833043562252487,0.3463889764171283,0.28741092251878725,0.4319829487524427,0.7233009708737864,0.6585305481767689,0.7917109929078013,0.33564966882228503,0.26755844838744475,0.39527305735315904
3023.5,0.7240481321839081,0.6683156242453514,0.7913303655317435,0.34595827900912646,0.2888001655402784,0.43102751474795553,0.7268292682926829,0.6631326215523107,0.7890323711581161,0.33397435897435895,0.2702112429448358,0.40340480162815184
3028.5,0.7312376795268938,0.6682113821138211,0.783341006399337,0.34679798895574054,0.2913036121402109,0.4353957387013495,0.7290180010128446,0.6601365770379855,0.792772269828617,0.3323144542116391,0.27359421261075195,0.405631485302473
3033.5,0.7301249883839791,0.6635000703861855,0.7848521879582598,0.34695687066376724,0.28605484853916474,0.4314088598402324,0.7349456370225815,0.6612154971732623,0.7779950341402855,0.33427742801444504,0.2774798008541225,0.39866394435503066
3038.5,0.7292622324159022,0.658880003614349,0.7882922824302134,0.3466341609035275,0.2792579170715263,0.42296467846043506,0.7270622895622896,0.659581901489118,0.7903586904188733,0.33514652861236943,0.2675271895998338,0.40034799912255953
3043.5,0.7306814190375834,0.6552557423632489,0.7870647264312572,0.34590014207428454,0.28646999951376845,0.42299369051795666,0.7281329694420831,0.6616713944461033,0.7802620380161452,0.3333204971773293,0.2640348790396369,0.40642354524873026
3048.5,0.7317073170731707,0.6664912280701754,0.7830506168359942,0.35184320318824336,0.2893223604791531,0.4337899159663865,0.7240481321839081,0.6579726709336584,0.7821869539895167,0.3361142016075982,0.27024651486039003,0.4059920245458784
3053.5,0.7298505785866757,0.663380248978075,0.7897802197802197,0.3528539874447803,0.29001941543789683,0.44025285354399263,0.7226260951929908,0.6567696078431372,0.7857308970099668,0.33368997294170166,0.27021877598371447,0.4011805888194186
3058.5,0.730045189022374,0.6750339247122682,0.7915092611672047,0.35098112996726827,0.2855565223830859,0.43158230273100745,0.725,0.6571478635584861,0.7890821007302004,0.3386881720430107,0.2631771624443962,0.4096251426817454
3063.5,0.7290559075571093,0.671293427230047,0.7897058823529411,0.35235088022838357,0.2797772037455602,0.4371830075916653,0.7265395894428153,0.6627271252433484,0.791813063063063,0.3428408325530202,0.2740924751101586,0.43847977693054535
3068.5,0.7274756493506493,0.6697432146100293,0.7905046197583511,0.3533552210121717,0.29459997982243746,0.43115390736909115,0.7277357316883521,0.6611440373563219,0.7920621387283237,0.34901615795461116,0.2811875,0.4431639460413165
3073.5,0.7261883164005805,0.6727525964646812,0.7812554872695346,0.35089267015706804,0.2907179400934712,0.4334100276046896,0.7331715210355987,0.6536286709805874,0.8065330726621048,0.35803793808930795,0.28075000171687964,0.46783076842271126
3078.5,0.7281329694420831,0.673260136297928,0.7857467532467532,0.3530382450009707,0.2922075946658822,0.4340101763816483,0.7421005258420579,0.6597884169050575,0.8088974087784241,0.37043151862931295,0.293983060389586,0.47664335786390444
3083.5,0.730045189022374,0.6732922424623116,0.7915670960995037,0.3567703970887524,0.2809338244029939,0.44784305408271474,0.7335144927536232,0.6665820642978003,0.8167985833076685,0.3866296421249319,0.3066543044692487,0.4830272703103041
3088.5,0.7339721883606484,0.671621879169049,0.7887037037037036,0.3559230456627752,0.28895916584218845,0.441550521889772,0.7340136054421769,0.6665845648604269,0.8092906234658812,0.39212921897871633,0.31962405810093764,0.48930317946630386
3093.5,0.7305008944543828,0.6718543217535152,0.7925498148474696,0.35567151591819524,0.29195324143070045,0.44423092819486015,0.736237144585602,0.6697782705099778,0.8127126963350785,0.39934900731452455,0.32169793398028884,0.49229407407186526
3098.5,0.7305008944543828,0.6699134615384615,0.7943015521064302,0.3596072031619957,0.2953667161613004,0.4413398692810457,0.7354631507775524,0.6683911786913844,0.8069074795972739,0.4046520893721053,0.3206262645923203,0.5051091026595051
3103.5,0.7228884860317017,0.6666666666666666,0.8038689217758985,0.36181247350572276,0.29284793513792434,0.4432355117351501,0.7357512953367875,0.6493787303309821,0.8113650456196297,0.40366807712861486,0.31821380622888423,0.5016505525303779
3108.5,0.7237138071308926,0.6618370467453036,0.7918882243554305,0.3570743076501234,0.2946522327009261,0.4425158799352348,0.7374987498749874,0.6600347075653112,0.8041291659848361,0.4053429223221642,0.32148048342315855,0.48832103201928034
3113.5,0.7248780822858714,0.6648717626351521,0.7916760935143288,0.3572077922077922,0.2893543235800777,0.4398801381017523,0.7316431322207959,0.6499257425742575,0.7947500000000001,0.40570197117380735,0.3281860050512554,0.4861169488252006
3118.5,0.7207002090176172,0.6682343234323432,0.7868339096103387,0.3545966228893058,0.29085620595751505,0.446339325114147,0.7320080895772703,0.6487248831037533,0.8065360090022505,0.4031855736391277,0.3317977828259556,0.47527425680090807
3123.5,0.7261020571733903,0.6566475873061876,0.7914691943127962,0.3552245339375837,0.29697385301147816,0.45199070850273876,0.7265861414576602,0.6450738916256158,0.8086580086580086,0.39461325511650136,0.33122580189968864,0.47720407967247364
3128.5,0.730566037735849,0.6665869218500797,0.7940332615458243,0.36055575935436535,0.2898982962326549,0.45108173076923075,0.7281600598354525,0.6426854395604396,0.8115183246073299,0.3886457563785479,0.32670362327918595,0.4771262266097741
3133.5,0.7303846153846154,0.6647508741258742,0.788499245852187,0.3591804637398417,0.2989659426755144,0.4507524998232646,0.7254849981925533,0.6370410930329579,0.8019372716349101,0.38298338905647544,0.31993209949542734,0.4600332456041739
3138.5,0.7303921568627451,0.6740173829068082,0.8030797929039134,0.3630718101023139,0.2932575922632388,0.4583018112970888,0.7226777374156721,0.6355618571565895,0.7974018172261018,0.3828503229721214,0.3204689678920667,0.4566528506174927
3143.5,0.7339839293083776,0.6650246305418719,0.8000473933649289,0.3638154769346168,0.294769633599654,0.44946044159080717,0.7249338624338624,0.6363162878787879,0.795045918367347,0.37685257715807613,0.31922236994710196,0.44701422442506794
3148.5,0.7392097473669719,0.6649312937516204,0.8030316467513069,0.3634314224332881,0.29802956361353417,0.4513653896130541,0.7216880341880342,0.6478578752074993,0.7874458711922105,0.3707374315140213,0.30574540083255003,0.4460345057007591
3153.5,0.7431333034781311,0.6753411777347947,0.8178798993360462,0.3695103701205632,0.304339820919897,0.4492531208235952,0.7261020571733903,0.6501597327220406,0.7849462365591398,0.36690039667003993,0.3015201721814085,0.4454249322231678
3158.5,0.7614213197969543,0.6822892328660436,0.830958519137867,0.37615040417062684,0.31055405541333325,0.4640609710112404,0.729117526407548,0.6399796954314722,0.7872459614382491,0.36459426161584496,0.29392014285567253,0.43696206886007805
3163.5,0.7654281808417147,0.6977605727605727,0.8385743823283082,0.3816058002148228,0.3059773203786018,0.4655869498230862,0.723365305280528,0.6483748231966054,0.793627065302911,0.3598469387755102,0.28035781412245375,0.42024511025807193
3168.5,0.778351750765544,0.6922283901665345,0.8518744142455482,0.3869601287766221,0.3112598984430924,0.4679460136515578,0.7214897655568666,0.6435117424785957,0.7917109929078013,0.3524673439767779,0.2807237387375344,0.41963019291453846
3173.5,0.7894663894663895,0.6994284069413603,0.8557924662402274,0.39218538826469823,0.3233546054189936,0.47487823832488896,0.7201184354059529,0.6411351079859368,0.8032950727883539,0.3481119141888854,0.2778598184699611,0.4120974918351619
3178.5,0.8021405677655677,0.7089721092233655,0.8646233974358974,0.40960605414405277,0.327165438150615,0.48579453360877156,0.7263419743388322,0.6425104022191401,0.7978777133032452,0.3477921979082283,0.2793772404066522,0.4107727408458064
3183.5,0.814607201309329,0.7204086021505377,0.8818836240916638,0.42381203362090486,0.34379605330040025,0.5042014729306025,0.7219251336898396,0.6483320251177395,0.7922188372683422,0.3511520737327189,0.27119954859267126,0.41183821766151757
3188.5,0.8189008929555728,0.716924425198474,0.895361615129057,0.43576349024110217,0.3500883412376897,0.5369894040654563,0.7216737988718148,0.6525720992622401,0.7971905108898064,0.3476458713070753,0.2803884294902259,0.4159920739375858
3193.5,0.8295994993742177,0.7379266615737203,0.8960278642359567,0.45424593203820157,0.36146941888465967,0.5659850891861761,0.7227031953067153,0.6571215351812367,0.7902555168408827,0.3527385720172948,0.28763266286918404,0.4132856581451146
3198.5,0.82897391070468,0.7320854218880535,0.8989046513087691,0.4756346702718942,0.3764401509683748,0.6063877403250699,0.7268041237113402,0.6569047619047619,0.7983081283399319,0.3583203831374322,0.28229364955531283,0.4227701869794126
3203.5,0.8157966891729787,0.7293048128342245,0.8935040680473373,0.4711665889319612,0.36096780304525256,0.6139492535196283,0.7266096090254814,0.6577165517063215,0.7890383037637165,0.35914053375470767,0.2923054278684096,0.43090413454049437
3208.5,0.8023603954880936,0.7176404120970422,0.8958906595999564,0.4433966800504209,0.336764582092923,0.5882124803830387,0.729413198599477,0.6683358380688489,0.8013332890011968,0.35959345743324467,0.29385098825734246,0.4453445770580494
3213.5,0.7949948748718718,0.703907588838232,0.8699360121095362,0.4117970097757332,0.31545046130708493,0.5467346583850932,0.7304111434551447,0.6743711438063598,0.7816382897316945,0.3656918889848601,0.2959235318566753,0.4400171182261023
3218.5,0.7896086369770581,0.7031601167194388,0.8540536346141908,0.3980613948417431,0.3002336024010927,0.5056861028817666,0.7279274351611286,0.6618740399385561,0.7830431822602607,0.36082164536244793,0.28847830788528916,0.4410238716058263
3223.5,0.7834192439862543,0.6880331037815635,0.8454544043702277,0.39169187634466784,0.29320557491289195,0.46441228806446194,0.7216981132075472,0.6617452536570183,0.7714358230601885,0.36038720005925584,0.2849794315772121,0.44217492260061914
3228.5,0.7738371056852611,0.6851682338908768,0.84315780730897,0.3859988249472128,0.30521509600861985,0.4684465225651726,0.7254697554697556,0.6632599355531686,0.7774043062200956,0.35675796584491615,0.28317815245382194,0.43984535669714087
3233.5,0.7668393782383419,0.6799195979899498,0.8382427213309567,0.37882137624507994,0.30822429139459384,0.4516173277442299,0.7224972497249724,0.6680331289943916,0.7832512315270936,0.35193831617895255,0.28767885380534586,0.43710632501034624
3238.5,0.7617479139218271,0.6751582116974585,0.8242303623380058,0.3764596181151588,0.30645545537265284,0.4467673509286412,0.719394271118409,0.664876386378072,0.7800086169754415,0.3408248021944763,0.2807654028436019,0.43175992722165474
3243.5,0.7455691268191269,0.6717837014032666,0.8205019369649432,0.37319737115595897,0.2980615489439019,0.43619638536770766,0.7293176328502415,0.6666666666666666,0.7889447236180904,0.3409443222203419,0.27619810930504185,0.4363903942778155
3248.5,0.7440183873915029,0.6697875494071147,0.8122661005907855,0.36517873594988026,0.3015668145378154,0.43366611522943965,0.7291153530377668,0.6632933876468359,0.8010019967762889,0.3408348001005783,0.26419174307452203,0.43396276149457436
3253.5,0.7380315762668703,0.6631125926663018,0.798324592074592,0.3606449292735555,0.29089539093844796,0.4293823216742402,0.7299166350890489,0.6577540106951871,0.7971563502285526,0.34283900371102743,0.2626891881836446,0.42788101176668236
3258.5,0.7309506531204644,0.654161600810537,0.7990207805610283,0.3589826679067233,0.2864590354765909,0.42689624533171944,0.7315253003276301,0.6682915103189494,0.8058334656114651,0.3454824837771808,0.2622663331648189,0.42084082017455965
3263.5,0.7244683732899906,0.6486141753998897,0.7882544542148152,0.35062807469019175,0.27816229835673917,0.42088700423815073,0.7344812296778007,0.6682113821138211,0.7969302398989899,0.342893431716463,0.2710481883951272,0.42198163722168436
3268.5,0.7237882118927974,0.6545705330777599,0.7871442579040513,0.3491638971448644,0.2796306516013574,0.4167378935715572,0.7357789269553976,0.6665869218500797,0.7989715989488579,0.34485702236491267,0.26657458054348476,0.4171723225880518
3273.5,0.7286432160804021,0.6453122517082472,0.7843048128342246,0.3490871604864494,0.2740864438201173,0.4091526679841897,0.7391304347826086,0.6745676274944568,0.80615449078182,0.348718859104089,0.27681837219042305,0.41292472642865036
3278.5,0.7256578947368422,0.6339522406900905,0.7862563811684627,0.3493775593775594,0.28534560326298586,0.4164933837429111,0.7361795085486273,0.6697865353037766,0.8003846153846153,0.34577333006109157,0.2802093005375931,0.4176639772897056
3283.5,0.723958577936411,0.6399512195121951,0.7952209261223047,0.34916525781910396,0.2797223514941994,0.4134645663359474,0.7355133292633294,0.6708714969241285,0.7953157626687037,0.34175409758222275,0.2850020836507353,0.40928792101384426
3288.5,0.7259615384615384,0.6431981335247667,0.7918029595015575,0.3525320021903545,0.28182311776061775,0.4154016945977098,0.73,0.6665845648604269,0.7945243823447765,0.3473520693193478,0.2868053030763957,0.41066232794039137
3293.5,0.7279390560415264,0.6495555339664343,0.7861226047977932,0.3492954519418032,0.28668862130273154,0.41761915728712895,0.7328414880322984,0.6681891025641026,0.7963166463166463,0.3462986944874774,0.29073129876170195,0.41504687374997273
3298.5,0.7259615384615384,0.6528039389688833,0.7857850070721357,0.3497164917890224,0.2892162489660016,0.41677275387767043,0.7364518869069288,0.6632749428789033,0.7944403390567267,0.3482857771225166,0.2851425286482583,0.4138143163551512
3303.5,0.7250592417061612,0.6506941334527541,0.782693947144075,0.3519330504479019,0.2863682902958669,0.4317973681244364,0.7370892018779343,0.6666666666666666,0.7868487213868404,0.34614273655967465,0.2927898705363494,0.41441099790100955
3308.5,0.7304111434551447,0.6682113821138211,0.7893797451494028,0.3510445507173421,0.2869488284080844,0.43257827725087694,0.7285750017053594,0.6600665690320863,0.7861107018836156,0.346020117071725,0.29266407203504957,0.41061650747882494
3313.5,0.7279050647973864,0.6592944184528343,0.7877579235988474,0.35261837918278394,0.2909966695448378,0.4298261300641201,0.7336617405582923,0.6666666666666666,0.7817599642789999,0.34571024673185946,0.2853026941505989,0.4094573055028463
3318.5,0.7299442299442299,0.6683924606111875,0.7854044357469014,0.35295253764440787,0.2807070873536543,0.4316740523086601,0.7277389277389277,0.6682432141318397,0.7879079254079253,0.345887192295808,0.2890263990636785,0.40801217442389914
3323.5,0.7296632094695148,0.6649012437751101,0.7953083823941688,0.3572108691744049,0.2913037490962922,0.4229061826024443,0.7272727272727273,0.6633073294629899,0.7922943105303997,0.34094055086952096,0.28580500087690724,0.40956503202272093
3328.5,0.7272617495049027,0.6630467373293706,0.7932997610105837,0.3543406822147621,0.28728853296804613,0.41913077695459844,0.731876761981474,0.6633266774123704,0.7812737944162437,0.3451179281471252,0.27969202972939683,0.40445382985165
3333.5,0.7254901960784313,0.6615344551282051,0.791499694993196,0.35693264336974806,0.2928258847499668,0.4285537941787941,0.7270689333084251,0.6586796254321496,0.7882014625971256,0.34195468713281907,0.27983509631653486,0.40556389215250593
3338.5,0.7251718543187737,0.660020425327406,0.7874685545092278,0.35783699827968873,0.2924326170075004,0.4273632895294616,0.7324982498249826,0.6747535835780537,0.7960293320129213,0.34409177660521595,0.2811705508474576,0.4118423399578821
3343.5,0.7211032388663967,0.6584096223692721,0.7900348837209302,0.35312211072274213,0.27996563592725815,0.4286090555625235,0.7257714669051878,0.6730836236933798,0.7891110140072342,0.34542416224008216,0.2804245873321325,0.4120127422632357
3348.5,0.7218003520241387,0.6629896907216495,0.7897541271513874,0.35160635978755816,0.290039988598179,0.4117647058823529,0.7250592417061612,0.6665765765765765,0.7837746364332184,0.34903225806451615,0.27529863552490474,0.40911029728565274
3353.5,0.7186484645215386,0.6569589816124469,0.7932587024023533,0.3500331123335917,0.27827134064757825,0.4096528276647923,0.7197095382730545,0.6665845648604269,0.794173669467787,0.34354715378079864,0.27098145866514406,0.4166258329395958
3358.5,0.714987922705314,0.6518369719021629,0.7890383037637165,0.3456054401871892,0.2769882604035463,0.4090332214026202,0.7220867208672086,0.669995145631068,0.7852803738317756,0.3411825088025844,0.2750779385945167,0.41697618193888747
3363.5,0.7153850366962428,0.6442000818330605,0.7903038998304421,0.3431012340800632,0.2796570236933179,0.4075072426088248,0.7229895641497852,0.6629007537688442,0.7840093323761664,0.3344809445873276,0.26834497803270685,0.41483821878216387
3368.5,0.7183782305483386,0.6487394225983076,0.7900287958115183,0.34079131858337014,0.2761333153299127,0.4101455567180438,0.7203791469194313,0.6633612851081027,0.7933116515837103,0.337523888187089,0.27165618077093484,0.429577587525387
3373.5,0.7197975044940256,0.6472815533980583,0.7871902666457122,0.33784031241463736,0.267391804457225,0.410734628724469,0.7243885147110953,0.6634615384615384,0.7834606506270674,0.3437869496607937,0.2641088256268841,0.41765462016176264
3378.5,0.7195839874411303,0.6471540632324102,0.7851508281669288,0.33733285714624345,0.27454188248959904,0.4080053363714286,0.7303846153846154,0.6666666666666666,0.7861634245265959,0.34641039383291006,0.27611933770696656,0.42220311792882065
3383.5,0.7195092929725613,0.6491518858852442,0.7921737399870641,0.3398932169552904,0.26974214759827136,0.41410724737078164,0.7317073170731707,0.6635024852618194,0.7878227408142998,0.3490558639618631,0.26772996877599387,0.42455294902103413
3388.5,0.7190653707895087,0.6479240114986169,0.7853453893776473,0.3399625244148875,0.26629107981220657,0.4145676133925043,0.7266221813161527,0.6665820642978003,0.7836333794942811,0.3583024118738405,0.2723227834447903,0.4358207847295864
3393.5,0.7161036920659858,0.6490122810357959,0.7927827213336337,0.3349218294814527,0.2684248875113848,0.41191830851134703,0.7272727272727273,0.6633926997002292,0.7897685285807433,0.3590681425458917,0.27465981011691415,0.4461942302174909
3398.5,0.7208204334365325,0.6532345940227453,0.7940213567839196,0.33289703315881325,0.2673332935130305,0.4149491154695318,0.7272727272727273,0.6665794066317626,0.7958724275568918,0.36,0.2816007242943207,0.4599440769800677
3403.5,0.7222108808819026,0.6494622323552737,0.7888641098231931,0.337160015497869,0.280914140846653,0.41531639923380326,0.7259738758525026,0.6682579564489113,0.7932883089133088,0.36280637685230704,0.2923838941161609,0.44974041936297154
3408.5,0.7213476460817612,0.6530062024809924,0.7957654636431385,0.3433831400469106,0.2762931034482759,0.41770030693114657,0.7317073170731707,0.6563397435897436,0.7860843509724107,0.36175737432488575,0.2806246850188271,0.4423269708878017
3413.5,0.7235601972998633,0.6539938383979834,0.798128078817734,0.34123632233077755,0.27293312861226576,0.42698536082728145,0.7292202808253194,0.6568944099378882,0.7893270944741533,0.3583768233734012,0.2822772888683032,0.4525243288393827
3418.5,0.7258064516129032,0.6510164650537634,0.8020366285333197,0.34908288040876934,0.27116095323053396,0.4294648158263471,0.7313358920391234,0.6647169085840623,0.7857804232804232,0.3655728273647065,0.28862623298679563,0.4488143621911753
3423.5,0.7241286993769471,0.652286176606565,0.8038324420677362,0.3497877541814843,0.27716346153846155,0.42162147744208084,0.7302325581395349,0.6665820642978003,0.7927903967797584,0.36339761908717827,0.29533702099585213,0.4448368058504963
3428.5,0.7284921369102683,0.6666666666666666,0.7983326513911619,0.3527019151544382,0.2877887753349364,0.43154910102289795,0.7288476834360708,0.6764166923313829,0.7905754573170731,0.36085718191760846,0.2919910944532539,0.45591954005770247
3433.5,0.7296632094695148,0.6616494435612083,0.7972256111867111,0.3587957877972431,0.28615068691250906,0.42048866770313076,0.7258473882429999,0.6611248550444531,0.7930051813471503,0.3550992583764294,0.29073452229692937,0.4561442294146191
3438.5,0.7292533936651584,0.6727688199650816,0.7968789657360406,0.35757058551261284,0.2850099093871356,0.42387566918595493,0.7323160151066652,0.6651116966433727,0.7962616600038073,0.35571539695191634,0.2933805762919687,0.44034150623417556
3443.5,0.7326732673267327,0.6635396609214296,0.7990207805610283,0.3540403316500915,0.2837758811443022,0.43281023734788054,0.7320834038711134,0.6632653061224489,0.7971961255553127,0.3569095955754659,0.28750471031559116,0.45942205207953724
3448.5,0.7291268652863118,0.6650614250614251,0.791826923076923,0.35271179218150994,0.29224513827356247,0.44002985626717384,0.7326732673267327,0.6645592985694508,0.801983532043502,0.35023920977539247,0.2732459732459733,0.4447704081632653
3453.5,0.7346874999999999,0.6553314362236358,0.7860843509724107,0.35250776296360636,0.28849941519177297,0.42862590799031475,0.7348469387755102,0.6610452462772051,0.8052985074626865,0.34615660091803113,0.2679902956532779,0.4351608868675383
3458.5,0.7288476834360708,0.6587501759654639,0.7843564356435643,0.3544396918441737,0.2977779077033264,0.4307222307083443,0.7344950738916256,0.6683074265975821,0.8041252179263665,0.3393567021802197,0.2713852753837504,0.43544566685033026
3463.5,0.7268204432383537,0.6515578670492588,0.7910447761194029,0.352477289426224,0.29601030277544155,0.4239529982411145,0.7350675675675675,0.6649471042262644,0.8042711640211639,0.33726514158898135,0.2654368470795154,0.4169797172030216
3468.5,0.723240589198036,0.6482100981095956,0.7814219497607655,0.3497694089643594,0.29810630008086453,0.4258921594165147,0.7341710350498509,0.6649200735212208,0.8042711640211639,0.3334945196647324,0.2624264705882353,0.40608117633790103
3473.5,0.7208710407239819,0.6514136207435176,0.7968827351485148,0.3519421468720011,0.2931009605474708,0.42098114038150986,0.7382787725032931,0.6634435417523653,0.7984221480083248,0.3351163621203405,0.26278036462913906,0.41353321077261
3478.5,0.7224747474747475,0.6538512860626696,0.7941617647058823,0.35815689281862984,0.2912448574632856,0.4208331390740827,0.738577502899111,0.6567011098354382,0.8019881399904697,0.33508602587549957,0.2682926406686395,0.40297146274073153
3483.5,0.7233009708737864,0.6619013112491373,0.7914451174696505,0.35480434903568514,0.2915360929217337,0.42444868697888255,0.7397916666666666,0.6698245701099229,0.8143121693121693,0.3348730802291174,0.27743144419520493,0.4066259661067312
3488.5,0.7212734404898584,0.6487535237161417,0.7934161957710535,0.35755884436372976,0.29023484071009015,0.42590963737810705,0.7438878950506858,0.662972972972973,0.8109351047521716,0.3403118283906728,0.28210856945684826,0.4150026901214062
3493.5,0.7236180904522613,0.6616757482429124,0.794173669467787,0.35541112845769685,0.28759869660959786,0.43258777436851586,0.7454169370538611,0.6735751295336787,0.8142076502732241,0.3435960007581501,0.28478150194644747,0.4206836791279517
3498.5,0.7235552473416551,0.659897828863346,0.7959234440044675,0.35827782579956274,0.27835175656291977,0.4380463316126927,0.75,0.6666666666666666,0.8204403606102635,0.34811291597223853,0.28575477512653213,0.43150262123667865
3503.5,0.7312376795268938,0.6569414746178823,0.7895238095238095,0.3593348181484203,0.2890052027831756,0.44239429983142037,0.75,0.6833042021702717,0.8204955344281186,0.35101890079147524,0.29119247692723144,0.43150282157353037
3508.5,0.7296820597397837,0.6586419459253617,0.7903543488265071,0.3645376175548589,0.2880875416950612,0.45439182207055656,0.7441309379477571,0.6823932809369703,0.8098932926829269,0.3483450757767753,0.29120926916385553,0.4330249595493498
3513.5,0.7279390560415264,0.6584096223692721,0.7864438142843411,0.36375048850236036,0.28249453301514427,0.4550856983471625,0.7425742574257426,0.6816985645933014,0.8105015435453715,0.35333799420216166,0.2921835510541899,0.4241871401698683
3518.5,0.7266221813161527,0.6602824360105913,0.7902605031285915,0.36427742790851836,0.2883372699710921,0.46451784866751195,0.7435870451735116,0.6733433522753957,0.8128240533412947,0.3537558483762267,0.2898260095311161,0.42417902228070636
3523.5,0.7283603268581494,0.6427849927849928,0.7905564516129031,0.3665969591377183,0.29658713276019255,0.44747287506308125,0.7371160295103957,0.6819388657319692,0.8009950248756219,0.3543808487015703,0.2979759768660184,0.42790562574274227
3528.5,0.7283633841886269,0.6616161616161617,0.7951806684733514,0.36709272785011116,0.2972227022667704,0.4512288098882375,0.7392446928520151,0.6780569306930694,0.7930196703880914,0.3552997669926725,0.2903225806451613,0.42826154455280485
3533.5,0.7272727272727273,0.6647565704437742,0.7960337202874517,0.3718044728553244,0.2988537549407115,0.4606305085457963,0.7314123825317855,0.6712105126571827,0.7877721335268505,0.3533046290153649,0.28296106178320385,0.43086556275727694
3538.5,0.7247214038683234,0.6601687592131348,0.8038480038480038,0.3756374130606894,0.30080934895781786,0.46044069781288444,0.7281471004243281,0.6712421197793538,0.7815752542216905,0.3508325153572758,0.2871478667445938,0.43238879678581266
3543.5,0.7350503737406565,0.6484420500873617,0.804808169713383,0.37664114508118773,0.3023800690411764,0.463966161247869,0.7289719626168224,0.6684162062615101,0.7822202503269196,0.35380859375,0.28904282823741007,0.43164882875605803
3548.5,0.7330097087378641,0.6612446743761412,0.8021351195771625,0.383383045792965,0.29963227922293256,0.4598035738084052,0.72951224328594,0.6647491441388266,0.7835606661379857,0.3583666922963378,0.2900722997093146,0.43633707049884807
3553.5,0.7318330399798842,0.6662660256410257,0.8028275714895433,0.39036622502404106,0.30248616493971536,0.4583551065570721,0.7290200138026225,0.6615384615384615,0.7857142857142857,0.3582042958286448,0.28791881371640404,0.4380986303095563
3558.5,0.7325566301031998,0.6619540475174278,0.797217424041102,0.38443393251340274,0.30109989098098633,0.46829287507952566,0.7265599565925123,0.6598984771573604,0.7831497936761094,0.3565653242081249,0.288830274331781,0.4405648134729361
3563.5,0.738911951059646,0.6612258064516129,0.8020767172613837,0.3857263990955342,0.310340044664666,0.47393423729610856,0.7277357316883521,0.6664939550949913,0.7906720071206051,0.3531655034895314,0.2863962670495334,0.43710292435397285
3568.5,0.7403642804271968,0.6825152625152625,0.7980305568245267,0.3883029138140094,0.30348621813870774,0.48766097289588767,0.7246282072234025,0.663534453537359,0.7912823624595469,0.35823289212672416,0.2882429928985557,0.43256592029907714
3573.5,0.7369562773968754,0.6747150944783471,0.7979349342367477,0.38340625,0.3100611838360842,0.4886714827355356,0.723195183839992,0.6665086887835703,0.7862964248524816,0.35922486326836905,0.291977540641444,0.44089519120374454
3578.5,0.7390096618357488,0.6753077334760503,0.7957724690606613,0.37899836824105326,0.3114918242436944,0.4978821819775864,0.7270509977827051,0.6528052931016967,0.7891575257999609,0.35633628728769606,0.2832730661399261,0.4458610038610038
3583.5,0.7364114380243413,0.6746827838123619,0.7966381515829869,0.38174476999752616,0.29785905567300913,0.48380579385801314,0.7275252525252525,0.661857532630337,0.7926852611430134,0.35527015703848763,0.28945886369589635,0.4427186408550817
3588.5,0.7406406406406406,0.6753859232471529,0.7990909090909091,0.3780994545776037,0.2917756029771999,0.4762545347003155,0.7263419743388322,0.6634269916497404,0.7927963867299447,0.3589530456852792,0.2911840076669861,0.446107081537545
3593.5,0.7362815687557955,0.6665891472868217,0.7968103622237918,0.379873417721519,0.2830540473069962,0.47158785422977556,0.728171373298417,0.6632389890629619,0.7921491605682307,0.36289066823705907,0.28688450487990247,0.44348094454292214
3598.5,0.7374987498749874,0.6757408322015064,0.7927981235673544,0.3761351592754084,0.28932845227350534,0.46834405191479445,0.7350631476683938,0.6559007441360383,0.7940010865136493,0.360244399185336,0.2874468184508051,0.4344416735937931
3603.5,0.7347018931161793,0.6752448453608247,0.7963070628768303,0.374297741645232,0.2865612863135001,0.46278176780991914,0.7309644670050761,0.6569670893719807,0.7969973093672852,0.36362552587239183,0.2923955118714212,0.44256894892008203
3608.5,0.7373737373737373,0.6767452647854658,0.7902238476901926,0.37020342117429494,0.29321749417089565,0.45457412996110996,0.7288536277446345,0.6632439024390244,0.8092783505154639,0.3609065181921258,0.28880419004701346,0.44483214543952065
3613.5,0.739023345470122,0.673300642999946,0.7938964386129334,0.3693437222047169,0.2860678939273146,0.46153846153846156,0.7333333333333333,0.6579578165070393,0.8148148148148148,0.35932089237709025,0.29079956481415425,0.45975796589928464
3618.5,0.7402969247083775,0.6745724572457246,0.8073869848362409,0.37379492600422837,0.2929635076027851,0.46617623295197463,0.7367071732553966,0.652286176606565,0.8094221677963205,0.37148611020884525,0.28783433842760386,0.4539580351542759
3623.5,0.7364387738725726,0.668626789710887,0.8079638752052545,0.3748032528856243,0.3007639317465348,0.4757645709369847,0.7364518869069288,0.6702021276595745,0.808053722464913,0.36546651248423534,0.29321489206888185,0.4523545299659248
3628.5,0.7424242424242424,0.6772026685070163,0.7971782178217822,0.38538082168879473,0.3087709539774459,0.48352366042947215,0.7343420126671358,0.6633408769448373,0.8125,0.3687014739646319,0.30061673032048875,0.4623299390355321
3633.5,0.7455691268191269,0.6766169154228856,0.8187408545507755,0.3785542706152843,0.303678652009025,0.4811175653422898,0.7361795085486273,0.6586725211411579,0.8094037756349313,0.3737820529810776,0.2941837807124718,0.45653579139869194
3638.5,0.7472899128636834,0.674516954421541,0.809348413572215,0.3869808278611632,0.30649031183772324,0.4752273264052905,0.7331715210355987,0.6616122766122766,0.8232471776589423,0.3779244151169766,0.3049505084745763,0.4610814022578728
3643.5,0.745145173453997,0.6734592847039805,0.8105759162303664,0.38189845123567834,0.30228243943070293,0.46726138297323777,0.7400564971751412,0.6648360144318151,0.8161475713756025,0.37579425911731706,0.30597036358555596,0.4614320807416054
3648.5,0.7423461418306779,0.6714901960784313,0.8144722097714029,0.38336682742072703,0.306839101325161,0.4619021162684983,0.7392079868596653,0.671713402683552,0.8286428571428571,0.37169929382318767,0.30218086604471045,0.4638477992490771
3653.5,0.7399385167157679,0.6824321413183972,0.8105940594059405,0.3811752742512018,0.3137797073843896,0.47405386818719,0.7460694196734806,0.6749085365853659,0.8278030303030303,0.373082580821839,0.30852488589268084,0.4586387641027399
3658.5,0.7441419051780642,0.6683380846540394,0.8104539722572509,0.38188742359339656,0.3125490576479044,0.45399557316141265,0.7513702117463835,0.687082219251337,0.8382025735614488,0.3734205527634388,0.31200502364066196,0.46251307028542893
3663.5,0.7488095238095238,0.6613803405245348,0.8109793814432987,0.3823916382822414,0.31432171276998866,0.44692934651555344,0.7547440028643035,0.6684491978609626,0.8352014652014652,0.37601875367243026,0.2990568560213465,0.46488988653182034
3668.5,0.7422647527910686,0.661390342775041,0.8155785375920453,0.3771683842534297,0.31621842477676615,0.44316073954334206,0.7486624896289302,0.6808186629225618,0.8295575435203095,0.37353922578591225,0.29575864276568503,0.47601207826738595
3673.5,0.7439523197382261,0.6681267797449548,0.8128589770464312,0.3784138935255887,0.31493800838499303,0.439778046972105,0.7481079259758436,0.6754509713228491,0.8244946808510639,0.3701171415116553,0.28584783310033335,0.4733360653846745
3678.5,0.7418597607148266,0.6647671801097705,0.8127604166666665,0.3783635283635284,0.3086114739600659,0.455226797432754,0.7392334638368019,0.6696123673281035,0.8245901639344262,0.3606255401901469,0.27576119073869904,0.45629940001690084
3683.5,0.7408413945024424,0.6748013466346511,0.8123630777451242,0.3773921652418898,0.3048088961127988,0.4552685599454788,0.7473672541846802,0.6770203754578755,0.8287876630403828,0.3497896193380775,0.2842083938388134,0.4428740280706378
3688.5,0.7378595002357379,0.6731118137991811,0.8107849004743538,0.37785295619255693,0.30624243664274026,0.4440142491208677,0.7444888565891472,0.6759137107087568,0.8149074074074073,0.34322796038042674,0.26301726509385764,0.43313541067018246
3693.5,0.7363129874953571,0.6602054195804196,0.8040571907154822,0.3754853594743445,0.30788226588190326,0.45600148468704277,0.7427877947295423,0.6734117375763865,0.806641852770885,0.3413471638655462,0.2626851035500297,0.4350782498258839
3698.5,0.7353467039800995,0.6666666666666666,0.8046025420077553,0.3822151923151113,0.31404051041781395,0.45175977082054425,0.7486338797814208,0.6812841608653127,0.8067897041062803,0.34805410743977294,0.25515969559547674,0.4417129422301835
3703.5,0.7342936520906778,0.6716311300639659,0.7934115944734876,0.3778374586885225,0.3064961981073292,0.4493799997892052,0.74688995215311,0.6775782808569694,0.8185156651258345,0.36219686677671625,0.26399268839643064,0.4515462870322482
3708.5,0.7333390252232034,0.6589316032015523,0.7932771307331166,0.37467277486910994,0.3016693293044371,0.44483275034067216,0.7540106951871658,0.6748472906403941,0.8217776539426024,0.36372334459255795,0.2848964060192894,0.4509577703897573
3713.5,0.7294685990338164,0.6697067904871897,0.797217424041102,0.369705929094545,0.30573500651890484,0.44371614899065404,0.75,0.6887588452466414,0.8316666666666667,0.37778327560613556,0.2938797718849433,0.46882573965876756
3718.5,0.7292663192213418,0.6491659870030783,0.7885733452593917,0.37243648872876006,0.2963458674802928,0.4458422174840085,0.7525293817066939,0.671256038647343,0.8387282165368929,0.37844994340315763,0.3041208324237309,0.4556469311526713
3723.5,0.7360758601240835,0.6547742718446602,0.7907142857142856,0.369227451289591,0.30128335895616526,0.43831589147286815,0.7552105948762484,0.6700507614213198,0.8306133268085801,0.3777379328146318,0.30562935366900984,0.46229245148627685
3728.5,0.7328414880322984,0.6613951254045308,0.7929957469431154,0.3639841047692943,0.29406292749658003,0.4396752346675745,0.752049302049302,0.6732843510481702,0.8333333333333334,0.3761168529846024,0.30670020830868505,0.46434445947428066
3733.5,0.7342995169082126,0.6552742373349285,0.7973857034604698,0.35919821379293043,0.2900732099409107,0.44623653823142273,0.7474737164438093,0.6632152698978765,0.8259252394192151,0.37171431391255716,0.30328323771514093,0.4504338974424226
3738.5,0.7349456370225815,0.6543945261395154,0.7961755444765153,0.3608262668626645,0.2972253318407165,0.45314373868030733,0.7431540950958426,0.6647407236098263,0.8080817441350046,0.3714221320712193,0.30501232885966495,0.4502912694170808
3743.5,0.7341710350498509,0.6568554287386597,0.7910032760032759,0.3576498355515414,0.2996891359191919,0.4513911045353479,0.7417811390646705,0.665047348031948,0.8109452736318408,0.36975950878389907,0.3059539877300613,0.4488508769436311
3748.5,0.7306783119339106,0.6629326923076923,0.7923830322281781,0.36016422988636243,0.2908020340845439,0.4381249647708697,0.7365770055994558,0.6650920498259755,0.8148572128937368,0.3673412961164699,0.3013961615485423,0.448440412057599
3753.5,0.7320574162679426,0.6663282571912014,0.7901695396648533,0.3606054735086993,0.2874279539937347,0.4443529375760453,0.7361795085486273,0.6617533936651584,0.8104353210135263,0.3652834377470957,0.3020651640823512,0.4420138796946025
3758.5,0.7288512179065174,0.6647643540669856,0.7939453788651035,0.3556627342123525,0.2905077867244004,0.4367179906967074,0.7324715280401576,0.656420300566642,0.8039605410298736,0.36483490750136605,0.3004732961339179,0.44799394892919303
3763.5,0.7328638497652582,0.6683358380688489,0.7927012740580103,0.3616320710978994,0.29040980929278504,0.4333173569651504,0.7316431322207959,0.6508128156565657,0.8042316618988503,0.3612973469755273,0.2986606858815296,0.4406211800621738
3768.5,0.7307672075958023,0.6696540880503145,0.7808198502777106,0.3624103386094971,0.2938062510227459,0.4415113120775332,0.7313639968279143,0.651729986431479,0.8073014148841354,0.36114431386652845,0.29058519586637827,0.43592271492907375
3773.5,0.7252996098104794,0.6731707317073171,0.7822711848649654,0.3657387518973566,0.30348163439316084,0.43860775264782864,0.732533816761958,0.6634245562130178,0.8126067073170732,0.3583767667341876,0.2819873770160578,0.4359236783320923
3778.5,0.7283882783882784,0.6735714285714286,0.7850967181047598,0.3647889431305108,0.29205221174764323,0.43876541987250056,0.7312717071867486,0.6627280858676207,0.8108952702702703,0.3495235453084013,0.27631289148639687,0.42947675925741285
3783.5,0.726415760485807,0.6729979561501301,0.7909389717425431,0.3646077867027458,0.2887772209959658,0.4395791022440754,0.7379000780640126,0.6682113821138211,0.8098490338164251,0.3424561864285373,0.27774453361909757,0.41910609649669617
3788.5,0.7268292682926829,0.677394540942928,0.792961727365397,0.3608064480637262,0.29325548682876923,0.43483583044504054,0.7385543920884234,0.6666666666666666,0.8107011866235166,0.33266264252179745,0.2691722725943258,0.4167870936516899
3793.5,0.7296022603781787,0.6764353587512674,0.7864949958298582,0.35775529223805086,0.2937242789406489,0.4416312604609244,0.7369777536625068,0.6719535383597883,0.8019347586932606,0.32936263118021436,0.26716260947520865,0.41053576446737183
3798.5,0.7301960784313726,0.6679999523684774,0.7863973063973064,0.3608851619978979,0.2963329071597168,0.44514644686299615,0.7348469387755102,0.6764538770053476,0.8012750455373406,0.32748582809866705,0.2524845893906753,0.41343482313759383
3803.5,0.7295320197044335,0.6729945054945056,0.7824495986133917,0.3598780487804878,0.3035461906514538,0.4550012745921305,0.7408366916138936,0.6736734693877551,0.8002702702702702,0.33203170520986114,0.2618062557351792,0.411175584691708
3808.5,0.7270509977827051,0.6782419953168987,0.7800395256916995,0.3687837714076381,0.29636986493992257,0.45289656837108255,0.7359448328704147,0.6739948580493409,0.8084163331628201,0.3327186302476769,0.25900722411422206,0.4087517509970645
3813.5,0.7276916631755341,0.6713522884882108,0.7857686729514141,0.3682401858872447,0.2958689626702837,0.4560099339811956,0.7399421965317918,0.6682343234323432,0.8032786885245902,0.3429242644591117,0.2564921951532866,0.4123827127694042
3818.5,0.7279166856777843,0.6701738421838924,0.7881915498294809,0.3742004264392324,0.2834890360895386,0.4717371523344278,0.7451905290418054,0.6665780141843971,0.8049282639885222,0.3507071653436127,0.2644616977225673,0.41551855696291645
3823.5,0.7292663192213418,0.6698690435546018,0.7843518518518519,0.3824304221161594,0.31288355507611176,0.48022096317280444,0.7412480308069316,0.6759287709497207,0.819934434828219,0.3544863792377082,0.2728591649969608,0.43285976577828494
3828.5,0.7272727272727273,0.6716277766099082,0.7933455706304868,0.3918633069273555,0.3053638715440672,0.48124809853685724,0.744378340223858,0.6766613503455609,0.8090807697021694,0.35690049864007256,0.28343967863299757,0.42689938905171376
3833.5,0.738831272437176,0.6736633663366337,0.7974591040059484,0.4023264043072824,0.31719708907770644,0.5187842581203004,0.7436541682772839,0.6829650748396293,0.820081081081081,0.3622435226906984,0.2849346232776312,0.42795127337477584
3838.5,0.7375234521575985,0.6779375502546234,0.8148759608665268,0.4145943716299194,0.33572961889818353,0.52282279314888,0.7405583756345178,0.6761438389788905,0.8178065232240437,0.3634846259054759,0.2856825678761735,0.4297073427370279
3843.5,0.7401923076923077,0.677386770935158,0.8137026119708507,0.429046591810019,0.34188799967500816,0.5507880980405733,0.7349939975990396,0.6801551575519587,0.8160774332150196,0.3666391901009569,0.29258836202893707,0.42861987296802667
3848.5,0.7464451782465126,0.6809047619047619,0.8353283535636477,0.4420165112874006,0.36497418237245943,0.5743028818181358,0.7339937536599649,0.6761130097972203,0.8246744581972115,0.36815625970320864,0.29477366897302754,0.42340866225576135
3853.5,0.7447894051237516,0.6770675505050505,0.829533711888684,0.4642706956626217,0.37274201183431954,0.5942851170568562,0.735,0.6815025855941965,0.8169014084507042,0.3690888299073865,0.29274580503016895,0.4270969206793182
3858.5,0.7538864277084172,0.6782287069867102,0.8450466781473761,0.48487139014250463,0.3885671073420388,0.5992401157949644,0.7397959183673469,0.6737967914438503,0.8121986040609137,0.3735511958956572,0.2956692986924775,0.4309638838154715
3863.5,0.7560224089635854,0.6766627816627817,0.8572586872586871,0.4952529671121957,0.3924062401893308,0.6166035680640602,0.7424992499249925,0.6681096013534948,0.8178005314275243,0.371435766038175,0.3029209370424597,0.43197425752893115
3868.5,0.75,0.6843214337331984,0.8481673407482304,0.5051709017796031,0.40083756893349265,0.6490440060153237,0.75,0.6782450076804916,0.8262774540564769,0.3707155283992537,0.30808709283984936,0.4374156141897525
3873.5,0.7551105548602419,0.6810270270270271,0.8432676261994159,0.5265187573017178,0.41225734457070956,0.654205373581204,0.7525784157363105,0.6817648314127187,0.8248264636890228,0.3713321596244131,0.30600148895922685,0.43995134986769624
3878.5,0.7544143311774971,0.6752386877253568,0.8406264775413711,0.5341312891410384,0.4124657873670568,0.6758210471308708,0.7557078219263573,0.688471350078493,0.834173541504313,0.37376539550907484,0.3082629509696169,0.445107934349144
3883.5,0.7481216101905757,0.6712781954887218,0.8407028763586141,0.536715590834207,0.4261516388919545,0.6763923375915084,0.7622272475762022,0.689821277793414,0.8424180225904363,0.3775058791008481,0.3189216435873474,0.44178477384352083
3888.5,0.7481111997871774,0.6699883720930233,0.8278104575163399,0.5358333483502424,0.43250946457544615,0.6717162943359403,0.7723957600487782,0.6909313725490196,0.8490928342490842,0.38150349418373214,0.3192241764594824,0.44722868296692003
3893.5,0.7449489795918367,0.6731168598092504,0.8352691877794336,0.5295464310650411,0.42556710513234797,0.6638625841248628,0.7763918345705196,0.6908937455579246,0.85,0.385127369871146,0.32689699954760815,0.4542406316581025
3898.5,0.740462577962578,0.6648176757644866,0.8348775078132876,0.5331338763430533,0.41480578939595336,0.6610944705743632,0.78125,0.693061568061568,0.8579824561403508,0.391458185211518,0.3247144766997708,0.47026347833389315
3903.5,0.735,0.6510138551779935,0.8217776539426024,0.5350490196078431,0.4176750972216241,0.660013716056297,0.7807206740862163,0.6877248677248677,0.8574285714285713,0.394011893554979,0.3272233349108159,0.4710629584791143
3908.5,0.7359448328704147,0.6529478458049887,0.8274844594044355,0.5361136072652666,0.4080961962249689,0.6740631108784397,0.7792172739541161,0.6814761813028043,0.8587570621468926,0.3991689796870963,0.31911605051139935,0.4830575663203072
3913.5,0.739444772884028,0.6483391089108911,0.8182610993657505,0.5364939858750138,0.408230328817983,0.677383076851766,0.7662794478436936,0.6798142124703678,0.8486486486486486,0.3910061213654393,0.31758987543774103,0.48564131315715553
3918.5,0.7451923076923077,0.6532388877185591,0.8190981503260986,0.5347958436327016,0.41875177003026404,0.6850428223194485,0.7544988182208853,0.6732296913901917,0.837151802434457,0.38738785687370214,0.2987326130555735,0.4658022083172063
3923.5,0.7367769873182802,0.6480791457286432,0.8201290322580644,0.537793449170582,0.41188393708785653,0.685675192557215,0.743959096957953,0.6647892662219527,0.8400634920634921,0.37465763846622036,0.2883490761385326,0.4626624323125348
3928.5,0.7315707792927613,0.6412703804347826,0.8158524980174463,0.5396075892322348,0.4303216128206066,0.7060112817830012,0.738577502899111,0.660914078573528,0.8165154950869236,0.36938899253731344,0.2951030561478323,0.4583886946386946
3933.5,0.7383306908875931,0.6441134020618557,0.8131499601774945,0.5441948906089213,0.4367586896962478,0.6934812841339635,0.7274861288945795,0.6544431016623095,0.8043764939704026,0.3626585444113095,0.2841961573663215,0.4444246472208298
3938.5,0.7396808510638297,0.6551485731097382,0.823835668864814,0.5516141724787876,0.4441512957716336,0.6929203015868107,0.7277227722772277,0.6502339901477833,0.7929380006966213,0.3556576235580583,0.2931999592710313,0.43984299096864915
3943.5,0.7364518869069288,0.6613942307692308,0.8281760364321608,0.5653760494776645,0.44847777299628433,0.717093502031467,0.7194189954421988,0.6536047177373182,0.7933557692307691,0.3528724573941726,0.29010337140917763,0.4293337017446909
3948.5,0.7403580535486614,0.6558682795698925,0.8300760869565217,0.5711003151260504,0.4414404347560603,0.7198175978855492,0.7153850366962428,0.6522984115276205,0.7796390168970814,0.3512636650073311,0.2828346313040097,0.4287784012510348
3953.5,0.7379679144385026,0.6650054517872381,0.8216833976833977,0.5765085084363929,0.4609514288248599,0.7221029248857321,0.7157627571466738,0.6585713953920476,0.7788323393873678,0.35395731648961626,0.2938234717868339,0.42073408299018056
3958.5,0.7460728678345259,0.6596031250847734,0.8284447738252085,0.5987379013896649,0.4754059125880749,0.7358869936034115,0.7191880841121495,0.6635469086987779,0.7813078703703703,0.350743360361094,0.2891243270956165,0.42091124885141773
3963.5,0.7511520737327189,0.6664251207729468,0.8277777777777777,0.6092676111187125,0.49110339527318514,0.741827497534525,0.7177033492822966,0.6551152149043962,0.7760491071428571,0.34799956373947977,0.29822388769926245,0.4103047935210856
3968.5,0.749384236453202,0.6914077046548956,0.8241516862663835,0.6131667320182776,0.4820372759979149,0.7593592699639528,0.7201036269430052,0.6507662835249043,0.7796690677523749,0.3450389273856761,0.28478120915078414,0.4166203540652232
3973.5,0.7524872698785743,0.6810038882997526,0.8149156582324898,0.6253108762268509,0.4855574836892718,0.7886266146062074,0.7234595306630238,0.6602054195804196,0.7783760031453086,0.35061455703234856,0.28311907875849307,0.4180112978654442
3978.5,0.7550510204081633,0.6871219524111986,0.8300687285223367,0.6225634886368097,0.4829451152116366,0.7555076013601475,0.7263419743388322,0.6601453598741661,0.7851018518518519,0.35488049473508276,0.2842970683418999,0.41949283048198915
3983.5,0.7590273259596616,0.6979529351039369,0.824782880650516,0.6229499458057179,0.47381039190082924,0.7646322887758551,0.7268292682926829,0.6601337747751779,0.7822428471125152,0.3594352259960245,0.28688108393990747,0.4236567290152195
3988.5,0.7614698089527263,0.6960460834079825,0.822890756302521,0.614786468162438,0.4697069603417352,0.7920894104734364,0.7227991820921222,0.6600778892528305,0.7840271006775169,0.35673979046599025,0.29214907017267083,0.42635313512909345
3993.5,0.7628574861812065,0.7091704991855897,0.8291832875718801,0.6070761568790206,0.4702670909321907,0.773457733694651,0.7248853211009174,0.638095238095238,0.783564346667982,0.3584458506307686,0.2914637805096998,0.43527231190902566
3998.5,0.7662367510274712,0.7136126642602685,0.8216766529193578,0.5936947879858657,0.4502732600381646,0.758855839904595,0.7238953833960768,0.649004120879121,0.794618595279217,0.36246520681265204,0.30201340705922713,0.4340736442884636
4003.5,0.7658536585365854,0.713588297034899,0.8199578610868933,0.5739268680445151,0.44182790293009966,0.7137697642163661,0.7261648488327592,0.6487224157955865,0.7960238686045136,0.36761980561061897,0.3026442092042702,0.436710462873674
4008.5,0.7658160552897395,0.7120601752118341,0.8203945730644759,0.556139831136128,0.4295301468291159,0.7110464741107839,0.7277140335392762,0.6412391304347825,0.8042236482221755,0.36833441794587146,0.30933318023080203,0.4383364024035666
4013.5,0.7656322624743677,0.6988244266778877,0.8245712114633087,0.5406673868421541,0.41853101307344265,0.7079552903075669,0.7216590842578552,0.6467134946677604,0.8032435551052572,0.3713423270053361,0.31316191361508583,0.447257109466303
4018.5,0.764563950960786,0.7029179360243716,0.825244062050765,0.5237130308185565,0.41684726797920146,0.6980440565857136,0.7250497347480106,0.6486784199363733,0.8063355588644987,0.37747936237357504,0.3115763122388933,0.4522254974207811
4023.5,0.7665668662674652,0.7094436586515794,0.8186484593837535,0.5117197251874857,0.40189829253288056,0.6522299738382957,0.7245689655172414,0.6507331829368335,0.8050485074626866,0.38126925593290906,0.3076629064270852,0.4602119663465834
4028.5,0.7564794671393656,0.7029135252974839,0.8138790386130811,0.5044563452169206,0.3970828690714314,0.6337670093574362,0.7254032258064516,0.6524296871572112,0.8053141361256544,0.37896445967887427,0.3063367984527839,0.4579691750295471
4033.5,0.7538897697041357,0.697967296729673,0.8047941915056228,0.4852939815076729,0.393349489385295,0.6422437300955414,0.7260873054084417,0.6532560762998667,0.8177433846332203,0.3814016847252413,0.30302120825550144,0.455998519599219
4038.5,0.7553801843317972,0.6990213604693802,0.8125292056074767,0.46839589976180873,0.3666660243564051,0.6218874745035226,0.7302754435107376,0.6584901908801697,0.8070253348864298,0.3833287719066449,0.30235028873116204,0.45846152804026363
4043.5,0.759819021948402,0.6956009706360338,0.8196608790016278,0.4513703836797877,0.3561033970805674,0.570863840095754,0.7230635289151541,0.6665902140672783,0.8054732993863428,0.38148626936785535,0.30293087712109074,0.4598123083214066
4048.5,0.7675017501750174,0.7134367226368159,0.8295121951219511,0.42668102640943995,0.33102645782950163,0.5464151148917753,0.7270509977827051,0.6683074265975821,0.8040252810443973,0.3808949812978085,0.30493714646786846,0.47272007011083167
4053.5,0.7710861579950714,0.7171304390054389,0.8300819098991109,0.41125928632322495,0.3141538738576509,0.5258432973000319,0.7277389277389277,0.6650782590051458,0.8079638752052545,0.3801897453091433,0.29414479118374404,0.4550876019681626
4058.5,0.7727272727272727,0.7114687848383501,0.8329700335531642,0.3872056858979711,0.3016537061319241,0.5098669165602351,0.7274977497749775,0.660512626501466,0.803950499762018,0.3763455809334657,0.29582956617746337,0.45694805213475903
4063.5,0.7721489765556866,0.7074147822212321,0.8333333333333334,0.37348305202957177,0.2870175362726231,0.4922924101289491,0.7259944678609063,0.6635048304775792,0.8084291881353572,0.37485806207418626,0.29393958665426084,0.4621094352063839
4068.5,0.775998975409836,0.7074147822212321,0.8307377049180328,0.35757321114299756,0.2639395560840269,0.4664294137466307,0.7333333333333333,0.6665845648604269,0.8047097275816391,0.36864487447967853,0.29553920079930857,0.45262698247000666
4073.5,0.7732268179781991,0.7092657807308971,0.8388794567062818,0.3515464846767963,0.2602734167991521,0.4431431551842419,0.7343506013204395,0.6746233766233766,0.8062203669346526,0.36579965387356206,0.2908841638369569,0.4567508127749091
4078.5,0.7786364253700937,0.6992535347325899,0.8478505129457743,0.3503007832276125,0.26326822174061826,0.43999597261377354,0.738688897309587,0.6734544549527127,0.7972696449463957,0.3583721890452069,0.28425775233037653,0.44862786944906013
4083.5,0.781924396676403,0.7004829597229816,0.8595554898482161,0.36113486913633663,0.2698665711054539,0.46208587590753186,0.7404753265602322,0.672918582443234,0.8059095674369843,0.3531732418524871,0.2773333774133827,0.4328355580781487
4088.5,0.7965367965367965,0.7010644558294101,0.8683285602707628,0.3939285691503952,0.2852859728383638,0.5118228226906657,0.7437160540608816,0.6716261808367071,0.8119275228015412,0.3538441678499894,0.27266345199262515,0.43118812017593106
4093.5,0.7983539744723872,0.6901452972493345,0.8831479690522243,0.4208723237878524,0.3040143656486338,0.5390268504064641,0.7403703703703703,0.670060429612957,0.798031788472965,0.3455910751953415,0.26832988104812316,0.43398960125534985
4098.5,0.8085641494643323,0.709367966991748,0.8869047619047619,0.43157141841703095,0.3193686253458315,0.5649842446298597,0.7340136054421769,0.653825578155475,0.7990196078431373,0.34469102082622055,0.2774660885989011,0.4295551181102362
4103.5,0.8072520874378459,0.7079309230603525,0.8786480337991549,0.43329553798746057,0.32039974601140664,0.5457827286310868,0.7304928820843406,0.6665820642978003,0.8030342282932956,0.3383489361702128,0.27869874168630415,0.4219857160763625
4108.5,0.8,0.6990962589323245,0.8667156862745098,0.4275142812918704,0.3310498538074841,0.5231274864804241,0.7270243417784401,0.6600483157846757,0.7887790429296814,0.3410711961473383,0.27035758301654256,0.4234608585466999
4113.5,0.7967914438502673,0.695832474226804,0.8585712190829993,0.428429140580535,0.32733224823324447,0.5271467036962736,0.7274977497749775,0.6599257884972171,0.79,0.34020421957224933,0.2764964061783147,0.41363735723263567
4118.5,0.7834192439862543,0.6998258706467662,0.8534925629290617,0.4201259339100314,0.3307688985006797,0.5277727374071722,0.7197095382730545,0.6570982142857142,0.780123866683693,0.33831577478546015,0.2774794057992363,0.3987669750567709
4123.5,0.7710170290098943,0.6856247346823263,0.8457651391162029,0.4150157655219345,0.33040176423416195,0.51902988643156,0.7251303019410495,0.6546453208382143,0.7819495837187789,0.3313274168318807,0.27065913063364755,0.3920623737882044
4128.5,0.7613871635610766,0.6629188312580743,0.8360623630975389,0.4144273615250686,0.3343051186920712,0.5113551770390258,0.7323232323232324,0.6664991624790619,0.7820214300432722,0.33203874397878863,0.26407347343887777,0.3979972362264933
4133.5,0.755376965772433,0.6649691934279314,0.8299364533900617,0.41532154294027157,0.3429670177254303,0.5036426922090139,0.7354432152359613,0.6681197112991538,0.799020618556701,0.3318561092995548,0.260432630198793,0.403259111200983
4138.5,0.7525784157363105,0.6583020637898687,0.8179223931064572,0.411616041577538,0.3351135913540429,0.5032872279903285,0.7353756476683937,0.6755249526567896,0.8057089660508753,0.32820069942699526,0.2713393648916853,0.42020615589885796
4143.5,0.7505980861244019,0.6589795008912656,0.8192401799573784,0.41507780945592776,0.3287283659561982,0.5013081667093067,0.7365770055994558,0.6738691273214181,0.8170053392773832,0.3292953228453631,0.27255287941948436,0.41383624911182376
4148.5,0.748792270531401,0.654260157671316,0.8201199465762573,0.4193085510353588,0.3401062838506785,0.5095305388097917,0.7375393277032621,0.675038878233373,0.8069534632034631,0.3255434782608696,0.25691356312838837,0.4037464964355435
4153.5,0.7467339500981216,0.6534124000635358,0.8129082284254697,0.4222036600171748,0.35072141862857836,0.5108281958273001,0.7364413572001068,0.6770441955684008,0.8085345445852259,0.32429521799379346,0.25783815646928043,0.38880347721669367
4158.5,0.7577451293516448,0.655116495806151,0.8317233753832236,0.42636502290741635,0.3521970884801204,0.5095521425394454,0.7410246968780411,0.6770057624113476,0.8146585273994099,0.32241026638887177,0.2522732779750422,0.39147876447876445
4163.5,0.7672612499345173,0.6602849977200183,0.8402288433216268,0.43118677366301195,0.35689269890194564,0.5259908677052414,0.7613924780802953,0.6683876811594203,0.8353333789704271,0.3213764084017249,0.245166629189704,0.41272626169657917
4168.5,0.7739388794567063,0.6664939550949913,0.8432685810810812,0.446876142671941,0.35716317410471643,0.5526981444436778,0.7733682384684569,0.6816844919786096,0.867903548225887,0.3416168169180217,0.26407703677941047,0.4625286474098417
4173.5,0.7830836017364515,0.6702673950546292,0.8581980541116885,0.45678978671010584,0.3695029907526032,0.5728876564336226,0.7835585585585585,0.6978161549707602,0.8938427197802198,0.3604314762770706,0.2605633802816901,0.4905216747878811
4178.5,0.784412955465587,0.6857812069440617,0.8597883597883598,0.48029199775499953,0.3841842928711555,0.6002677243430837,0.7859052711993888,0.7109625668449198,0.8862614057599087,0.3770205739440402,0.28261554382932264,0.49782253887775824
4183.5,0.7873404091678203,0.6867862529627236,0.8822668997668996,0.4987628544829136,0.38889337099091154,0.6154555929247633,0.7896059375624043,0.7059886482103557,0.8830605564648117,0.3816987533707076,0.2947661290322581,0.4886997559780954
4188.5,0.7868436381792461,0.6930809930809931,0.8838000118898994,0.5149149482716006,0.4060892567018319,0.6378346203346202,0.7900552486187845,0.6894086021505377,0.8766383237169754,0.37982974959924826,0.2940212150433944,0.4722345836322558
4193.5,0.7777902254586193,0.6934669273378952,0.8805389221556885,0.5133128144579329,0.4134199864509052,0.6517816550054615,0.7827184892402284,0.6942588590621501,0.8715277777777777,0.37265621954547223,0.2931709181569615,0.4620199983088109
4198.5,0.7764527269777253,0.6816650965614696,0.8765497869043006,0.500232991612302,0.3664998018673998,0.6512436106255628,0.7737468671679197,0.6931010251322751,0.866532367741058,0.3682226456178552,0.2905281068258907,0.4657259444236071
4203.5,0.7592948717948718,0.6831368851170831,0.8630069686411149,0.47879231473010064,0.3372820586892304,0.6319498061653243,0.7668466145623506,0.6900815217391304,0.8650930945926666,0.359147076079703,0.28567514677103717,0.45631872029155485
4208.5,0.7512564083137612,0.6717800074321812,0.8356413043478258,0.45985147032135937,0.33596740338313374,0.6082936249850678,0.760558669894254,0.6820369136721659,0.8572735191637629,0.3536295903997304,0.2845596854396565,0.45010822510822496
4213.5,0.7429238985313752,0.673578431372549,0.8166653172482659,0.4253479779449868,0.33520446465132303,0.5721996044350569,0.7518989994237519,0.684451053148532,0.8523544944438332,0.3472769830358259,0.2742813588850174,0.4363593860464287
4218.5,0.7341392054203881,0.6750927289587084,0.8000473933649289,0.4157202790404718,0.31426722145168745,0.51787153873116,0.7479087681290244,0.670600414078675,0.8371710278259559,0.34098137379430793,0.27355156523120927,0.4370556078731682
4223.5,0.7354245283018868,0.6632788278827884,0.8033061416581693,0.40209556713320677,0.31223095671822737,0.5194328358208955,0.7506613756613756,0.6698333333333334,0.8344253611556982,0.33875305070957246,0.2721436780036665,0.43363503742448084
4228.5,0.7372081954090133,0.6632152698978765,0.7934297815880792,0.39584843022114335,0.31476137434246687,0.5088130702847737,0.7478890428128504,0.6615762892078682,0.8394121510673234,0.33896267926988266,0.2684252234378736,0.4241695071021652
4233.5,0.7358001759702806,0.670115589198036,0.7933426113360323,0.3955541449193586,0.3014937464643235,0.5073509345794391,0.7487308336554568,0.6710446587571406,0.8373028601978081,0.33863042272675337,0.26695332987420944,0.43175239097207585
4238.5,0.7392460684551341,0.6612740384615384,0.8020681040066624,0.3988963007883566,0.28544034090909093,0.49001379090155234,0.7463906944919603,0.6590843405149763,0.8344101887085501,0.3344463505912786,0.2656253055637039,0.4282832687742096
4243.5,0.737710319377938,0.6649348607367476,0.8064592209373097,0.39355909034561554,0.2858297432176894,0.5059686603765742,0.7506476683937824,0.6565538014125467,0.8421348314606741,0.3384656950606306,0.25939120434032553,0.41941603568094593
4248.5,0.738365800865801,0.6616714813031616,0.8033473122378956,0.3950983412628791,0.2774714443418118,0.4997217400263507,0.7466258584652135,0.6547365754812563,0.8402703066164604,0.33713076754107074,0.2631673195758003,0.41992133780736013
4253.5,0.7338164251207729,0.6699312714776632,0.8100555555555556,0.39972260748959776,0.2963528439675808,0.4880816560144996,0.7450636737844096,0.660970359331015,0.8413332159210989,0.33876366767701455,0.27012885121785074,0.4241411114088979
4258.5,0.7352269674993286,0.6665807560137457,0.8061239030975774,0.4010597618267235,0.3132184576921419,0.49448812161702976,0.7345908149171271,0.6513718263718263,0.8254564638957702,0.34150329576079763,0.2634423626415063,0.42922408709113696
4263.5,0.7411013116236997,0.6771300857507754,0.8084859763068913,0.3970878335991293,0.30662757603146007,0.5037314742863563,0.7277947578030934,0.650271878112466,0.8140452876376989,0.34762883872578537,0.26999485944983576,0.4311767946212298
4268.5,0.7360348516484932,0.6715502675302732,0.8084112149532711,0.3992999477798884,0.30586101372028457,0.49808115582956414,0.7308668488871535,0.649200735212209,0.8080404400832589,0.3550357873748283,0.28254839821264144,0.45277121540159604
4273.5,0.7364518869069288,0.6732963760601952,0.8074985119047619,0.39790829482833096,0.3020571171264786,0.4961790639285236,0.7210105083088953,0.65078125,0.8098027375201289,0.36522632318734904,0.29468253968253966,0.45292964310070466
4278.5,0.7364413572001068,0.6683074265975821,0.8011864973262032,0.3940492116579073,0.3015963563175072,0.4833040053199652,0.726827987781596,0.6455610530246453,0.8139343177728379,0.3734980692208678,0.30865431797608006,0.46660292168301865
4283.5,0.7412900829515909,0.6700265095729013,0.8020451225450415,0.38661518174005477,0.29427024719624356,0.48325709816561585,0.7237882118927974,0.6584599976434548,0.8083017676767675,0.3798467705778411,0.31924309971158876,0.47254815772462827
4288.5,0.7438399728109144,0.6665880503144653,0.8057300390843104,0.3742717458114778,0.28344346823162253,0.4783175714161094,0.7297280981358061,0.659628399948921,0.8045089679506028,0.38772058214354754,0.32356303911894835,0.4761512410688473
4293.5,0.7426406926406927,0.6681706964140072,0.8154169737165314,0.36548430767198825,0.2807853851699387,0.4750001986654976,0.7270509977827051,0.6581280302176119,0.7982322454844006,0.3912312451598743,0.3229377658511519,0.47784638013919783
4298.5,0.749384236453202,0.6778306832081076,0.8142276048382145,0.34898600820018755,0.2715982664195432,0.4638118339023619,0.7254393985573504,0.6649960732984294,0.8041739360296062,0.4026085886551003,0.3329720886853399,0.48344381842964207
4303.5,0.756949806949807,0.6814204837879567,0.8284657650042265,0.34099981604120677,0.26676040494938136,0.44907264464786584,0.7301498389581291,0.6618192325473878,0.7990197473252902,0.39935651365766933,0.3141991583264936,0.4832647407897621
4308.5,0.7612662154540326,0.6867949154466009,0.8252092611895512,0.33964603149851863,0.26011331481812516,0.4409038374498901,0.7276916631755341,0.6614798933509249,0.8021419756713875,0.3916914743604092,0.30915085089726146,0.4858797003178215
4313.5,0.7663043478260869,0.6870324265241681,0.8403154415060511,0.3383699059561128,0.2641695034040849,0.4423132687527882,0.7328638497652582,0.6600885199169813,0.7910813354468,0.3908771134130945,0.3117792930528376,0.4877521703828616
4318.5,0.7728501228501228,0.6930522338913729,0.8386475503663003,0.3415386100000666,0.2602183504075376,0.43981880919071153,0.7284241721427651,0.6484285584521755,0.8145972402670131,0.3848188749541215,0.30895132659886465,0.4854863155120151
4323.5,0.7790055248618785,0.7089657049537289,0.8397810828877005,0.34565981457247563,0.27751871869886446,0.44923772891491215,0.7233009708737864,0.6514975334742776,0.8049482824671179,0.37864321871364637,0.31266817593056784,0.462166883361993
4328.5,0.7752551020408163,0.7142471042471042,0.8378814298169137,0.35623452562819363,0.28489459815546775,0.44194982078853046,0.7208710407239819,0.6564676616915422,0.7928284344583797,0.3779268769202594,0.3031306092281702,0.4766153433623517
4333.5,0.7774899251583189,0.7051229360444157,0.8469367588932806,0.3620891916026124,0.2906672015987404,0.4505845410628019,0.7259249316673174,0.6504484746932138,0.7892420814479638,0.3750363150038569,0.2987183215251882,0.47082788191596475
4338.5,0.7692535712269211,0.6984082647278949,0.8378907262453993,0.3678062752930047,0.2916153739395937,0.45571682226931665,0.7200070085855172,0.6551637931034483,0.7879320846657529,0.36823904272390107,0.28936085639902176,0.4545179147272713
4343.5,0.7671957671957672,0.6982142857142857,0.8254378689564326,0.3721834588248505,0.30276330611095464,0.44783001427468216,0.7223551302498671,0.6568627450980392,0.7858893557422968,0.36503164353705375,0.28847342227137623,0.4498693517407295
4348.5,0.7617813964964224,0.6906683256309989,0.8235446510210301,0.37889028761141313,0.30395941777520724,0.45755102123063524,0.7234595306630238,0.6498232323232324,0.7907184819211955,0.3636139318591629,0.2808816477962144,0.44505208777317523
4353.5,0.7536960163134514,0.6841708542713568,0.8089036799553945,0.3790117478464906,0.30836597877334504,0.4641740202058461,0.7199879951980792,0.6555355710848895,0.7968827351485148,0.36277995779809724,0.28616013440522836,0.4397047952294118
4358.5,0.7458809460536806,0.6847290640394089,0.8090807697021694,0.37977774052163915,0.29206406889600456,0.472596899288469,0.7181341920599826,0.656914822266935,0.7959706911520955,0.36005782581094364,0.28989847242921013,0.44642472982912634
4363.5,0.7412797183727099,0.6714202422598224,0.8065136476426799,0.3789643750807269,0.30318172735516996,0.46684523809523804,0.7211026087834937,0.6478739101274312,0.794173669467787,0.35714709728095845,0.2942776712118059,0.4304522025100066
4368.5,0.7350234459239199,0.6666666666666666,0.7943015521064302,0.37692969680921484,0.3046661262539264,0.46079275362842337,0.7153949020249987,0.6538271134805789,0.7920978890341864,0.3564331389220715,0.29341639084910176,0.42894643213822026
4373.5,0.7311538752935829,0.6728420800383417,0.7962145257654966,0.3803468427528578,0.30551536065622653,0.4659108586853489,0.7169811320754716,0.6498094618458965,0.7907317073170731,0.3535176957641238,0.2932399221827121,0.42700549450549447
4378.5,0.7341710350498509,0.6600262883668055,0.7945743750287739,0.3796694036402218,0.30773077733131254,0.46369210784443676,0.7201895734597157,0.6457997311827958,0.7895939086294416,0.34870904502700784,0.2931143353726944,0.41040469052020645
4383.5,0.7345971563981043,0.6666666666666666,0.7915183761065903,0.38020055166072864,0.30705644849403646,0.4695912300260126,0.7204836911067745,0.6514517092103299,0.7897816674586832,0.3485768029770125,0.2947418339236521,0.41813982559577123
4388.5,0.7323884676423911,0.6602288609364081,0.8,0.3794421238398741,0.30157596728530983,0.45505480723813857,0.725,0.6521011025587685,0.7872812074206058,0.3429159114735636,0.2888679301330799,0.43174845257775557
4393.5,0.7330097087378641,0.6713860301124452,0.7905046197583511,0.37323950232991265,0.3064870564582988,0.4572594187936504,0.7202941176470588,0.6489151042763851,0.7917572463768116,0.33976920655433507,0.2894,0.41886187977075917
4398.5,0.7316431322207959,0.6681568040524983,0.7937049078115258,0.37157816005983546,0.29606926753819773,0.45733437829440154,0.7196059113300493,0.6506337412587412,0.7973576170510132,0.3387646129541864,0.2907443475344302,0.4236458952296122
4403.5,0.7308668488871535,0.6582620397962127,0.7837320708202599,0.36626016260162597,0.29840221050625676,0.45067975243147657,0.7251966043435238,0.6446173992871801,0.7873590982286633,0.33542939764295066,0.2816559366453965,0.41711795395510953
4408.5,0.7309506531204644,0.6649758400071586,0.7922705314009661,0.365702479338843,0.30302905226276844,0.44061554760701366,0.7231800766283525,0.6550771096863628,0.7849846390168971,0.33710059171597634,0.2762621836491737,0.41681854606382907
4413.5,0.7313321385902032,0.6614499263996751,0.7927083103653562,0.36412942596327313,0.3046433555119623,0.4394288370171452,0.7219512195121951,0.6438189396634981,0.7930932548231125,0.3326355416735164,0.27212944833572195,0.41575493894771
4418.5,0.7333333333333333,0.6649158291457287,0.7924070048309177,0.36589721681397336,0.3039428351657462,0.4345012626262626,0.7191297208538587,0.6596530612244899,0.7857514880952381,0.33282506210754875,0.2680456839754629,0.40321790890269144
4423.5,0.7294609296570401,0.6651151820974112,0.7946148648648649,0.3634588068181818,0.2975638369187641,0.4338822074856693,0.7209830144474815,0.6548131770369983,0.7837366905693176,0.3314889582400358,0.27871348690416975,0.40265987723449215
4428.5,0.7322818347408512,0.6665780141843971,0.8010442835328309,0.3668325567400974,0.3011146854330839,0.43243553925848316,0.7218003520241387,0.6647671801097705,0.791231684981685,0.3371991978609626,0.27572872290218037,0.4052283704964843
4433.5,0.7336819969412278,0.6629931561996779,0.7963617000198137,0.3640479097474595,0.2997887323943662,0.4299600346687211,0.7258783801201247,0.6604418604651163,0.7885672573499798,0.3320422059725072,0.2726978205379933,0.41010307093081794
4438.5,0.7334320230510984,0.6649099692577953,0.79713037093183,0.36329205202503345,0.2992794585622186,0.4307266089168692,0.7258379120879122,0.6614499263996751,0.7867550670565695,0.33017917719075396,0.26941844466406994,0.4108255510649108
4443.5,0.7344483366531585,0.6649509691082363,0.7933967294703164,0.3586559896862518,0.28959820214478393,0.43380149262502193,0.7267942583732058,0.6562530601726582,0.7882157090873085,0.3290196471531676,0.269866192410305,0.4002702702702702
4448.5,0.7353719265483971,0.6683156242453514,0.8000921658986175,0.3598475794886371,0.2910857305533715,0.43516807698236015,0.7295918367346939,0.659582005463237,0.7962591332198978,0.3296152657217676,0.26992486385882675,0.4076947014297729
4453.5,0.7317003499250161,0.6682464454976303,0.7938120039682539,0.3526663269733725,0.28492824669930505,0.4341962085736032,0.7261386639676113,0.6596778657220347,0.8011816802857562,0.3327358926919519,0.27757954033348353,0.407707468879668
4458.5,0.7328282828282828,0.664694712670749,0.7941339869281046,0.3521967650094125,0.29160558013369076,0.42746129126497223,0.7294368023452475,0.6615353535353535,0.7990758671754856,0.3315391621129326,0.27270008157346143,0.4142349833345153
4463.5,0.7294685990338164,0.6649917582417583,0.7953113553113552,0.3449446890019418,0.28129255666449027,0.4230799915754001,0.7346938775510204,0.65471279722148,0.7908277490100518,0.3324338258541276,0.27486553266600355,0.4133037630562312
4468.5,0.7318823666705567,0.6628705189941144,0.7905154877484974,0.3400183252643707,0.2703527251871386,0.43014386846311947,0.7357795698924732,0.6633073294629899,0.8022423245614035,0.3367394511244712,0.26912587470586424,0.41649396149025864
4473.5,0.7295918367346939,0.661449932795699,0.7874907097733185,0.3426780741395411,0.2722440258058853,0.4238163024126711,0.7349708824846947,0.6705077331666927,0.7957198037373421,0.335459857213101,0.274187769331332,0.4221405278096503
4478.5,0.7274977497749775,0.6666666666666666,0.7861326849913329,0.3421823722456634,0.268367738961172,0.41014526840066406,0.7344483366531585,0.6681497210634769,0.8,0.3413473270936809,0.284248763166887,0.42011163902534115
4483.5,0.7313859275053305,0.6744988344988345,0.7820869751601609,0.3350623066838079,0.2714988137399856,0.4110331849308945,0.7377344877344878,0.6766666666666667,0.8051495726495727,0.341626950060685,0.2816488822854056,0.4279200206145087
4488.5,0.733829244745897,0.6650448474693215,0.794141494435612,0.33613186813186813,0.2716751376535367,0.41348321090929135,0.7381449967656863,0.6750290949610004,0.8001015228426396,0.34494711621678253,0.28176390910485566,0.4198179434138213
4493.5,0.7304810525246368,0.6700900900900901,0.7847050037341299,0.3367206128081407,0.277143332724931,0.4126039144963092,0.7400980392156863,0.6761470588235294,0.8019372716349101,0.35074920258141085,0.283457123474272,0.42576139351446096
4498.5,0.7339975845410629,0.6696969696969698,0.7848895348837209,0.3372805662308569,0.27636121463553187,0.4095718206014544,0.7365802566116784,0.6713012806331884,0.7931467683243806,0.3528750826173166,0.28207380713919467,0.43476775827589076
4503.5,0.728728387701218,0.657549236989696,0.7972623011468738,0.34085473367381025,0.26865332840627143,0.4127227904633084,0.7334890965732087,0.676609599063506,0.7914790679304897,0.35212389861851406,0.27842421473640655,0.4332673506686908
4508.5,0.7302754435107376,0.6733618587989453,0.791106063883481,0.3438327864868149,0.27326829723674384,0.4058439159547448,0.7361795085486273,0.671430558717151,0.7886936339522546,0.35209834953898655,0.28593729214888125,0.4369429991783401
4513.5,0.7333333333333333,0.6612490622655663,0.7891043911997863,0.3440262185773232,0.2721281296023564,0.41297821238634413,0.7293792517006803,0.6650221299792453,0.7913542015400067,0.3586009217634393,0.2876968436424786,0.4325338552082738
4518.5,0.7342995169082126,0.6682535885167464,0.7913679778165759,0.341648590021692,0.27979794121070034,0.41124449638266897,0.7293176328502415,0.6632626625779845,0.7890272657120809,0.3555976806422837,0.28231730300718005,0.42448666568960897
4523.5,0.7344483366531585,0.6633612851081027,0.7991221413993406,0.34212093835936025,0.2776563913338895,0.41820871596314846,0.7261648488327592,0.6646942605946854,0.7819905213270142,0.35154416123295795,0.2692759939774225,0.4286384332579184
4528.5,0.7339839293083776,0.6731860499482785,0.7990452261306533,0.3418070222853479,0.2792131927212572,0.42109375,0.7272727272727273,0.664998730964467,0.7790504639297893,0.3461147232615674,0.26449875724937866,0.4207023312294652
4533.5,0.733500837520938,0.6628269588467798,0.7969580841332864,0.34482977340120197,0.2784306573795089,0.42183426695527193,0.7253499393805798,0.6675794705814357,0.7809910563210055,0.34395624896140664,0.2650172132687634,0.420058463365409
4538.5,0.7299811439346323,0.6648382352941177,0.7904931972789115,0.34999029153144157,0.28366218033590146,0.41770935223883,0.7274977497749775,0.6627988628287136,0.7847211082756106,0.3451525666922768,0.26174274159348787,0.4199745044822764
4543.5,0.7336448598130841,0.6665857605177993,0.7941747317483693,0.34962522723677103,0.28423076923076923,0.4243358713712458,0.72951224328594,0.6602676511305953,0.7887430108287918,0.34374950789726466,0.2644142725960908,0.4103835978835978
4548.5,0.7301189149015236,0.6697782705099778,0.797142749868589,0.3534456402918618,0.28741304783442595,0.42528152857461693,0.7308510118291134,0.6681891025641026,0.7847402597402597,0.34932063550484604,0.26783353155170003,0.4147788345944416
4553.5,0.7305806938159879,0.6717061923583663,0.7895121951219513,0.36059316424540466,0.2839372699879709,0.4242636597226646,0.7285636512113238,0.6681464174454829,0.7847402597402597,0.3467809497595926,0.27422664141414144,0.41804696633460975
4558.5,0.7290180010128446,0.6665845648604269,0.7850978751104292,0.3561583873422131,0.2851569064050748,0.434222112625538,0.7313358920391234,0.6714927341494973,0.7890272657120809,0.3514381058318767,0.28667647058823525,0.42309313770548
4563.5,0.725,0.6682680915056507,0.7902439024390244,0.35731039508577334,0.28565896833079796,0.43057863419946935,0.7321409976049151,0.6715616246498599,0.7885121457489878,0.34970844364440656,0.2864849074975657,0.4120879849673925
4568.5,0.7288536277446345,0.6665869218500797,0.7905154877484974,0.3595683965740301,0.28658865978853065,0.4277123322789837,0.7346455169745624,0.6714877330242441,0.7962591332198978,0.3502212389380531,0.2829920559764721,0.42056273400807587
4573.5,0.7277667984189724,0.6602054195804196,0.7853998865570051,0.3585336041867511,0.2900861354741022,0.4227006165685411,0.7352303220035779,0.6712985818692222,0.78975,0.3460102418981248,0.2887788819875776,0.4183623799089836
4578.5,0.7244683732899906,0.6582051672503934,0.787461572244181,0.35988929889298893,0.2865966891551817,0.4384457551088221,0.7339652448657188,0.6698815566835872,0.8097682926829268,0.35228742013994524,0.2918376723348775,0.42000277930484164
4583.5,0.7286073223259153,0.6695418633779747,0.7897972265829408,0.35743126110903867,0.29227151814554436,0.4304390494005678,0.7317073170731707,0.6696568994570306,0.8029556650246306,0.35042339527228494,0.2830237024836277,0.4254812904663958
4588.5,0.7319587628865979,0.6605326445176807,0.7859262883235485,0.358222631695993,0.2946709598694524,0.440842780542246,0.7347404386641685,0.6698983330280271,0.7940332615458243,0.3534247740953805,0.2911342452910169,0.4296232534546628
4593.5,0.7328282828282828,0.668125960061444,0.7874396135265701,0.3581351256638122,0.2862292190414403,0.4425064154284049,0.7364518869069288,0.6764648261284253,0.7903962361878452,0.3548123358468186,0.2836516057359197,0.4390690084323884
4598.5,0.7306695894778796,0.661603299856528,0.7861696821922363,0.35903086527267225,0.29783450208352896,0.44366134766654464,0.7342995169082126,0.671773203322499,0.7897574543836227,0.3510075929531864,0.2878311991211746,0.4346550813089294
4603.5,0.7272866437045542,0.6666666666666666,0.7837056036069193,0.3595865633074935,0.2910086663456909,0.43205522971651994,0.7341448323457319,0.6651281566253665,0.78982986997205,0.35440851325265565,0.28568256815369425,0.43726121331837764
4608.5,0.7323881551385796,0.6616069651741293,0.7810800196367206,0.3570474933371447,0.29403222226016873,0.43938110382580065,0.7327020374675236,0.6730870743490044,0.7907854322071083,0.35593564431812413,0.2849963662866582,0.43881158441889556
4613.5,0.7261386639676113,0.6632029459103547,0.7905659075224292,0.361198397334894,0.29371662879162136,0.4303381877760159,0.7290693146417445,0.6745989304812834,0.7951050724637682,0.3573624786200462,0.2809558679615844,0.43307194014207523
4618.5,0.7309506531204644,0.671256038647343,0.7860837438423643,0.35891919325654265,0.29173249688100983,0.4281255658997974,0.7320080895772703,0.673072366022603,0.7887817559562985,0.3579573065786543,0.28261291911250813,0.4359654984654984
4623.5,0.7268292682926829,0.6564873737373738,0.7832512315270936,0.35329822351215157,0.2861615136132903,0.4331693051274867,0.7320574162679426,0.6749938423645321,0.7854843534284399,0.3540230799840828,0.2887509699032355,0.4313137928688078
4628.5,0.7274861288945795,0.6582634110868715,0.7884714512291832,0.3536907536907537,0.2833368734069669,0.4321192688566069,0.7287716955941255,0.6714098851976024,0.7846694675469432,0.351705135477115,0.2923353467724329,0.4312180064649462
4633.5,0.7263419743388322,0.6666666666666666,0.7820736875683557,0.3510025150680583,0.27837974107084773,0.4285980751213694,0.7288177339901478,0.6666666666666666,0.7886634238420211,0.3515338458337317,0.288912987012987,0.43238205307338795
4638.5,0.7324982498249826,0.6564959944270289,0.7902555168408827,0.348652844911125,0.27386462076598306,0.4392319103485691,0.7263654419066534,0.6613803405245348,0.7834740810971711,0.3507759349152208,0.29227820372398683,0.43151296294618174
4643.5,0.7306695894778796,0.6616118912825038,0.7898086490623804,0.34869246357232464,0.27568230041164893,0.43480095660051993,0.7283934058430473,0.6584599976434548,0.7898169781931464,0.355050839261399,0.2899378194207836,0.43379584167390567
4648.5,0.7311320754716981,0.656990410267503,0.7939674613402061,0.3518157626435006,0.2711644412946791,0.43223951080704726,0.7303921568627451,0.6587562131545487,0.7924615250847753,0.35378951386747715,0.2911602767632646,0.43387700534759344
4653.5,0.7270384254920337,0.6551457518663348,0.7823767082590611,0.35259197732935943,0.2718140681243637,0.45030999956815954,0.7291939489726801,0.6536488770828303,0.7824074074074074,0.35342724405974646,0.2871910461681953,0.43411704542857354
4658.5,0.7315943992773262,0.6630863340100438,0.7889569468966454,0.35390610929902144,0.27220963100010276,0.45075247114408273,0.7296632094695148,0.6699005899567985,0.7909158751696065,0.35284599276603845,0.2857782538456135,0.4366478550490872
4663.5,0.7295302178842551,0.6613951254045308,0.7923970449064321,0.3539587585333239,0.2772235101501716,0.44185877951835395,0.7289719626168224,0.6733477815618376,0.7850357142857143,0.35208535402521823,0.28343343624662254,0.4393393953638687
4668.5,0.7267942583732058,0.66813276576162,0.8000462962962963,0.3561166003349878,0.28307402031930334,0.43404012736196657,0.7264150943396226,0.6682680915056507,0.7789632016585168,0.3496156176851511,0.28955681033508096,0.43367089013851096
4673.5,0.7261089346644762,0.67293056246889,0.8028721347694008,0.35945017761590004,0.2975453629032258,0.4393659924777828,0.7294148912610179,0.6665820642978003,0.7830779054916985,0.3548546943772408,0.2903028910839104,0.43453281423804224
4678.5,0.7274977497749775,0.6649167733674777,0.7933200549450549,0.3651781922712573,0.2881082282919154,0.4394554195135101,0.7285636512113238,0.6699005899567985,0.7851173091900311,0.35364776541247134,0.28830272580272576,0.43492709193098295
4683.5,0.7288476834360708,0.66828231292517,0.7952499999999999,0.3655218967231315,0.2962088883040221,0.435865569534771,0.7268292682926829,0.664939228160507,0.7828378120830951,0.35210950798411284,0.287834675818254,0.42868373764600176
4688.5,0.7302849740932642,0.6665016501650165,0.8069129256509956,0.36482236953935065,0.2932311144353029,0.43317606612537485,0.7286073223259153,0.6585305481767689,0.7838290443553602,0.35400414960534843,0.2936181621726229,0.42747327465059526
4693.5,0.7321903242955875,0.6666666666666666,0.7952436323366555,0.36205312810327706,0.29684795061099795,0.43099804375258083,0.7296632094695148,0.6599326923076924,0.7864077669902912,0.356984129425153,0.2955994603751788,0.4267637105458817
4698.5,0.7239737274220033,0.6601844660194175,0.7889102990033222,0.36123145229962117,0.29809220112463647,0.4395157616618076,0.7281277392148966,0.664923076923077,0.780625976210501,0.3538375780164126,0.28585333723653394,0.4325856704792175
4703.5,0.7279639502411779,0.6646437693851487,0.7981240573152338,0.35633934760313757,0.2973138514932292,0.4283243830712185,0.7281683833407971,0.6696540880503145,0.7860806789375069,0.35109004031655966,0.29087227173429736,0.42987317860884083
4708.5,0.7286474164133738,0.6565057353192947,0.7944228971962617,0.35935880783460483,0.293260176067455,0.4287189066955068,0.7304949476884557,0.6633391405342626,0.7826317000230044,0.3522124572435415,0.29258791195724915,0.4217623822576927
4713.5,0.7301960784313726,0.6650681818181818,0.7957491433297884,0.35627134076940586,0.2892792457552327,0.4300444287174648,0.7325335625029034,0.6599430867090726,0.789655172413793,0.35657171634006257,0.2953479853900447,0.43192218470796295
4718.5,0.726109260850881,0.663380248978075,0.7903586904188733,0.3577087292702611,0.2954915769677084,0.42134884128649586,0.7311320754716981,0.6615277572533372,0.7932101806239737,0.3566242882948803,0.29824262027863385,0.4242261876307689
4723.5,0.7309506531204644,0.6698212285287528,0.7940213567839196,0.3573813984829314,0.29633914187743754,0.4217617319159968,0.7286073223259153,0.6697770979020979,0.7894183634992458,0.35972350230414746,0.29241025200335147,0.42480587300385975
4728.5,0.7323653417973377,0.6716540404040404,0.7864656169827455,0.354839090408372,0.28672558657297326,0.41282865587447043,0.7295437639474336,0.6616258330986576,0.7874615177999544,0.35699934642105013,0.2950869364813131,0.43236550345328967
4733.5,0.7317632208344407,0.6582200216770124,0.7868670491394363,0.356352408901932,0.2924874297545105,0.41450661899632646,0.7290180010128446,0.6714085634253701,0.7870416208287496,0.35518259935553165,0.29475700712720204,0.4329031258744054
4738.5,0.7298578199052133,0.6649340207764364,0.7854754723423628,0.3530330882352941,0.2813407874617737,0.4222971944683385,0.7234071093226022,0.6703060097796939,0.782111178746902,0.3508867183236931,0.2874938451208594,0.4307080408119479
4743.5,0.7295918367346939,0.6601935193519352,0.7898195170525267,0.3468042527134122,0.28235613565640927,0.4139090361903567,0.7329970009657907,0.6731977103960396,0.7867334664517526,0.3573169394361084,0.28980912937786985,0.4319951849929295
4748.5,0.7301249883839791,0.6566848298191582,0.7951617720258836,0.3474290252134207,0.2850518917908122,0.41515496084163134,0.7255357957136344,0.6717909867909867,0.7853669673683038,0.3572946633150543,0.2900689582565668,0.43039837398373976
4753.5,0.7308668488871535,0.6616069651741293,0.7889093012179356,0.3461179903729207,0.27365152807214776,0.40723253250449504,0.7283882783882784,0.6761804190032287,0.7865239983590865,0.35808572461536403,0.29376205533381167,0.4345642683303215
4758.5,0.7286432160804021,0.6648717626351521,0.7979846542346543,0.3439785133699339,0.27703809873137125,0.4152173220824709,0.7328414880322984,0.6681292803075815,0.7850182926829269,0.35895888051060465,0.292853754372127,0.4328965069110264
4763.5,0.7307621161672215,0.6559536906071559,0.7912422602777932,0.34609342684165,0.2827475716190327,0.4116171691826745,0.7335092054587147,0.6665869218500797,0.7874544253030717,0.35767472249182963,0.29048968211137666,0.4287306008754476
4768.5,0.7313432835820896,0.663056739579877,0.7883475580844003,0.3479376814344836,0.28489141073609786,0.4158509965200885,0.7306814190375834,0.663335689878638,0.7864741710936068,0.35584115649655446,0.2922035692791795,0.4282733870097918
4773.5,0.7285750017053594,0.6596535532994924,0.7870791245791247,0.3506892887522315,0.2853454577335518,0.42586672143399107,0.7320574162679426,0.6647996224771308,0.7869227132477357,0.35968798911167155,0.29147993402968664,0.4247140539714794
4778.5,0.7272727272727273,0.663469069870939,0.7887506136475209,0.35015937409446535,0.28665224502425707,0.4290214166740585,0.7311320754716981,0.6509085416860303,0.7980769230769231,0.35826678042435345,0.2850212321305498,0.42472830946945384
4783.5,0.7270509977827051,0.6570982142857142,0.7902555168408827,0.35540813322679676,0.2872025584940678,0.43244809536377227,0.7355715871254163,0.6524403612878625,0.804989476290702,0.3575981122702434,0.2835321009739615,0.42254205394309174
4788.5,0.7250639386189258,0.6569977266268827,0.8002499999999999,0.35543822994013474,0.28788059158828083,0.43512828359690325,0.7341710350498509,0.6665016501650165,0.796253176729171,0.3582541123266294,0.2839423076923077,0.4187961432506887
4793.5,0.7279166856777843,0.6632825969164081,0.7963042075517878,0.3584622909996442,0.2916989517426538,0.43951457129789556,0.7377049180327869,0.6715686274509803,0.8,0.35610246546599056,0.2808878946518761,0.427725263672686
4798.5,0.7272393791411605,0.6613023438266157,0.7865104555638536,0.3631858726011352,0.2862830255950994,0.4433416879071085,0.7365802566116784,0.6682915103189494,0.8077017809776431,0.35908721391273124,0.28556178402009297,0.42400717054942605
4803.5,0.7276995305164319,0.6683156242453514,0.7858374384236453,0.363595602671102,0.29680554579321006,0.4597888145374178,0.7336819969412278,0.6698666635089049,0.8087758775877587,0.3577404736149962,0.2916106986097663,0.42711622215947487
4808.5,0.7263916267718014,0.6633214442761518,0.780295456339288,0.3630657648938804,0.28943066049232274,0.463011484283585,0.7348544754227992,0.6630451156134669,0.8093809100011123,0.3601328054039277,0.2916912366912367,0.42213278195616805
4813.5,0.7256892604757639,0.6681674565560821,0.7924853610930385,0.3724210939237549,0.29903601774569516,0.4673534654382813,0.7404487647242781,0.6713522884882108,0.8050501253132831,0.3613372006984935,0.28945994882009596,0.42186768518285467
4818.5,0.7274861288945795,0.6665880503144653,0.7960214388785817,0.3753964322458778,0.3044094905561283,0.46949011045466216,0.7420281243810656,0.661738885210525,0.8183722037125178,0.3617364307306844,0.28923003072196624,0.4185334622745638
4823.5,0.7323587992602077,0.6752448453608247,0.7982078611261018,0.3806236462414336,0.3096784994564828,0.4690477581219402,0.7463414634146341,0.6681280487804878,0.8204856833078704,0.3636510769535096,0.2893822003359985,0.43544926619433194
4828.5,0.7392334638368019,0.6716338512023792,0.7961211061519349,0.3798981534972292,0.31917096365173286,0.46585775642668115,0.7518473798599372,0.676609599063506,0.8270308158625915,0.3680806268776212,0.2861851071738323,0.43148441782162705
4833.5,0.7327188940092166,0.6681292803075815,0.8022350564591317,0.3881664612737461,0.31885375589112247,0.4852677161505722,0.7486905251611133,0.6715384615384615,0.8316201117318436,0.37380180455727174,0.29226158357771265,0.43457356478940606
4838.5,0.7306695894778796,0.6649736865983124,0.8054306220095693,0.3910708627912565,0.32657234552807296,0.49315981735159814,0.7505868544600939,0.6750886524822695,0.820778433646042,0.3696045252065796,0.3017592954387376,0.43365198102040203
4843.5,0.733026113671275,0.6602990033222591,0.8041409894603467,0.393975140241798,0.3256470995072188,0.487200678109769,0.7493589743589744,0.6760979358805446,0.8298027267093575,0.3684863523573201,0.3009630403361957,0.4443862701096361
4848.5,0.7356493960267545,0.6536180968027298,0.8039754901960784,0.401573512154233,0.33268739627141036,0.49745813842987585,0.75,0.6647848869277441,0.8197804786131524,0.3659440230887979,0.292093632892125,0.44628382969382097
4853.5,0.7318330399798842,0.6461966477376809,0.8029364630467571,0.4045171295700309,0.33129452180472585,0.48032634302327015,0.7462307750587166,0.6648936170212766,0.8297872340425532,0.3658254558414943,0.29506755584203087,0.4384921865654117
4858.5,0.7327874331550802,0.6649471042262644,0.8169657087659985,0.4008905742852985,0.3314881192666936,0.499982006893203,0.743016977311666,0.663246326418824,0.8211749038176975,0.3639218592025262,0.29217980652262066,0.4551938819492973
4863.5,0.7360567010309278,0.6570048309178744,0.8052912621359223,0.4027858765809422,0.3359517845371504,0.4927057068281743,0.7356673633920574,0.6542348608837971,0.8187301587301586,0.3612100570536043,0.28079062448538966,0.44336214508535055
4868.5,0.7360406091370558,0.6617110782136689,0.8097811131957474,0.40629551707396017,0.32830415808571145,0.49838394929525404,0.7357795698924732,0.6627107364685004,0.8197970338392981,0.3573128582959084,0.2653825897824065,0.4326209395245942
4873.5,0.7318330399798842,0.6650485436893204,0.8024622436387142,0.40597773856235775,0.31572497081707057,0.49239720771608225,0.7316510232343437,0.6697846889952154,0.8101432748538012,0.34729232121193265,0.27333996890675993,0.4149039106830446
4878.5,0.732533816761958,0.6647134522992451,0.8000497512437811,0.4055557319933976,0.3115125264789766,0.4973421881418595,0.7286073223259153,0.6601158645276293,0.7911750769959724,0.3391943058647643,0.27769664103826786,0.41827606550739127
4883.5,0.7286096896073462,0.6631018518518518,0.8051282051282052,0.39972249034749036,0.29970223238017113,0.5021013600762705,0.7265305534757818,0.6665807560137457,0.7825300912444184,0.33581965938253366,0.2680614450007629,0.4051334653276401
4888.5,0.7294609296570401,0.6631708238851096,0.802337912087912,0.39216161154524504,0.30931047432629283,0.4958856593919385,0.7204440974932778,0.6698503653287958,0.7850729166666667,0.33159403320304,0.2719008323783965,0.4015779138018181
4893.5,0.7305806938159879,0.6579797752246502,0.8037524068942845,0.38917871201274834,0.31049654180708225,0.4829510361950569,0.7222321542587153,0.66012285464501,0.7837259756502206,0.3296463096616625,0.2646924727337744,0.4071359413202934
4898.5,0.7349418604651163,0.6683074265975821,0.7933442035764883,0.3833577052868391,0.3034124560885124,0.47461032308424095,0.7227497749774978,0.6682579564489113,0.780030612244898,0.33201004712506027,0.2639329525457745,0.40062196921779464
4903.5,0.7288075893486122,0.6682113821138211,0.8,0.3756243063263041,0.31109622784280266,0.4718732896091728,0.7251943005181347,0.6618321966467747,0.7835798969072164,0.33501602917372597,0.26908187144792634,0.40525440810578556
4908.5,0.7312382739212007,0.6567088798432082,0.7948956469886702,0.3671418323636306,0.29939568135101363,0.4650397467637092,0.7266334730957372,0.6631575963718821,0.7839736180904522,0.3386240810166026,0.2712131564088086,0.4056939668600659
4913.5,0.7277140335392762,0.6713736263736263,0.7982350306893917,0.3685357587293927,0.3030938068527664,0.45863227806857454,0.727510709186102,0.6614515902054602,0.7843480392156863,0.342325257160422,0.276940392272974,0.40409572833720186
4918.5,0.7252535422242958,0.6618247694334651,0.7905993592248183,0.35923179319144916,0.2958127557181738,0.45207164200159,0.7253499393805798,0.6619540475174278,0.781135545675876,0.3421097221901307,0.27926059009954024,0.41254646485827023
4923.5,0.7263828310864393,0.6616838882510524,0.788985260770975,0.3571571906354515,0.2971382287075718,0.4490989635297707,0.7293176328502415,0.6618321966467747,0.7912054559737198,0.3434407839311843,0.2813769195136651,0.41564840662226027
4928.5,0.7250497347480106,0.6489969173557764,0.7857686729514141,0.3556699806388008,0.28936670094933686,0.4435149678377041,0.7272634479942839,0.6682881870293358,0.7980276639344261,0.34828151580522027,0.283956157740825,0.4129560482157632
4933.5,0.7247448979591837,0.6537829541350668,0.7865239983590865,0.3501709040632921,0.2924034621920136,0.43905096764536583,0.7268439108061749,0.6616122766122766,0.7925041017227236,0.3462238540334944,0.2815384464187436,0.4194992279293323
4938.5,0.7243944306694641,0.6597906976744187,0.7850703883495146,0.3510587994886588,0.29379127009269845,0.43103286384976525,0.7244897959183674,0.6583111778985089,0.806484362207303,0.34904445522750177,0.2726803586321935,0.414609248427932
4943.5,0.7241379310344828,0.6597739236698628,0.7880184331797235,0.347146954027983,0.29171844023432264,0.42089540678879306,0.7296632094695148,0.6580982392957183,0.8057777777777777,0.3469806401699913,0.2744757444891904,0.4271218337994021
4948.5,0.7274977497749775,0.6611524069579289,0.781181215136439,0.34570198400078284,0.2850179170153556,0.41942610074599074,0.7276916631755341,0.6602054195804196,0.7929957469431154,0.3426043486195479,0.2862655268854395,0.4260282677675799
4953.5,0.7270338448602061,0.6535114949235618,0.7847656950672646,0.34774354641274796,0.2836995275322682,0.41546031229668173,0.7313255117869393,0.659843137254902,0.7892285861713106,0.34387944005060556,0.2807289067878171,0.42857142857142855
4958.5,0.724706328154604,0.6633126855078075,0.7929380006966213,0.35039721585187966,0.2910844574950793,0.43110653120464437,0.7294609296570401,0.6747150944783471,0.7897685285807433,0.3453067265189309,0.2782177087139962,0.41524233955649625
4963.5,0.7265805260729119,0.6557457689029588,0.7857467532467532,0.34948005253951053,0.2796437296899832,0.4280086199377853,0.7328287802602249,0.6719346675868415,0.7851219806763285,0.34282784173613867,0.2883181582528676,0.4198454923937335
4968.5,0.7304928820843406,0.6629724111866969,0.8043720712277412,0.3493360105241293,0.2851364536709904,0.4282047752301859,0.730296803652968,0.6568554287386597,0.7847402597402597,0.34137601528905875,0.2898711678469527,0.4334155455904335
4973.5,0.7388048617471594,0.6582051672503934,0.8030849734457981,0.3524344930753269,0.2857087571870853,0.43514910941529367,0.7339721883606484,0.664903458418331,0.7892787114845938,0.3382423376992785,0.28375459459459457,0.42283567006511996
4978.5,0.7408390738614619,0.6519385026737968,0.8106986264596662,0.3538254816729323,0.28475401741628514,0.43557113815973364,0.7256179420358525,0.6696974371143807,0.7877962927846781,0.34146452520904047,0.2764509646302251,0.42156205648081096
4983.5,0.7468266456858117,0.6632364384170742,0.8144329896907216,0.35716716732202314,0.2936856508477475,0.4319800663360809,0.7254441624365482,0.6681658291457286,0.7900121951219512,0.3371707879065118,0.2779739967740359,0.42102867349668727
4988.5,0.75,0.6663382594417077,0.8255062944718117,0.3659444411245112,0.2967769177150712,0.43966164173924316,0.7261648488327592,0.6468841001747234,0.7847402597402597,0.3408795237719782,0.2806435309973046,0.4209525070621469
4993.5,0.7554904306220096,0.661273117201426,0.8265407152960195,0.37148400892279665,0.3050537831701108,0.44231189954804023,0.7290180010128446,0.6619047619047619,0.7868137807858621,0.3420566919312136,0.2750508375022786,0.41758427441293994
4998.5,0.7653261612021858,0.6776691410920685,0.8412682962001584,0.37689317947800693,0.3079903989077032,0.4405851846558008,0.7254901960784313,0.656024564676617,0.7846201059568418,0.3409515358203415,0.27701387507009895,0.409903516731067
5003.5,0.7802968059977407,0.6703879918963718,0.8571791153009427,0.38467591338683693,0.32283786413296256,0.4598996288049729,0.7222321542587153,0.6585179193628671,0.7799090909090909,0.34196271828513347,0.27017091535701965,0.4156866400418731
5008.5,0.7808533861305716,0.6846510266790227,0.8602598566308244,0.400625435005865,0.33131810651255766,0.48622573677811715,0.7254901960784313,0.6647523157470802,0.7907022928326413,0.3380508271838943,0.26795389878734505,0.41175508279109524
5013.5,0.7906961213804894,0.6767676767676768,0.8698693347953216,0.4085926720833972,0.3404294072923209,0.5055331982923293,0.7242990654205608,0.6616757482429124,0.7872088969460327,0.3362302726336569,0.2789010746802239,0.4131319080443528
5018.5,0.790994623655914,0.689382940108893,0.8818540617813412,0.4311587460431696,0.34591051664354056,0.5363320090352475,0.7265861414576602,0.6504218980328369,0.7823846190750335,0.33670451208769697,0.28060393461594096,0.40459025690836437
5023.5,0.8010611946180262,0.6988565434041437,0.8857435878483257,0.4562206978009384,0.36222409433639646,0.5659976324980661,0.7211208539839877,0.6518493318455216,0.782608695652174,0.3372900400105676,0.28334741529635044,0.4157428962537868
5028.5,0.8026652633974286,0.709394686794247,0.8877039367924205,0.4774840081407587,0.3777591308159752,0.5983714001986096,0.7178091595567324,0.6521293199554069,0.7846242557528295,0.34096244581687063,0.2800976800976801,0.42221972096432214
5033.5,0.793646346929628,0.6973823803811808,0.8938842333954066,0.4923412864713773,0.38866026988775165,0.6217967543875215,0.7163126118067978,0.6539659031068984,0.7842723004694835,0.342022485247236,0.28783072307644725,0.41020235017083745
5038.5,0.7862772950089127,0.7082400497512438,0.8818540617813412,0.4936890317512369,0.39459068402170366,0.6123049298303676,0.7167379887181482,0.6557983754311784,0.7795170009958742,0.3454403082028788,0.28074902763422727,0.4093488881121209
5043.5,0.7723661587715658,0.6994526546250684,0.8681224081224079,0.4845949937941918,0.3685634253701481,0.6003852262398921,0.7177625657302572,0.6490122810357959,0.7858374384236453,0.3494063242094738,0.2856606533398342,0.41586105542487756
5048.5,0.7617813964964224,0.6945672426555043,0.8492965032071177,0.45514022823739664,0.346231673174685,0.5818434919037327,0.7204836911067745,0.6530062024809924,0.7819905213270142,0.34891927044733645,0.2875600592925782,0.41892206660934883
5053.5,0.755,0.6803875279762087,0.8284657650042265,0.42950841607638446,0.3268045348971461,0.5502584692115863,0.7168861661359098,0.6323764673764674,0.7900287958115183,0.35003808073115006,0.28299243814697894,0.4072862662013957
5058.5,0.7511741229907614,0.6888503850385038,0.8188588588588588,0.42251815980629537,0.3266027016289233,0.54614402671164,0.7175054376359409,0.6466951296647692,0.7885121457489878,0.35341256540247534,0.2910984075132707,0.42453501869319593
5063.5,0.7512564083137612,0.6961337092227144,0.8105831793718371,0.41741321072312154,0.32053201190087927,0.5377982015599114,0.7211032388663967,0.6418968900966183,0.7867071402682131,0.3562261205373649,0.2922985718568003,0.4292019071572472
5068.5,0.7512087450073576,0.6792265886287626,0.8166025891328507,0.41376607997027814,0.32469805009382396,0.5309114579413934,0.7223551302498671,0.636203746002741,0.7875953954924833,0.35872079674578383,0.29265653522179946,0.4200152839963962
5073.5,0.747998232922856,0.6805379300620418,0.8122707352702483,0.4181630850750663,0.3240145151459667,0.5443643021353374,0.7227615965480043,0.6384823176917451,0.7989949748743719,0.3561654182105759,0.2950991899567324,0.42486729151668134
5078.5,0.7487432108121763,0.6783107456474291,0.8165747729018845,0.4172623082936143,0.32138957618325487,0.522946149060349,0.7242184982275217,0.6533057404101066,0.8000568181818182,0.36142367010751025,0.2942231939205453,0.4263949744265263
5083.5,0.7464101683270354,0.6616310160427807,0.8132309901154122,0.42807794351863915,0.3205442518958946,0.5410318170921681,0.7205091714104996,0.6631696216933725,0.8031772953414743,0.3602392195438377,0.29970412395284457,0.4296932201533296
5088.5,0.7462124095926913,0.6729979561501301,0.8125853825136612,0.4294974444851466,0.3336374175790121,0.5307089473313121,0.7265861414576602,0.6512052583626188,0.8059545413301877,0.3608834244080146,0.30542420198541365,0.43053010138773185
5093.5,0.7442632850241546,0.6796574845958681,0.8146716697936209,0.4361368545745941,0.3340663487080416,0.5372699229789243,0.7315947458698204,0.6528954729099761,0.8042711640211639,0.36006743737957614,0.3047866349643349,0.42607054148315876
5098.5,0.7385056121730146,0.6650435391852668,0.8037575874361692,0.4366553087092817,0.3335418711871538,0.5365744143128943,0.739023345470122,0.6730121951219513,0.8124070549422661,0.3562579166415345,0.29654474878355475,0.4301518746477893
5103.5,0.7365591397849462,0.6727535783181309,0.8102096382822639,0.4354596532015887,0.3336369447107702,0.5366460115962988,0.736299874461001,0.6650246305418719,0.8232359087395872,0.36382379123665987,0.2984539595043295,0.4302713852279132
5108.5,0.7355555555555555,0.6633918628441198,0.808895173453997,0.42889731970479594,0.3284162663006177,0.5613336061739943,0.736017550651697,0.6648412218158857,0.8201331377961812,0.36211957807995176,0.2845386866380943,0.4299275545986241
5113.5,0.7411130874126775,0.6601283912530623,0.8122301697174793,0.43993765062705725,0.3462331389799407,0.5625909017453135,0.7394599131121643,0.6597500000000001,0.8175417841320982,0.3620163821731113,0.2839151105819294,0.4319212718308662
5118.5,0.7347985781990521,0.6627956989247311,0.8019300675090878,0.4394031123652291,0.3457097013737867,0.5622358582993864,0.7352941176470589,0.6600990388837391,0.8070165186224092,0.35219969758504094,0.2889160871052332,0.42703969992100693
5123.5,0.7355769230769231,0.6542749185024203,0.7991419294990723,0.4421079042608193,0.34204986717900165,0.5512423441617703,0.7341448323457319,0.6665845648604269,0.8106819122992683,0.35468309580484714,0.28082018202873027,0.42331604164323045
5128.5,0.7323653417973377,0.6650485436893204,0.7971266714300296,0.4447554407761214,0.34303984739787874,0.557370328637921,0.7346455169745624,0.671433343611882,0.8054816697886005,0.3447380655873806,0.2732956647542477,0.41879411556060003
5133.5,0.7345971563981043,0.664876386378072,0.7890020687173952,0.44464361938639396,0.34450412849566053,0.5609257389767432,0.7358087661069894,0.6732297063903281,0.8097946084724006,0.34456291591046584,0.2901553494186497,0.4174176928876602
5138.5,0.7356641092068553,0.667929361317987,0.7962219474335024,0.4507640819689013,0.3436706308801369,0.554272970234126,0.7333091107275865,0.6733668341708543,0.8013768353255826,0.344339125677567,0.280918045088552,0.4102651316937031
5143.5,0.7333333333333333,0.6615353535353535,0.7904872646733111,0.45101551246537397,0.3629584859480368,0.5533612039673317,0.7299919967987194,0.6611811155913979,0.8014709548740961,0.3427079376947536,0.27995357635029666,0.42086390012460667
5148.5,0.7338175037981677,0.6616764705882353,0.7935543478260869,0.4502728099880693,0.3721837613373017,0.5522315540122209,0.7284393720305722,0.6681891025641026,0.8015544106876782,0.3445093946029554,0.2799276861627421,0.4071386276021588
5153.5,0.7344483366531585,0.6600606290261463,0.7913729421696918,0.45412932482886537,0.37079668853099024,0.5651410072710402,0.7277227722772277,0.6666666666666666,0.7878937154799224,0.343360116085829,0.28000088422728014,0.4086456426039191
5158.5,0.7333333333333333,0.672977045886387,0.7971325557213256,0.45149375290968646,0.37512272472121017,0.5629054317775248,0.7261715933669791,0.6699653087773895,0.8064208476939672,0.34232927544302577,0.28204407841962326,0.4077591549295775
5163.5,0.7389162561576355,0.6684170854271356,0.7992064891553518,0.4549013270262694,0.3811817889223747,0.5575819318274062,0.7252906976744187,0.6610699096225412,0.7917297979797979,0.3421402106954736,0.28120284750748276,0.40601829746598
5168.5,0.7397411469467423,0.678452380952381,0.7947619047619048,0.4574541557513694,0.3720685941584666,0.5614646119671284,0.7298578199052133,0.6612395706145706,0.7945767433501078,0.33632868802512395,0.2839577775594568,0.40822285254835394
5173.5,0.7368241708314403,0.6810584406395925,0.7972020311372306,0.4610762548262548,0.3779453311849245,0.5801943295776063,0.728416149068323,0.66982613433723,0.786423871531772,0.3418040324228595,0.28086719897501305,0.40624468042440737
5178.5,0.7387240958959772,0.6731937039857833,0.7952032710280373,0.46271197360960775,0.3722449345337241,0.584494774271876,0.7254475610639994,0.6778139140271494,0.7934543610069125,0.34179529714142787,0.28097501968813987,0.41807134783557076
5183.5,0.742421149331428,0.6614664645699129,0.7990909090909091,0.46230379976014224,0.3652328002904033,0.5785921660911217,0.7302325581395349,0.6732578065498858,0.7874544253030717,0.3400426260855709,0.28901462506182424,0.41321361565264
5188.5,0.7463050600655261,0.6665086887835703,0.8037546798242766,0.47136733160267796,0.38074614711458993,0.5818640181585647,0.7312382739212007,0.6650448474693215,0.7881909712363772,0.3446830150588983,0.28717102187313437,0.41435205885333765
5193.5,0.7463764733341114,0.6720192915876028,0.809674905637404,0.4774637079414716,0.3641441371250487,0.5869240399734702,0.7252906976744187,0.674264671983772,0.7945767433501078,0.3430780559646539,0.28515082611269577,0.426058201058201
5198.5,0.7461913231768618,0.679732057416268,0.8040473225404732,0.4773361416747328,0.36984219348914676,0.5791097487062333,0.7270384254920337,0.661679881840796,0.7866608383564164,0.3410427807486631,0.2837597028675434,0.4238671358286757
5203.5,0.7464101683270354,0.6877003484320557,0.8095568783068783,0.47451479802353425,0.3767193895699835,0.5804221767655691,0.7224779571739379,0.6665833333333333,0.785114780872879,0.34889777131782945,0.28090172196046054,0.4222292811252885
5208.5,0.7450980392156863,0.6783107456474291,0.8105454765360425,0.4795315383939296,0.3753732142407216,0.5924699292003958,0.7263681592039801,0.6699158415841585,0.7879848484848484,0.34535422720354225,0.27548214805270377,0.412388772420219
5213.5,0.7450980392156863,0.6828600897949278,0.8095354239256678,0.47092173527116166,0.37767356370992944,0.5876392136227276,0.7243878060969515,0.6564693325002603,0.7831373309209959,0.3468648065228681,0.282698735864073,0.40439745924576903
5218.5,0.7412797183727099,0.6807450286360397,0.8134415584415584,0.47101599699002294,0.37007308834663094,0.5977775710861823,0.7228945045756492,0.6634122192707076,0.78356001968592,0.34904701276983885,0.285204391945965,0.4023613973018156
5223.5,0.7440736995843164,0.6890534563376722,0.8093941431346182,0.46260952494486496,0.37817957652103995,0.5940805823413964,0.7250592417061612,0.6619338224155468,0.7816266715515662,0.3448119171803382,0.28580312481485554,0.40513131095902544
5228.5,0.7487391337405276,0.6783216136195411,0.8048015873015874,0.4670821249162263,0.36647841669815523,0.5960653058789211,0.7218246663598711,0.663335689878638,0.7805110336817654,0.3444663487988263,0.28895242966751916,0.4041360615925564
5233.5,0.7481987607473941,0.6807109496626881,0.8086910774410774,0.46493384587877706,0.35616031868623227,0.6002963776070251,0.7239583333333334,0.6681464174454829,0.7857142857142857,0.3400693042737636,0.27785731420287235,0.41065709937662165
5238.5,0.7523587004895416,0.6849336734693878,0.8096136567834681,0.45491781311416835,0.34904568283239784,0.5857963163596963,0.7270509977827051,0.6635469086987779,0.7801089108910891,0.3388063078837772,0.2737077929864835,0.4129919028340081
5243.5,0.75,0.6899772371603358,0.8121862307323595,0.4694861491844563,0.35969523514101676,0.6095186460256162,0.7234299516908212,0.6754873765652041,0.7783018867924528,0.3403357931866704,0.2682621653536736,0.4114154616240267
5248.5,0.7531273836765828,0.6925383925009971,0.8174475986975986,0.4787460780274459,0.3699470781251995,0.6209486690917487,0.7183782305483386,0.6666666666666666,0.7732540311921755,0.34394842070086085,0.263001914513735,0.4171732740698256
5253.5,0.7585569469290399,0.6984734995733384,0.8269495147130757,0.4978665256105087,0.3789109639302665,0.6351437038693803,0.722488038277512,0.6665857605177993,0.7824661266389354,0.3414984943816189,0.275406616843821,0.4227639296187682
5258.5,0.7673267326732673,0.7023686195624842,0.8300091022869495,0.5162052470164677,0.3949551305207521,0.6503891905361451,0.7177625657302572,0.6635901019940158,0.7689380418154003,0.3389327613594996,0.27413678358910115,0.4160471050866359
5263.5,0.7655102040816326,0.7061364042667303,0.8483727986673012,0.5240822652549457,0.4006602353585112,0.6698348218317828,0.7208121827411168,0.6580457997152349,0.7830517205852049,0.34024214170784967,0.27803614330111476,0.40908411732756295
5268.5,0.76781628439087,0.7012663952962461,0.858951077171416,0.5453096319196213,0.4221190038515406,0.6962334753632688,0.7225005636413737,0.6476868283545302,0.7806292517006803,0.33380097631862976,0.2687359458871319,0.4027308097014362
5273.5,0.7736750048585469,0.6949790640394088,0.8692242690552643,0.5590967600307333,0.4274871809222847,0.7087479768642874,0.7212228332024091,0.6681891025641026,0.7837056036069193,0.33977451812340886,0.2710068656637453,0.39589916188885604
5278.5,0.7747549019607843,0.6922283901665345,0.8696022727272725,0.5585605209825866,0.42298529133261786,0.7159173676877767,0.7202941176470588,0.6536488770828303,0.7808505893596687,0.33772097006539376,0.2650242389141825,0.3987714068935615
5283.5,0.7760733801717408,0.6863297150610583,0.8612134502923977,0.5463893684760743,0.4249721109477207,0.6892494824016563,0.7268204432383537,0.655537884348748,0.7887323943661971,0.33745932901919673,0.27549221873215307,0.3987709980794027
5288.5,0.7818937066120406,0.6751790558871406,0.8668006700167504,0.5237539148894532,0.409822798537165,0.6816246368564497,0.7261883164005805,0.6680136639676113,0.7872088969460327,0.336689094704416,0.27046033256072355,0.4036076225019456
5293.5,0.7817341458376368,0.6756615253997453,0.8604108228143992,0.4867843980444953,0.3843667336789758,0.6655769682125103,0.7247448979591837,0.6616687011166871,0.7909267431597529,0.33975624601042115,0.2707247302445453,0.403314174071807
5298.5,0.7717494089834516,0.6558960573476702,0.8632200460829493,0.4676719217060141,0.36529174613932325,0.6049985981758762,0.7242240646258504,0.6571961644078307,0.7832382605820105,0.34098818814596077,0.2668272706616265,0.406734058020132
5303.5,0.769843491894616,0.6548193135122069,0.8615107488778644,0.452536652777878,0.36221809613106987,0.5687827359334224,0.726827987781596,0.6629362147858205,0.7864438142843411,0.3357725284102453,0.27500189203302733,0.41350975412104196
5308.5,0.756837951753206,0.6542594360958939,0.8556349206349205,0.4390859519518041,0.35546922172329876,0.5550090606822174,0.722514071294559,0.6681891025641026,0.7918882243554305,0.33661305464112945,0.27625684291261204,0.40708644790742854
5313.5,0.7558265582655826,0.6374849939975991,0.8455386740331491,0.43217939229103475,0.35068030616673834,0.5287495662729506,0.7249338624338624,0.6665016501650165,0.7932964908802537,0.334723715702938,0.2704776057244539,0.4093196507712332
5318.5,0.7543201624083977,0.651886257093511,0.8308149276466108,0.41974016812971093,0.34377839367966306,0.5205179573426093,0.7302549751243781,0.6564892926670993,0.8000990099009901,0.3425359819198287,0.27306022570822736,0.4166639053514289
5323.5,0.7487560957496844,0.646024371667936,0.8263612565445027,0.4120036788104015,0.33753212857174236,0.5062713581153536,0.7333272842754741,0.6577411167512691,0.8019799795615012,0.33792317519307824,0.2687758226422449,0.4124332726162399
5328.5,0.7420260393978995,0.6431763285024155,0.834633643490763,0.40654031789174305,0.3349601309123947,0.4940567146635321,0.7301960784313726,0.6614889705882353,0.7968165854763792,0.3389665126883379,0.26142062058042786,0.417922657692874
5333.5,0.7442948717948719,0.6549633389734912,0.8403011394465545,0.4023710062431142,0.33154989960726866,0.4886571937952378,0.7294685990338164,0.6546086382957932,0.7934855982743306,0.34110691307707697,0.265898656417596,0.42008790140801017
5338.5,0.7397788902795162,0.6631550802139037,0.8337064676616914,0.39596283021420847,0.32498177283192636,0.4695886999990549,0.7295918367346939,0.652995227941923,0.792322963260793,0.34351230895108803,0.2673854020543916,0.4294300218444024
5343.5,0.749384236453202,0.6615998696643859,0.8307778046356726,0.38680213649509637,0.3186782040693746,0.4680991714316393,0.7314584198145841,0.6611273911273912,0.7914777964970279,0.34450422304262823,0.27266233766233766,0.42576212906677885
5348.5,0.7518749678943853,0.6779061804485533,0.8301897642323173,0.380505515989387,0.3094405594405594,0.45681469618127907,0.7268166960020115,0.6618321966467747,0.8001041666666667,0.34458214137187937,0.2683352125830002,0.4290500736377023
5353.5,0.7493169398907105,0.6684451053148532,0.831820652173913,0.37488461538461537,0.2982866800276715,0.45037659945887715,0.7342760313193877,0.6538012410221332,0.7907084785133565,0.34761330730224455,0.26662291495761553,0.42861862806796724
5358.5,0.7518989994237519,0.6701275420242154,0.8266114669582877,0.37019353691208023,0.2992950710479574,0.4442695495032286,0.7299303779482808,0.6565729047072331,0.7899028749028748,0.34838709677419355,0.27320021927975036,0.42863722766486323
5363.5,0.7550020008003201,0.6615344551282051,0.8196176008381351,0.36021044283369297,0.28451949029484636,0.4402253953212723,0.7277357316883521,0.6580593348450492,0.7910052399338113,0.35264669738863286,0.2658023635269144,0.43341717291907533
5368.5,0.7530068123091378,0.6756628787878788,0.824770214880139,0.34959273132654206,0.2817246288387228,0.4292672720017907,0.7270509977827051,0.6665869218500797,0.7957149735194993,0.34969775590445873,0.2720236978887579,0.43040038645188855
5373.5,0.7520197616971811,0.6715824287652646,0.81778135657446,0.3408757306057386,0.26501961975903826,0.42109517574770533,0.7282329988851728,0.6554005400540054,0.7962085308056872,0.34894147908443274,0.2715463514218393,0.4307617882954803
5378.5,0.7513519833961823,0.6746655128802502,0.8235294117647058,0.32969144264965927,0.2726154992548435,0.4103512718707466,0.7281829941788149,0.6565498737373737,0.7890227224910581,0.3514184542838992,0.27566069786211683,0.4381485577665914
5383.5,0.75,0.6768313172043011,0.806849943534726,0.3342266423295406,0.26401854263130314,0.4061442049285163,0.7270622895622896,0.6557552145768402,0.7942127597307579,0.3531035229179068,0.27195507723761925,0.4307673928563203
5388.5,0.7455869991594284,0.6759990626464616,0.7993409090909089,0.3322715408289773,0.26344817973600143,0.40837852879353614,0.7286833101678606,0.6582051672503934,0.7980319249715802,0.3513893235278778,0.28907667536505466,0.4273030076812761
5393.5,0.7405361162267239,0.6614499263996751,0.7991171711403008,0.3377236158729081,0.27374524586450116,0.42820540244751765,0.7249931041400236,0.6551549098547172,0.7969616714485397,0.3498749198389268,0.27947868741281917,0.4278305074227557
5398.5,0.7371134020618557,0.6680676561568806,0.7960199004975125,0.34597164337841113,0.2742104296731546,0.4409643765903307,0.7295176864715736,0.6585416666666667,0.7891015998906056,0.35177378558920813,0.27392634671938587,0.4228054216191971
5403.5,0.7357512953367875,0.6665833333333333,0.795496632996633,0.34493498829152636,0.27623239436619723,0.4348415389832598,0.7257587966693526,0.6650883536059765,0.7934465901940855,0.34907613889773814,0.27918359010270777,0.4375086565096953
5408.5,0.738577502899111,0.6683156242453514,0.7963210536739949,0.34810189469582586,0.2803305692514567,0.44313538374610173,0.7266171328671329,0.6559536906071559,0.7934465901940855,0.35008800817624347,0.27062206437709874,0.4268497995281239
5413.5,0.735435520361991,0.6743842364532019,0.8010396132544824,0.3553825341085718,0.2888311445138749,0.4538952589051024,0.7309506531204644,0.6650717703349283,0.7871973803071364,0.3434623240717424,0.2626881338414831,0.4343992638879247
5418.5,0.7368421052631579,0.6683601945451078,0.78982986997205,0.3570243994048221,0.2877955876056913,0.4497132796780684,0.7227740237184184,0.6666666666666666,0.7826424870466321,0.3393504983973794,0.25293869516310463,0.4362116497253111
5423.5,0.7368372838657964,0.6663333333333333,0.7905046197583511,0.36477263335751475,0.29127727380600665,0.45335805874459517,0.7272727272727273,0.6664939550949913,0.7843837535014005,0.33416001048246646,0.2658033243368159,0.42703674249911494
5428.5,0.7330097087378641,0.6785565169274108,0.7902921468775127,0.36269584251120335,0.29267715361389646,0.45845970761769206,0.7270384254920337,0.6537660386082533,0.7800957446808511,0.3333542102626072,0.27105426430407936,0.41563078267394743
5433.5,0.7318823666705567,0.668095354822895,0.7840093323761664,0.3650666162309454,0.2945982142857143,0.4562287501558668,0.7277486910994765,0.6581973972426234,0.7820324094020776,0.3296973662271004,0.2611940596063661,0.3982903348372113
5438.5,0.7363482384823848,0.6795760220896054,0.7830944438653185,0.3652053585307899,0.2993551868946093,0.45402696565427186,0.7340353260869565,0.6699224598930482,0.7972103106537068,0.3351724920517685,0.258795864040296,0.40635702054794515
5443.5,0.7336683417085427,0.6800470600676819,0.7836913373323924,0.36532179679221594,0.2976149967960986,0.44957197042258906,0.7284520428228097,0.661749387254902,0.7972049377759935,0.33440613790354723,0.26418786692759294,0.40421072181866563
5448.5,0.7329957870158875,0.6682903710553694,0.7916684618698836,0.36585365853658536,0.3005599214145383,0.4510800041789762,0.7372435697177966,0.6568238406473701,0.7934994582881907,0.33306896991747115,0.27078640501910467,0.4129747787745703
5453.5,0.7292663192213418,0.6615799381471024,0.7879848484848484,0.3623706439463195,0.2912875775989729,0.4513386724831209,0.7387512639029322,0.6683875548027103,0.8041777515026111,0.33400560163507187,0.2604179539492859,0.41392340431906616
5458.5,0.7277111513968297,0.6665016501650165,0.7825135563740536,0.35889474747845895,0.2766680346428167,0.44032876712328756,0.7375393277032621,0.6698333333333334,0.8088857210738892,0.33556311089549384,0.26267533137972393,0.4282081911591585
5463.5,0.727510709186102,0.6593120149992188,0.7841213950368879,0.3551901486144461,0.2855646970830217,0.4479794039631768,0.7443082760742488,0.6788323353293413,0.8236672355442421,0.34497683892374914,0.26951298701298704,0.42779342098456125
5468.5,0.732801811349841,0.6647899384533048,0.7917008196721311,0.35419091893912036,0.2701995251684693,0.44176763054732193,0.748660650336628,0.6767205017205018,0.8166710175194337,0.34888495720868995,0.2612414935939223,0.428699743370402
5473.5,0.7294685990338164,0.6560304232804233,0.78689854865232,0.35522362677852726,0.2783997632202052,0.44186215735725803,0.7449489795918367,0.6789080459770115,0.8261266487542744,0.34958586261945934,0.27875460549964054,0.42163942642586516
5478.5,0.7284393720305722,0.6635024852618194,0.7917546948356807,0.34621125143513204,0.2760515733890471,0.43602577224243166,0.751353883083048,0.6814747975644968,0.8357562244518767,0.3546948456161637,0.2782596248227724,0.42987496249731183
5483.5,0.7283633841886269,0.6569132100616358,0.7923830322281781,0.3481424802110818,0.27757343267459733,0.43900700064810894,0.7519240019240019,0.6824813258636788,0.8352486986697513,0.35340174256347423,0.27897441945077867,0.4339810645399122
5488.5,0.7268292682926829,0.6632884615384615,0.7944228971962617,0.3443694629250056,0.27434791356917293,0.4160198996873371,0.7518810839252827,0.6737857083483417,0.8300422885572138,0.35357578199936057,0.28475707702435815,0.4370345358770914
5493.5,0.726827987781596,0.660342783759755,0.7972623011468738,0.3398519141560891,0.2732894211576846,0.41908152575165536,0.7475304636239095,0.679636337293538,0.832537442053964,0.35696845176667247,0.2888763876387639,0.4302883895931761
5498.5,0.7363455809334657,0.6665833333333333,0.797293770176523,0.3365028290460782,0.2782353380311356,0.4084404026635141,0.75,0.6770649998629273,0.8147727927201519,0.3570456878500652,0.2797096064311111,0.43691916312632767
5503.5,0.7378595002357379,0.6743956367924528,0.8029593969249141,0.34302445349231736,0.2829973971752352,0.41092704498394966,0.7452984817115251,0.6612285539215687,0.8152705271008251,0.3516049324825845,0.2928885842112859,0.42655795596177815
5508.5,0.7398605541378054,0.6713397907411454,0.7960209424083768,0.3415113268919855,0.2836728119734364,0.4094009905533825,0.7369777536625068,0.6548586956521739,0.8119275228015412,0.35055126142739435,0.29312051863487804,0.41679133927835166
5513.5,0.7407493401114478,0.6767457180500659,0.79427025527192,0.3403630047237574,0.2805224984461053,0.416015270741918,0.7357679914070892,0.6585080390920555,0.8096893302775655,0.34854293131808634,0.28272291027133833,0.4135481124388504
5518.5,0.7400902668759812,0.680648604269294,0.7963981042654028,0.3440752039116419,0.28096171802054154,0.4121923519263945,0.7363339275103982,0.6598435960591132,0.8061304626562666,0.34735631233616376,0.28667509481668774,0.4135395262945733
5523.5,0.7437084250196019,0.6731660412757974,0.7963437564393159,0.3495841262550036,0.281708334989467,0.4219554871090741,0.7347887992406266,0.6580242705208618,0.8032390821613619,0.3446715439820649,0.2855625709273348,0.41193452538101516
5528.5,0.7408413945024424,0.6877896341463414,0.8048391248391248,0.3542635051130699,0.28941375414387244,0.4266944662995017,0.736720500373413,0.6562820512820513,0.8031447554354563,0.3464501505459831,0.281932421457153,0.40515480370252144
5533.5,0.7422548706483552,0.6682926829268293,0.8081912023170036,0.35839072706617436,0.2895635955348112,0.4345397308015001,0.7352248677248677,0.6681891025641026,0.7980305568245267,0.3403946088318345,0.27121310484154476,0.40389126316393764
5538.5,0.7377753701697364,0.6681456709500738,0.7994050452165634,0.35541989763952514,0.2891923076923077,0.42894288150042625,0.7320152746982016,0.6612395706145706,0.7911750769959724,0.34222133975541436,0.27887982504394027,0.40856796617161706
5543.5,0.7360758601240835,0.6696969696969698,0.8001913875598086,0.3544114480807087,0.29059001615949226,0.43445037256276453,0.7379796578825706,0.6664939550949913,0.7958637272383422,0.34453627180899904,0.27434660934458144,0.40230639126646506
5548.5,0.7347985781990521,0.6650798461051967,0.8051087443946189,0.35950328407224963,0.2892666020562953,0.4258943419168266,0.7408390738614619,0.6718503543975243,0.7935568635694765,0.344507816723365,0.27603449243212214,0.41819198997468093
5553.5,0.7330097087378641,0.671256038647343,0.8000452488687783,0.3585810025056647,0.2923245668872486,0.4255990962248875,0.7377112135176651,0.6683600713012477,0.7893336901257694,0.344476559246247,0.27369990070956335,0.4196583634255112
5558.5,0.7321903242955875,0.6728401623502126,0.7923121772447109,0.3608842191591609,0.29814741827262636,0.43346641226650623,0.7353756476683937,0.6746465184396219,0.8095476190476191,0.34113560857746905,0.2779510273008725,0.4276687685223759
5563.5,0.7276995305164319,0.6697411003236247,0.7972151669085631,0.35985012489592005,0.2981578348584596,0.4404301370069748,0.7314611154752553,0.6578877005347594,0.7887430108287918,0.33649299379636455,0.27062667422213066,0.4151661743660047
5568.5,0.7255813953488373,0.6633165829145728,0.7917472197456711,0.3642070471368757,0.29832317483202164,0.44091166581982894,0.7270509977827051,0.6723085780080599,0.7989715989488579,0.34055906367533356,0.2735035188739603,0.4172483760042228
5573.5,0.7255400109369303,0.6650706090026479,0.7925120772946859,0.36074944110954865,0.30279759392685174,0.43543374267828555,0.7333333333333333,0.6775489431739432,0.8009502251774304,0.3454099986815753,0.2839520448971166,0.435102409833066
5578.5,0.7248780822858714,0.6696949113516003,0.7934754947128252,0.3620344827586207,0.2916624916499666,0.4444853634426051,0.7294685990338164,0.6648437095018402,0.7981240573152338,0.3472586016327198,0.284283966966027,0.4444723498672963
5583.5,0.7251184834123223,0.6631828488971345,0.7820662529926222,0.36483589892535584,0.29070325900514576,0.4410092727584279,0.7312376795268938,0.6539460618370571,0.7864741710936068,0.35244791666666664,0.29086864823383446,0.43434738460859257
5588.5,0.7254901960784313,0.6584962734633787,0.790305167032713,0.36585365853658536,0.280248552874541,0.449173210082301,0.7292202808253194,0.6697378401441167,0.7972771180432471,0.36176203035985627,0.2900422930880128,0.43736555943802463
5593.5,0.7270243417784401,0.6650221299792453,0.785114780872879,0.36584470575296263,0.28309797771155154,0.4509098484315221,0.7317694488747121,0.6721066797161732,0.7861444074961977,0.3642454489823381,0.3007675868435362,0.4421435793731041
5598.5,0.7232534994915731,0.6665820642978003,0.784366331898613,0.3620656112912455,0.2850459786892424,0.44106135981451283,0.7312229742432788,0.6665820642978003,0.7875914423740511,0.368625703219276,0.28941176470588237,0.440573453264293
5603.5,0.7270509977827051,0.6582051672503934,0.7822186377108086,0.36099750252799373,0.2868942743043463,0.4387731163799313,0.7268405600722674,0.6548586956521739,0.7906158424908424,0.3688520459584761,0.29536676583085425,0.4351365527824089
5608.5,0.724313863476425,0.6647483093368237,0.7805331820760069,0.3563857470873374,0.27803703264148116,0.4472963207713116,0.7358959522369217,0.6682343234323432,0.8019521570988583,0.3642124403846112,0.3030622792660867,0.4434712396639012
5613.5,0.7268518518518519,0.6681470633974392,0.7830345911949685,0.356875170769269,0.2844713811428773,0.45507665013874354,0.7314133235185867,0.6712909641758598,0.7870370370370371,0.36028658152002524,0.28927264409881065,0.4472093928615668
5618.5,0.7226301577526173,0.6718762718762719,0.7800186915887851,0.3546559646489632,0.2864924165497544,0.4401334768885874,0.7268439108061749,0.6649312937516204,0.7862790697674418,0.3542706153763614,0.28725363543012356,0.44403552799533536
5623.5,0.7268204432383537,0.6595963075227336,0.7836008650726901,0.3566499260143483,0.2864069687245285,0.4443630623957244,0.728447563996697,0.6632525456337103,0.780911256700417,0.3542372539528881,0.27772657636278697,0.43951348904080234
5628.5,0.724131236653077,0.6665064102564102,0.7879079254079253,0.3582903758570642,0.28756326204744365,0.44705896836817877,0.7288690476190476,0.6519827998088867,0.7943304007820137,0.34814553733259423,0.28522527101340384,0.44521478359539635
5633.5,0.7248853211009174,0.6630952380952381,0.7841387000849617,0.35125060125060126,0.2842172659417975,0.4290519918433714,0.7282051282051282,0.6581097560975611,0.7884025832555245,0.3494940462612346,0.28109482590302637,0.43587533156498665
5638.5,0.7264150943396226,0.6571288515406163,0.7821997417133018,0.350405280850141,0.28590446022812777,0.42958053817619885,0.7291410791779251,0.6597982901415976,0.7898195170525267,0.34586261755643716,0.2821151366683858,0.440295964429963
5643.5,0.7286833101678606,0.6601893921277919,0.7862106135986733,0.35875173515622955,0.2922328725466594,0.42512528871852656,0.7246376811594203,0.6491640940910475,0.7891288238427158,0.34621536168282274,0.27410214085634255,0.436540232508717
5648.5,0.7254393985573504,0.66828231292517,0.7853415911122462,0.35668389847834336,0.2917986075545721,0.4282294842412901,0.7266334730957372,0.657188265157131,0.7850978751104292,0.3456954567511531,0.2802562875832089,0.42245115995115995
5653.5,0.7228884860317017,0.6696969696969698,0.7897744611863438,0.3609731647842759,0.2877832662504195,0.4372723704866562,0.7233475067645923,0.6566186922530206,0.7840880171997718,0.34779815215505827,0.28026899987493226,0.42717134997052464
5658.5,0.7259615384615384,0.6682680915056507,0.7944738922211373,0.3606461332440576,0.29702805096972434,0.4440393493549639,0.7204046272231566,0.6613062087458746,0.7968930011520737,0.3481095770340561,0.2807920283966985,0.42270342729551813
5663.5,0.7258883248730964,0.6665869218500797,0.7819495837187789,0.36223536005496193,0.29848123712571273,0.4529206380081696,0.7224972497249724,0.6496118244252015,0.7900287958115183,0.34884789503646074,0.2765672223847129,0.41779225929538366
5668.5,0.7246783911415079,0.6650448474693215,0.7887884615384614,0.36941718674519486,0.28816241230034334,0.4725329280648429,0.7272727272727273,0.652783011461768,0.788499245852187,0.3504619412096168,0.281999021504659,0.4138056274526175
5673.5,0.7346293604651163,0.6596705435907545,0.7841050871438677,0.37559272918861963,0.3012373556092149,0.4890421602787455,0.7228945045756492,0.6601893921277919,0.7923766309991421,0.3460234189322358,0.28267809678580774,0.4147370865558234
5678.5,0.7336702559934987,0.6596745436536012,0.7880501713428999,0.38967273990389784,0.298830782651791,0.506863265256905,0.7261089346644762,0.6555023923444976,0.7934347676271698,0.3504045149083317,0.279436940188009,0.41334115435053953
5683.5,0.7336566007608134,0.6711904761904761,0.7874907097733185,0.40020087860321985,0.3199090909090909,0.5193732943598282,0.7263587965828897,0.6630952380952381,0.802073164779383,0.34297668858338315,0.2759035509446694,0.42955561978091045
5688.5,0.7385543920884234,0.6747514748919962,0.8000510204081633,0.413976197741837,0.3314693210132891,0.5422025138417573,0.7250639386189258,0.6514160294534126,0.7905820041397784,0.34266144814090016,0.2762046120773891,0.4194317507044902
5693.5,0.74194465035829,0.6701443602907539,0.8019521570988583,0.4397470507807581,0.33592813158321183,0.5624131341370534,0.7272727272727273,0.6613854166666667,0.7892787114845938,0.34579397760191793,0.27995348837209305,0.42250668911574446
5698.5,0.7406468531468532,0.6749820574162679,0.8061400411885847,0.45369493993447396,0.33505903723887376,0.5901988261276615,0.7266171328671329,0.6633638489477088,0.7992237975592247,0.34345801232687756,0.28461131298449616,0.4209909762217026
5703.5,0.7420084659173843,0.6698333333333334,0.826885731370483,0.49102416570771,0.3535657154860393,0.6308897554058843,0.7256892604757639,0.6598571428571429,0.8000485436893204,0.34277036654874216,0.28148244151362395,0.4288201787080795
5708.5,0.7548076923076923,0.6745540575576873,0.8534972343709801,0.5193315671634953,0.36519952084826135,0.6501048749298233,0.7257667888759725,0.6631209087408548,0.7989962065228101,0.34456088000773094,0.2839173588656182,0.4171097342586575
5713.5,0.7558184849206521,0.67,0.8842572062084257,0.5526974777769749,0.385298257233928,0.7078650526170988,0.7270509977827051,0.6613122459349594,0.7980791802094619,0.34670005519175406,0.28133269498607244,0.4245044470022626
5718.5,0.7744537857430528,0.6649255729278217,0.9020496976945053,0.5814699190411451,0.4152461690966916,0.7313892921960072,0.7279390560415264,0.6566636158828499,0.7931029018968716,0.3472695375451337,0.285179479683046,0.42732015188314576
5723.5,0.7931997688306685,0.6649645246885094,0.9032735247208931,0.5919897145285935,0.4323420925163932,0.7279683533311407,0.7268305344889852,0.6630347593582887,0.7860890858208955,0.34960056976507103,0.2827343862167983,0.43859502636092224
5728.5,0.8,0.6861041263700839,0.9222743192859564,0.5766288047265782,0.42185256732218057,0.7200465116279069,0.7238839285714286,0.6650656044985942,0.7961254944264653,0.35169485223030356,0.2886799471714726,0.43819517496196475
5733.5,0.8251984126984127,0.6775226651763537,0.9254888428801472,0.5263172839506173,0.4023880758247539,0.7046247227969324,0.7214271110202413,0.6663382594417077,0.7857467532467532,0.35379189880543394,0.28262694752056455,0.44384309629431334
5738.5,0.8391934877039368,0.6855275245565684,0.9497916193074183,0.5152315449647473,0.3744945969528157,0.6770199257939997,0.7272310793476269,0.6718592275619925,0.7811307100859339,0.3566366125490984,0.28746056746793575,0.4428533919937117
5743.5,0.8571428571428571,0.7033139534883721,0.9588937165775401,0.501791109075737,0.3689909358056372,0.6361583585460266,0.7314196962724344,0.6630347331240188,0.7887430108287918,0.3509919112923846,0.2941144303648353,0.44511830084072984
5748.5,0.8753531073446328,0.7497781065088758,0.9718124904565583,0.5209022985913799,0.42085503192459717,0.6290107503410641,0.7315943992773262,0.6600375212927582,0.7864018901890188,0.3564965103067684,0.2912438317317479,0.44670292235442977
5753.5,0.9057713651498336,0.7687116006834624,0.9698974469305794,0.5345947820725269,0.4127200616142198,0.6561357135436247,0.7342936520906778,0.6544200563834072,0.7892285861713106,0.35345318011150306,0.29537253983130274,0.44850615766952845
5758.5,0.904073209513177,0.7814772727272727,0.9740901074234407,0.520317979892448,0.38773840377861213,0.6559914347318655,0.723958577936411,0.6665857605177993,0.7882684729064039,0.3537969343270989,0.29022925030004554,0.4299253478933127
5763.5,0.8847319347319347,0.778577817531306,0.9632449605609115,0.4787018581624124,0.3677742468149272,0.625237816513449,0.7283633841886269,0.6648642962339575,0.7839195979899497,0.354211615996513,0.28805861873930716,0.42038605805297474
5768.5,0.8690853204172876,0.7736904761904763,0.9428661844484629,0.43630295586340206,0.3446918784620398,0.5715897377329534,0.7345344387755102,0.6633424939883202,0.7936073536931157,0.3503766576072527,0.2941148749792094,0.42764253215617803
5773.5,0.8502577319587629,0.75635061290799,0.9081436781609195,0.41161801378905677,0.3213437070636728,0.508710260384307,0.7363129874953571,0.6618247694334651,0.8060181764445101,0.3539214486724581,0.29174799161914156,0.431033596265609
5778.5,0.8296078921078922,0.7421882762046697,0.8901399147300786,0.3970338091628635,0.314581445512568,0.4645365399121445,0.7355227064919232,0.6648196678775299,0.8158629441624365,0.3585676379979743,0.28698579210998576,0.43442690368042985
5783.5,0.8153021442495126,0.7245783546579254,0.8829922237822659,0.3884222686512536,0.3138621526330695,0.4539613658393542,0.7327868852459016,0.6616813966966096,0.8177320075757576,0.35776955399845506,0.28272139322781975,0.4506431017828408
5788.5,0.8031501488259287,0.7118952684742159,0.860210690493814,0.3798928492312733,0.31102303362960715,0.43609811242525603,0.7349123677248677,0.6502111650485437,0.8151628733140655,0.3632261841025912,0.2907107583342013,0.4500756550412675
5793.5,0.7896232057416268,0.7153989740284157,0.8438352272727272,0.37309350638395106,0.3125830032285394,0.43970103855974935,0.7444868942837799,0.6716970915841585,0.8197599531615924,0.3643951819608833,0.29123146383556486,0.4499360639085919
5798.5,0.7810234541577825,0.7043241822106604,0.8434644611250116,0.3732417436170431,0.30295722818744225,0.454295487912303,0.7439775910364146,0.6699665906971926,0.8214738941261783,0.37061625526106245,0.2913530762393838,0.4466965698015997
5803.5,0.7663297440065013,0.6984688292949899,0.8266934433347807,0.3716137452295956,0.3022760774306197,0.4453545673076923,0.7373685822190467,0.6664251207729468,0.8265662650602409,0.36876038432527447,0.29919869312881797,0.44406738163176473
5808.5,0.7561582332241232,0.6956195652173913,0.8131213959037582,0.3716597788692473,0.294885879535244,0.4553050769536728,0.7423461418306779,0.6747915415114741,0.8121886725559134,0.37584783687345535,0.29490294651584975,0.45481048249221395
5813.5,0.7505980861244019,0.6919918246005202,0.8076923076923077,0.3662753772556714,0.29066093196161497,0.44287357876480726,0.7352248677248677,0.6665151515151515,0.8158163265306122,0.37304140937912417,0.2989800577875403,0.46244572601334016
5818.5,0.7432804055669807,0.6887163088168113,0.8029729427549195,0.3651502154196104,0.295859962616404,0.43637203884845394,0.7369664385793417,0.6573707479161974,0.8117587349075756,0.3757457587695707,0.3014737436476567,0.4562176511693404
5823.5,0.7389982110912343,0.6747350138060034,0.8036765052017134,0.3684428914610177,0.29406020220588236,0.4496187898622096,0.7328282828282828,0.661157119852772,0.811683149117704,0.37589518420661683,0.30196213425129087,0.45102684332497783
5828.5,0.7414044289044289,0.6760941668469248,0.7945454545454544,0.3614908429933466,0.29373641304347825,0.4477001715265866,0.7321902921999517,0.6495555339664343,0.8142930780559646,0.381605222734255,0.3089990770527331,0.45265668458632563
5833.5,0.7379796578825706,0.6682020934181514,0.7886312217194569,0.3589451309869449,0.29002729404437816,0.4412724338980956,0.7324717765894238,0.6552651232262883,0.8125167112299465,0.38103026702858644,0.3099815517838046,0.4612849699000454
5838.5,0.7328524707674386,0.6712755102040816,0.7877140974967062,0.36193631272013393,0.29209537572254335,0.4418714688585811,0.7352941176470589,0.6548081395348837,0.8085373676895113,0.3837469384358799,0.31170443937747716,0.46771812404472685
5843.5,0.7365853658536585,0.671279665762157,0.7972634738647648,0.36653802536567304,0.28838386543818295,0.45208202421348076,0.7323160151066652,0.644811944381126,0.8106862745098038,0.3810127931769723,0.3095302830750356,0.4641049078218871
5848.5,0.7378258995906055,0.6744066278549037,0.7947181460650399,0.3644852422718796,0.2826260569996868,0.449994038419077,0.7364387738725726,0.6567912235596587,0.8163731482440693,0.3824588514553058,0.31727020139997547,0.4712633059364591
5853.5,0.7440758293838863,0.6795252987303958,0.808316824138982,0.3583044098097363,0.3040365733922435,0.45143679360256417,0.738688897309587,0.6494571177889888,0.8214285714285714,0.3862737851893769,0.32276661606104223,0.47652787106618905
5858.5,0.7524040684234858,0.6817272727272727,0.8149416539827498,0.3651846833407919,0.2954158721809455,0.45538150093685614,0.7433352402745995,0.6594834452156104,0.8185662596110357,0.3945442065671073,0.3103448275862069,0.47579060450540883
5863.5,0.7607539315448659,0.6817852437417654,0.8219386690772547,0.3651855592022216,0.2982581146062913,0.4523408158070017,0.7525123103205709,0.6683392572619193,0.8293680455279027,0.3957836810986741,0.31222200794916716,0.4893269882604853
5868.5,0.7715736040609137,0.6965269086357947,0.8293838862559242,0.36799247957926295,0.29881850983064473,0.44507433150507547,0.7657393292682927,0.6732018439939232,0.8369935124061006,0.40364958345111995,0.334045647927628,0.4871342261836392
5873.5,0.780547263681592,0.7039029317310681,0.8385159285159284,0.37219872327380676,0.29781697542785834,0.4380866285609155,0.7704550517990421,0.6801037844901242,0.8527027027027027,0.41230156508105387,0.3377899175771516,0.4995097199786135
5878.5,0.7914644012944984,0.7112229313260241,0.8543734901317288,0.37636343625152757,0.29289714053394766,0.4447817694653528,0.7853571428571429,0.6580508009655475,0.8641304347826086,0.4199330498700868,0.3423165431240221,0.5071993664607536
5883.5,0.8142701525054465,0.7215773730035788,0.8718559218559219,0.38071206853401945,0.308729502305242,0.45214340613234516,0.7829710144927536,0.6894559585492228,0.8696767001114827,0.42363147009463586,0.34695562738759916,0.5090054633059353
5888.5,0.8246155111440086,0.7442156747891283,0.8812601682703481,0.3798570853273645,0.3172455743270552,0.45790352569374865,0.7857049829387096,0.7078039402925064,0.8783475783475783,0.4277711886970563,0.33427714459277685,0.5127338419399439
5893.5,0.8320105820105821,0.7608630221130221,0.8909452188799216,0.386461196061382,0.3150003023935827,0.455794344506445,0.7887585812356979,0.708904089567073,0.875,0.4289178889017208,0.33179965817707613,0.5262941382844798
5898.5,0.8498484957795254,0.7727952704468253,0.9111356660527931,0.39956779106620005,0.3267791530880193,0.4633991640717366,0.7862997658079625,0.7088227513227513,0.8795962227287528,0.4169064984289242,0.3253980377619275,0.5179315345921263
5903.5,0.8648794919901861,0.7808096485271769,0.92489843104872,0.41749289589787175,0.33223867117428973,0.49885849909584074,0.7793554983837985,0.7005367231638417,0.8618141396176078,0.40190820737240585,0.3148778808739898,0.5028795105265693
5908.5,0.8908045977011494,0.7908568738229755,0.9548022598870056,0.4535849132959673,0.3542199407111837,0.577380538492972,0.765505115089514,0.6944481763447281,0.8616473817714306,0.3777466409959507,0.2845917604745668,0.48465344779003683
5913.5,0.9144599303135889,0.8042554565413923,0.9811379716981132,0.511997226074896,0.39463958707360863,0.6324503273890567,0.7632800339606622,0.679033319621555,0.8563628899835797,0.35318456839075396,0.26794696213446195,0.4608291190292843
5918.5,0.9435731132075471,0.8009209744503862,0.9819552845528454,0.5568034705021007,0.43301440004150005,0.6504846957991914,0.7527449925639971,0.680649974052932,0.8378132160544015,0.3436420286278381,0.27993755917226454,0.4364240657204679
5923.5,0.9310253699788583,0.7926483772637619,0.9819692563356875,0.5530470004378922,0.4493987115246958,0.6338794363256786,0.75,0.6649676465666313,0.8277163305139882,0.34630990606628553,0.2681224191625976,0.4173870009897723
5928.5,0.9069641649763354,0.7629770382908057,0.9801580858790857,0.5222544004145748,0.40825888527538334,0.6168105207353912,0.7540983606557377,0.688435710053328,0.828579321231255,0.3566565008025682,0.2722296576143121,0.44103567308220554
5933.5,0.8512132822477649,0.7457365607365608,0.9592592592592591,0.4707055123007188,0.3371844198774611,0.5840976418543231,0.7630670611439843,0.6933824997504243,0.8308263574003022,0.361178476267895,0.282563087339728,0.45837991431467584
5938.5,0.7947860962566844,0.6850711535241922,0.9213414634146341,0.39877821880426695,0.2796639940253079,0.5210338509354814,0.7728413243877161,0.6946938775510204,0.8432685810810812,0.373288041617841,0.2958701039549736,0.446272251582858
5943.5,0.764262488915164,0.6805540778900804,0.8562874251497006,0.3417162420024694,0.24693977295851624,0.46102943173820526,0.7729895539711491,0.688728269085412,0.8470132297958011,0.37357037324097175,0.2876820677509583,0.4549024977965922
5948.5,0.741070163004961,0.671783788071066,0.8171591095105581,0.33131835404036614,0.25126341175710176,0.4237859056768801,0.7739403230843482,0.6896325847123719,0.8414285714285714,0.3670993929642361,0.29680955043128604,0.43200505050505045
5953.5,0.736188001355779,0.6768398096748612,0.8020974733359949,0.34235273056591053,0.2681683233638283,0.42913644202879603,0.7692307692307693,0.6881899415740635,0.8375354143801526,0.36529701522360486,0.30219692996654035,0.43226269757338437
5958.5,0.7350946452070048,0.6793939545591032,0.8009926398322669,0.34905251381022306,0.2739909970309357,0.44157559198542806,0.7666749011857708,0.6924788572607261,0.8431148857686814,0.36267114033507475,0.3028348116456225,0.43036776977318353
5963.5,0.732813906390639,0.6702592948278228,0.7930328282828283,0.3502093447111589,0.2853205128205128,0.4395476127670799,0.7604166666666666,0.6886957090528519,0.8353319361051319,0.3642174297157664,0.29854426767173425,0.43101472802559754
5968.5,0.7347992059856467,0.6719535383597883,0.8019427006639283,0.35369181704412417,0.28407763886318127,0.4437842059900883,0.7573996419725839,0.6793169793169793,0.8316256157635468,0.3592911670119703,0.2952439538807649,0.43367532350195254
5973.5,0.7357451722933956,0.6721246246246246,0.7894736842105263,0.35350320078736847,0.28400770254849755,0.4430277593085106,0.7461913231768618,0.67,0.8220993193069306,0.36219522781953023,0.29404084671033587,0.4359512132713548
5978.5,0.7297248283199536,0.6730906264945002,0.8010238603988604,0.3505149464014286,0.2788373323923783,0.4413396152060218,0.7452376632801161,0.6746258278926155,0.8168554836252856,0.3575445367277542,0.2934331974192399,0.4363362274159545
5983.5,0.7268405600722674,0.6699928229665072,0.7980722128959463,0.34681133228559297,0.28164335664335666,0.427977335800185,0.7418597607148266,0.6649482904178979,0.8064577168222171,0.35620970002803476,0.29101656433819734,0.43832004233346356
5988.5,0.7275450689289502,0.6751790558871406,0.7796461242176215,0.3447796623924687,0.268645887852154,0.4300127742353499,0.7342760313193877,0.6565043640286359,0.8077611502347417,0.3550191946418362,0.2896465250484049,0.4386753384898262
5993.5,0.7299289099526066,0.6681509900990099,0.7903302611367127,0.348257756915901,0.27020769222933855,0.43292599840545043,0.7330097087378641,0.6591141260973663,0.8043935926773456,0.3535067176137064,0.28667825206091935,0.4275420823167649
5998.5,0.7250592417061612,0.6573081484481212,0.804476969436074,0.3449999208723037,0.26201298701298703,0.4245058102413484,0.7301162790697675,0.6587839073453216,0.8028918997668998,0.35139921722113504,0.28907036065498876,0.4256516789982925
6003.5,0.729064039408867,0.6633084185680567,0.7905524861878451,0.34234873221840484,0.26740589463912745,0.4329396941879904,0.7294685990338164,0.664998730964467,0.7973651337096326,0.3537655771242091,0.2885753568155035,0.4265667354749608
6008.5,0.7272727272727273,0.6631442535545023,0.7910852974944282,0.34314280017952237,0.26745558560317734,0.4333678592595969,0.7294609296570401,0.667965258025193,0.8002010050251256,0.355482117147064,0.28434312773190873,0.426514857523007
6013.5,0.7310482712383871,0.6681509900990099,0.7911477097272258,0.35344751866491,0.28329153533266194,0.4240594463687307,0.728416149068323,0.6565578865578866,0.7962096695106403,0.35086719875163996,0.2794832758362082,0.4280752121030107
6018.5,0.7265720577440666,0.6696183533447685,0.7925015501815927,0.3509820254133447,0.28279396994820694,0.42678856628949746,0.7272727272727273,0.6697044334975369,0.7952135693945772,0.3545377781734502,0.27771867612293144,0.42427977623760565
6023.5,0.7295918367346939,0.6698274561094623,0.784366331898613,0.35144555454988513,0.2833626331417766,0.4278837286255717,0.7369777536625068,0.6665765765765765,0.7955970233397226,0.34946329507633844,0.2801637602566454,0.42726879239802334
6028.5,0.7328524707674386,0.6730051664753158,0.7857142857142857,0.3533517115795597,0.2919954839886872,0.4306281050843561,0.7378640776699029,0.6633881858426866,0.7993011855905152,0.3471685588673832,0.28247625461678666,0.4239714573972142
6033.5,0.7314751286449399,0.6696531662564332,0.7873505933578075,0.3533573806881243,0.287881892523052,0.4286003470213996,0.7321903242955875,0.6514530551415797,0.7917572463768116,0.34349401298954885,0.28100280241337244,0.4221715452688904
6038.5,0.7349456370225815,0.6633140190749667,0.7847580280416101,0.35803511883386707,0.28502177734173784,0.4382757382830234,0.7340163504873702,0.6632389890629619,0.7892156862745098,0.3397045220517654,0.28515138850190397,0.4200222588623248
6043.5,0.7338428999785822,0.6666666666666666,0.7890696799505549,0.36115775990891624,0.28293380230880233,0.44087469689137676,0.7300793650793651,0.6695343680709535,0.7952380952380952,0.3408388157894737,0.27819820223154107,0.4059220825331246
6048.5,0.7379707596927917,0.6681891025641026,0.7929541897851757,0.3607419922023115,0.2906011514258937,0.43738755310296495,0.7261020571733903,0.6680616118606679,0.7938618709895304,0.34142136248948696,0.2805258201815511,0.4031560179398573
6053.5,0.7322895418711064,0.6756952544662042,0.8000943396226415,0.3602947896261389,0.28702746659380407,0.4432133361532418,0.728964613368283,0.6578804347826087,0.7872443211018605,0.341993621178037,0.2702045076082519,0.4134796135288778
6058.5,0.7403810580836108,0.6722789963443004,0.7990909090909091,0.35862386351917724,0.2911844694468597,0.4393446011230731,0.7298136645962733,0.6633638489477088,0.7990909090909091,0.34296027917698285,0.276782596728531,0.4134752872130551
6063.5,0.739356884057971,0.6716573246920068,0.806968773800457,0.3583188559778317,0.2869487908961593,0.4324132493252444,0.7277227722772277,0.6630383115037847,0.7947560975609756,0.3378849009417373,0.2769465788365422,0.4055057615795075
6068.5,0.7378640776699029,0.6751736018375087,0.7969806660420746,0.35615721355157975,0.2849350358422939,0.43023477877794214,0.7272727272727273,0.6683133123738915,0.7942954545454546,0.33691193032815214,0.2777729719338716,0.41443586379629077
6073.5,0.7361795085486273,0.6770706300813009,0.798994708994709,0.3449136575771248,0.2726413292589763,0.43026018643090524,0.7247527030135725,0.6613301341208319,0.7854251502811712,0.33857776402640266,0.26996888123508267,0.4168406342731392
6078.5,0.7320834038711134,0.6700900900900901,0.7980310880829015,0.33690339824360443,0.266289697412162,0.4186107288340856,0.7266221813161527,0.6701004762153958,0.790858843537415,0.3364038111399834,0.268749688580061,0.41455851063829785
6083.5,0.7307672075958023,0.6574061481796288,0.8032883251500272,0.3304635920294283,0.2754974271012007,0.4077084253913522,0.7274977497749775,0.6711267605633803,0.7895522388059701,0.3444157770976411,0.28281061734696905,0.42648805921897925
6088.5,0.7346308893927942,0.6628987702726786,0.8029967948717949,0.327515962298571,0.2705815533714035,0.3984795176366854,0.7279390560415264,0.6765239337294112,0.7875953954924833,0.345685197555605,0.2782917813110416,0.42677309439676925
6093.5,0.7410246968780411,0.6646999200548196,0.8000966183574879,0.3319423853421835,0.26474371594619406,0.4008493672422687,0.7314123825317855,0.6718709935897436,0.7893283616764241,0.35082185470642424,0.2804136908772403,0.4231233727575261
6098.5,0.7535197685631629,0.6772246272246272,0.8102761341222879,0.3371530891619501,0.2663898589333039,0.41999549244985346,0.7301249883839791,0.6796023598271937,0.7962995820979152,0.351231103695839,0.28092253918938004,0.4184905388499905
6103.5,0.7540106951871658,0.6948088235294118,0.8063094954783436,0.3478900756605321,0.2686912562172653,0.4261880316215576,0.7272727272727273,0.6796116504854369,0.7867801573817401,0.3527799079360445,0.2870899223465795,0.4136905959782796
6108.5,0.7558831672203765,0.6960628089560918,0.8182921447484555,0.3570532227470525,0.2808106249600205,0.4351771453438363,0.7294685990338164,0.6736683417085427,0.7881970443349754,0.348159060209019,0.28942395334104926,0.41701515645371573
6113.5,0.7592107814620903,0.6938371388159223,0.8210994764397905,0.35384732291948784,0.2825119449469032,0.44159581313836627,0.7306783119339106,0.6788826998689385,0.7838800208412277,0.3510090225861449,0.2789388888888889,0.4169926983630971
6118.5,0.76,0.6911587098607559,0.8224270653204663,0.35741995477485744,0.28191773732021647,0.4419851122354485,0.7268439108061749,0.6683404646997363,0.7867498005724743,0.3479796428728118,0.285519389294052,0.4242129056563156
6123.5,0.7569476550059074,0.683740932642487,0.8184185606060606,0.36028907731453713,0.2757426929637649,0.44516960569108666,0.7301162790697675,0.6805300401442472,0.7929887106357695,0.34626120029439106,0.2898811671908027,0.425043072165599
6128.5,0.7518989994237519,0.6739336422503417,0.810079388415172,0.355619650112999,0.28865650052963787,0.4431963204736204,0.7287565689854814,0.6699483476015112,0.790204526578073,0.34761619155141593,0.28655748192694,0.42214686945231966
6133.5,0.7481825430326907,0.6753859232471529,0.8061809098639455,0.3531623175586024,0.2882770664047633,0.4402704890668234,0.7308668488871535,0.6684158415841583,0.7913624906646751,0.3469336128076326,0.29206635929213554,0.423014116918175
6138.5,0.7444888565891472,0.6765360696517413,0.8044530154277699,0.34968860303036864,0.287505171876793,0.4468914103850278,0.7349418604651163,0.6665064102564102,0.7919703626140994,0.34431993297847796,0.29597941808703304,0.42163885599362966
6143.5,0.7432185197833829,0.6715597014925374,0.8140985414879274,0.3545147192985322,0.27955071573676005,0.44083736215123065,0.7364413572001068,0.6712729844413012,0.7952173388070515,0.34367669785888977,0.29349757089971207,0.41562049062049056
6148.5,0.7406406406406406,0.6729206138688898,0.8040408055113938,0.35535587673847835,0.2813393518254827,0.43616297500926343,0.7377968163308477,0.6715510022504841,0.8,0.343355663969611,0.2907471730517578,0.4283395741018786
6153.5,0.7372329338196977,0.6731118137991811,0.8019323671497585,0.3558578714136306,0.2816266963275714,0.42864476032749604,0.7451905290418054,0.6854991861096039,0.8028881678666162,0.3441890495867769,0.2855508306162001,0.41962599099539966
6158.5,0.7372081954090133,0.671859681372549,0.7963534614082599,0.3503087326680693,0.2812453265204387,0.44813857690596104,0.7531273836765828,0.6820283199387677,0.81124297545105,0.3473963924640485,0.2776003226350639,0.4153430158571424
6163.5,0.729413198599477,0.669870287397579,0.7835960669799699,0.3491537895511405,0.27455963848700116,0.46106327985739737,0.7512832662086393,0.6820396270396271,0.8215187590187589,0.3462068430403048,0.2842294284400858,0.41946998284734127
6168.5,0.7290816326530611,0.6647923533289387,0.7847228381374722,0.34985972025967116,0.27405551665791467,0.44359560251069685,0.7558899801368352,0.6821770833333333,0.8342423657810605,0.339180602006689,0.26926369827396135,0.4137316016396576
6173.5,0.7307692307692307,0.6666666666666666,0.7917059748427673,0.3540828741503439,0.2754276399356423,0.4344750362456539,0.7572254335260116,0.6704873949579832,0.8391050464072776,0.3311214245455827,0.2623009861391949,0.41087187300609435
6178.5,0.7297342995169083,0.6664912280701754,0.7945904389152921,0.3492211252690193,0.2678352515706668,0.437011854812385,0.7617917409795583,0.6782685881370092,0.8344413154983404,0.3262344417081079,0.2559673366834171,0.41496966499604326
6183.5,0.728893721832093,0.6634336144683071,0.7879456327985739,0.34615384615384615,0.2816298342541437,0.4408557766120777,0.7758098223615465,0.6826765325351956,0.8495747696669028,0.33315881326352526,0.2377582385354216,0.4188146684775898
6188.5,0.7301956441491325,0.6632932578972184,0.7872722772277227,0.35042299327846294,0.27732816940875066,0.43885323941862003,0.7834795321637427,0.6900640636385718,0.8597302504816956,0.34368380384308383,0.25801566520258856,0.4309596856252517
6193.5,0.7323943661971831,0.6696913920423234,0.7864018901890188,0.3548766018035121,0.2836886039456982,0.44618657937806877,0.7942016806722689,0.7065244017335595,0.8674990582621798,0.35654109007155127,0.2647340800294991,0.45229858148649116
6198.5,0.7279579716765647,0.6701904997525977,0.7844144144144144,0.35497847137822613,0.279547154970648,0.4496739495882655,0.8005235602094241,0.7123401162790698,0.8729630866371197,0.36909584086799274,0.28437781256114264,0.4527796799325912
6203.5,0.7318894697535474,0.6697319696702522,0.785166373199693,0.358448836013463,0.28480974291119837,0.46311439756415823,0.8087327523602034,0.710031073352947,0.8910177244139508,0.38364063454908837,0.305763736719631,0.4630229683741449
6208.5,0.7294609296570401,0.6666666666666666,0.7902142857142856,0.3641861727401836,0.28830629412401826,0.47742033983547066,0.802114129525297,0.7067261427425822,0.8932552591628714,0.39186156390266946,0.3080524491108216,0.4673699194640198
6213.5,0.7304810525246368,0.6699665906971926,0.7903868797308663,0.3706451062539099,0.29591747744475877,0.48117982957486377,0.805718954248366,0.6943813131313131,0.8909838895281933,0.3955980622751133,0.3098360871780755,0.48204948784334395
6218.5,0.7349456370225815,0.6631749574829932,0.7990691622460214,0.3820266472967989,0.2981564288391059,0.49686677499128445,0.8060462991166616,0.6946938775510204,0.8848597535061622,0.400172870527894,0.3085243209710724,0.48938101504880877
6223.5,0.7425742574257426,0.6784970238095238,0.825594460412856,0.4049322479522702,0.29991228070175435,0.5166735205315306,0.7972688153157108,0.6913885778275477,0.8743552123552124,0.3998265736801636,0.31721320249776985,0.5066695585116638
6228.5,0.7562484647506755,0.677703917790623,0.8483719946840642,0.4245161235391358,0.31902142347455237,0.5439963466090355,0.7894723618090452,0.6838434967450512,0.8757515410146989,0.39958795522248725,0.3173768155025619,0.5115845102193846
6233.5,0.7768222506393863,0.6735549096423606,0.8728689123646268,0.44238289643317574,0.3417505241400112,0.5741530964605389,0.7844329172745448,0.6818181818181818,0.866746506986028,0.4005742319695808,0.31875372667378266,0.5090924216917638
6238.5,0.7846052631578948,0.682895520255305,0.9027027027027027,0.46118282355046003,0.3643890234478933,0.5788089126305203,0.7795835743204165,0.6877476640774512,0.8571804511278195,0.400481097469248,0.3197235559286521,0.5073355780713104
6243.5,0.7988978625212533,0.6805922944220817,0.9195998037566582,0.4636547838477326,0.3810564074343875,0.5599876359521364,0.7814016990291262,0.686154895844937,0.8530094271211022,0.4004554164616042,0.3207284063260341,0.5072962260183196
6248.5,0.8026140526140526,0.6906852730877847,0.915687901305822,0.4653719634979274,0.37025245815352326,0.5568000338647238,0.7864907512930657,0.7067767030496643,0.8571804511278195,0.4039754650968089,0.32611407709367163,0.5105168757084871
6253.5,0.80276928776512,0.6748717676136816,0.9040479646767072,0.45447123757059293,0.36656165788695905,0.5476530005941769,0.7925531914893617,0.6938397581254724,0.869341856060606,0.40654611447687994,0.32611407709367163,0.5139073856319268
6258.5,0.7977835083195186,0.6795475018015854,0.8958504098360656,0.45399793632333263,0.3608722443830262,0.5380219946909366,0.7973842611855426,0.7077050707341211,0.8818010752688171,0.4144144500843344,0.3260227123273812,0.5120976699055084
6263.5,0.7928377034594651,0.6776654846335698,0.8780769773015649,0.4485237382206553,0.3521724940665181,0.5414361521690313,0.8078883932282286,0.7109598418010344,0.8801988950276243,0.4211200844351046,0.3322227821853154,0.5183810197435741
6268.5,0.7834192439862543,0.6824243263196752,0.8620360641290716,0.4463821367431219,0.36028415636279854,0.5373790455631794,0.8238489166274141,0.7068734217171717,0.9029523809523808,0.43531371201127034,0.3464639028298424,0.5406535282557717
6273.5,0.7726070226070225,0.6680549013450569,0.8596336946083138,0.44274476538820373,0.358888819646299,0.5300075978288793,0.8235340281265695,0.7286632039365774,0.9213702843512649,0.4533917557033014,0.35915323988168507,0.5755912804927676
6278.5,0.7660114063827206,0.6631459966805929,0.8573891625615763,0.4374573933585337,0.35694983368202415,0.5327634298714337,0.836202216331875,0.7346642364868713,0.9175856496444731,0.47186861054315943,0.3651784985475236,0.6000957956359765
6283.5,0.757081038552321,0.6626980198019803,0.8571804511278195,0.43389168127940947,0.35231575059420206,0.5222839732189559,0.8363104731525783,0.7249851455733808,0.9294652406417112,0.4849260378730458,0.3570248447204969,0.6173699427987402
6288.5,0.7461928934010152,0.6631749574829932,0.8542760128913444,0.43185969537294633,0.34881241044858374,0.5242638863701621,0.8076006355932204,0.7112299465240641,0.9181061692969869,0.47394662084604605,0.3578172588832487,0.5912492396466379
6293.5,0.7487437185929648,0.6575790761178746,0.8454612045577862,0.42972314845835086,0.3408924898136793,0.5235779114752651,0.7801248548199768,0.6867582417582417,0.8931296597109417,0.42909380188157165,0.30402439024390243,0.5719588920917407
6298.5,0.7539686983789232,0.661749387254902,0.8458011168384878,0.42565566406317235,0.3454655138722408,0.5106275660491089,0.7573390015511001,0.6753128762214071,0.8471772762756369,0.3861370806263415,0.2865412445730825,0.5014795761670762
6303.5,0.7552637411347518,0.6594143366380751,0.8441497616672209,0.42102506999499595,0.33790000000000003,0.5138504926674572,0.7461787145997673,0.6761505858888058,0.8113065401599235,0.3445153974140896,0.2679271197205462,0.4353258341021818
6308.5,0.7551551870748299,0.6586538461538461,0.8410679374389052,0.4200138443237596,0.3461027910142954,0.5117007211019887,0.7365384615384616,0.6683876811594203,0.7978651685393258,0.33944192917162264,0.2632808218495601,0.4222233158355206
6313.5,0.7521768029245597,0.6664179104477611,0.8477456795756573,0.4155764693406856,0.3306179648008573,0.5018647897324524,0.7356641092068553,0.6750339247122682,0.7925862862402209,0.3400669656646528,0.2641146868333223,0.41757978723404254
6318.5,0.7577352472089314,0.6703131868131867,0.8532711263373001,0.4024565033386627,0.3322049103623087,0.48808307200522166,0.7344966972296165,0.6755249526567896,0.7924698283188849,0.3425606958643277,0.2703134078420957,0.4134791611305951
6323.5,0.7639194139194139,0.6764399158055875,0.8483844255374423,0.3982129823921175,0.3263149350649351,0.5077940889793796,0.7398979591836734,0.6665040650406504,0.7831172218496162,0.3458168519402578,0.27564386832679516,0.42131628787878783
6328.5,0.7570191550774075,0.668085244877236,0.841604714703266,0.3890430085077509,0.3220113076386586,0.47788836323680395,0.738831272437176,0.6649340207764364,0.7962616600038073,0.34349995945288425,0.27609574030954664,0.41907351738258836
6333.5,0.7538864277084172,0.6744917263646454,0.8378453872867281,0.3769043541450645,0.3029773737336979,0.47433781404231046,0.7364518869069288,0.6768732193732194,0.7900939086294416,0.34664492333714425,0.28105575910305897,0.42628250245512456
6338.5,0.739023345470122,0.6630143540669856,0.825220588235294,0.35741360637983655,0.28567514677103717,0.454209096032933,0.7321903242955875,0.6635469086987779,0.7826801388038376,0.3466025140271177,0.29299372202108115,0.4253283122218418
6343.5,0.7342087765957447,0.6594528875379939,0.8104315290596159,0.3555463870110282,0.2755921475094028,0.4472687824385263,0.7274861288945795,0.6629600874166091,0.7908038661008957,0.3488210260117722,0.2890141478778183,0.43550274412343376
6348.5,0.7285885454109753,0.6580909229363388,0.8047677119628339,0.3401337556906288,0.2828520140450546,0.42860815277267716,0.7293279380717804,0.6682265204487148,0.7895121951219513,0.35374629993312867,0.2857544486028625,0.4416819062820658
6353.5,0.7242429076599931,0.6587562131545487,0.7894871794871795,0.33897771590595027,0.27665815515188963,0.42244214844052314,0.7289450354609929,0.6616143317230274,0.781150912106136,0.35237291686965877,0.2907929082195878,0.43228609625668435
6358.5,0.7279050647973864,0.66325421472937,0.7929813207451398,0.33842506218905477,0.27557135420055967,0.4199678058114638,0.7283633841886269,0.6503732253500513,0.7867653456052385,0.3581070973280953,0.279520295202952,0.42866936536954814
6363.5,0.7215455740167089,0.6537518853695324,0.7820214300432722,0.33854502564546496,0.27163953488372095,0.4091667314721207,0.7299289099526066,0.6587996802192781,0.7930024544510526,0.3626602236561651,0.28221567378145906,0.43549598793688404
6368.5,0.7306695894778796,0.6665833333333333,0.7990196078431373,0.3399176750380855,0.27011165039411555,0.40912833286935274,0.7328414880322984,0.6681891025641026,0.7916968599033816,0.36384695032387004,0.2888204416582801,0.44254792826221395
6373.5,0.7211431742508324,0.6619013112491373,0.7901276595744681,0.34071907090497655,0.27176391453442367,0.4162520112031464,0.7257667888759725,0.6680999785658148,0.7963365539452496,0.36712532105146334,0.2919923684571608,0.4562299043840935
6378.5,0.7259615384615384,0.6616661613098848,0.7968557178116001,0.3473050820975116,0.2778436937626833,0.41553432974606513,0.7267939276947641,0.6634620670698186,0.7952436323366555,0.3688259109311741,0.2868455247723046,0.4592053134467488
6383.5,0.7239693260166034,0.6578881543684116,0.7915670960995037,0.34415196441120294,0.27591387802085343,0.4159105754653074,0.7303921568627451,0.6714975845410628,0.7943015521064302,0.37065493844443737,0.2928503217644125,0.4585708400618112
6388.5,0.7254807692307692,0.6534236581552892,0.8028674438978368,0.34378727129697767,0.2807729457847414,0.42980287627076613,0.7272727272727273,0.6714980494815727,0.7870719776380154,0.3732923369788362,0.2957903703182832,0.4632844743110144
6393.5,0.7254901960784313,0.6664215686274509,0.7922856740650368,0.3442194871437773,0.2825205445412754,0.4237409628680866,0.7310989010989011,0.6649932432432433,0.7840558642374122,0.3792767557052823,0.29539273330318105,0.47168159426780104
6398.5,0.7274977497749775,0.6542991772625281,0.7945564253098499,0.3492144731367937,0.28568478000549086,0.4216576697221251,0.7305008944543828,0.6552742373349285,0.7885121457489878,0.3877645001684311,0.29365877996518164,0.47665481646598873
6403.5,0.7266334730957372,0.6563000239635753,0.7934347676271698,0.3431270024096742,0.2856881692347871,0.42138996075430757,0.7339839293083776,0.6664965986394558,0.8000966183574879,0.38867965470069343,0.3022807439474106,0.4708699005737348
6408.5,0.7284170016668301,0.6549602803738318,0.7902555168408827,0.34946416234193994,0.2801691872483952,0.431932051322142,0.732050841635177,0.6665780141843971,0.7926044309974624,0.3940402318445278,0.30269511052165315,0.4814165729509002
6413.5,0.7307692307692307,0.6618941009239516,0.7912724888418534,0.35130070575306677,0.278602322119169,0.43393452851635855,0.7313067784765899,0.6698940055224014,0.794173669467787,0.3894938704858559,0.30696464594784234,0.4749872217285659
6418.5,0.7277111513968297,0.671362297496318,0.7884714512291832,0.3507852299634068,0.28591301207506686,0.43596302921884317,0.7350675675675675,0.6695668280154105,0.7954761904761903,0.3878924178187751,0.31227211274529887,0.4835570432062669
6423.5,0.7261710239651415,0.6632459918640823,0.7903543488265071,0.35179919109369134,0.2864816145393068,0.4238003346647954,0.7295991643817731,0.6664021164021163,0.8037894971072541,0.38853282092605224,0.31616724042832417,0.478587484150483
6428.5,0.7289049413735343,0.6580381209087409,0.7900197278006827,0.35228008809431277,0.28786940522004045,0.4376984379157911,0.73031235750114,0.6680251544571933,0.7971399938328708,0.3881398461023754,0.31175061158234074,0.48407671039219363
6433.5,0.7192783816425121,0.6553756745537568,0.7943989245935219,0.3449333800841515,0.28495418901746655,0.4315263500559825,0.7322455951096728,0.668100450081833,0.7954168740666998,0.38944520959678586,0.3082747138910813,0.4854068857589984
6438.5,0.7268204432383537,0.6665869218500797,0.7815274593296211,0.3479745338051552,0.2941376584173834,0.4434087476765799,0.7261883164005805,0.6536935286935287,0.7897560975609755,0.38557861028250573,0.30673868023868023,0.48120278694536117
6443.5,0.7274861288945795,0.6619495392521709,0.7890272657120809,0.34982138604429625,0.28982625932835826,0.4423192558183986,0.7265987137483315,0.6562205188679245,0.7882918632918633,0.3864113408837084,0.3069510003464403,0.46587147194131295
6448.5,0.7270573124280273,0.6587562131545487,0.7921466090270999,0.3500339205602363,0.29045924123942635,0.444925894702491,0.7274861288945795,0.6579380288700847,0.7934754947128252,0.3787164587931814,0.30852180914215777,0.4630330316514989
6453.5,0.7264127791535595,0.663296611351276,0.7899854168160846,0.34938099559242936,0.2901305585980285,0.43852828080739387,0.7268518518518519,0.6571288515406163,0.801976593862693,0.3741295442908346,0.29594955599574185,0.4702139887179215
6458.5,0.7227463665565963,0.6632701421800947,0.7788744343891403,0.3467889067238023,0.2954677374236561,0.4288595065740876,0.7245637385388939,0.6578125,0.7925015501815927,0.37171951372352424,0.29282722798962796,0.46159845353952805
6463.5,0.723970116892911,0.6585326186549386,0.7844692005242463,0.34801938654161146,0.2864641823444284,0.42961101672690777,0.7281354795439302,0.6680999785658148,0.8011389951671365,0.36049065420560744,0.27782223537064465,0.45533673184913764
6468.5,0.723958577936411,0.6543604079760631,0.7880263785158113,0.3456266227421201,0.28013855391901027,0.42647182266622446,0.7281683833407971,0.6629830917874395,0.7861841585722182,0.35233237351764074,0.279481438682652,0.44590135543907444
6473.5,0.721787309112961,0.6614847942754919,0.7879970436067997,0.34649270861463677,0.2775345095156416,0.42568526728621364,0.7307692307692307,0.6601631894236728,0.7905879367453787,0.3468717506171617,0.2768103014997425,0.4356697305668342
6478.5,0.7207664517309187,0.6665109034267912,0.7814700971463266,0.3452034519759142,0.2834715876618335,0.4235280348501424,0.725901847687946,0.657482474855227,0.7887004883342377,0.3455602240896358,0.2743968791705164,0.42323976588516254
6483.5,0.7216981132075472,0.6605504587155964,0.7810945273631841,0.34054214842520314,0.2817945510147345,0.43122289931072544,0.7298752834467119,0.64059375,0.7938673010837959,0.33950307381901884,0.27505500601775235,0.4181788908188294
6488.5,0.7223875181422351,0.6568648697458125,0.7768887362637362,0.34152879901960786,0.2767852408725951,0.4229302229159552,0.7303846153846154,0.6583683767872162,0.7897458399817643,0.33471221346249924,0.27645311862219707,0.4145136282836263
6493.5,0.716115442984981,0.663534453537359,0.7877499782627597,0.3419553484939342,0.2789474479009363,0.41837652953982435,0.7313555114200596,0.6629682274247491,0.7896135265700482,0.33623271762668505,0.2686829093291323,0.40418775997553735
6498.5,0.7220930757425296,0.6618903318903319,0.7784644623557427,0.34559721011333916,0.2788062851782364,0.4190550288389568,0.7344860781990521,0.652587064676617,0.793450289441088,0.33530124788264,0.2698221782395201,0.4077364271958866
6503.5,0.7245689655172414,0.6584962734633787,0.7742527946191738,0.34479332895272063,0.2812118902439024,0.41773746576516874,0.7316510232343437,0.6547735259664194,0.8011256720430107,0.3354623957647774,0.2660800395256917,0.4025395567597965
6508.5,0.7202813165789816,0.6508430349257326,0.7858225108225108,0.34175155631013016,0.28359228700713845,0.415592624727397,0.7263587965828897,0.6581566564449615,0.795704554410854,0.3315631932950664,0.2699987508278244,0.41066484545046716
6513.5,0.717224602041356,0.650208216951907,0.7850534825870646,0.33637254006855855,0.2804583095893401,0.41029814169570267,0.7330033003300329,0.6612851662404092,0.7990715579710145,0.3368599365297195,0.28066996028449936,0.41169261031917725
6518.5,0.7222321542587153,0.6492763191305673,0.7816061629379485,0.3387861183305305,0.2779004481315507,0.4105804756136705,0.7338691026827012,0.6628638497652581,0.8073526152482269,0.3419570077991585,0.2754693195808267,0.41634191152805644
6523.5,0.7204803047194351,0.64809515558086,0.7856059009483666,0.33915907030019565,0.2804637846113556,0.4124584391052762,0.7310736313520004,0.6613803405245348,0.8105612244897958,0.34362064579784324,0.2790562597086832,0.4197814537238691
6528.5,0.7222222222222222,0.6490255628517824,0.7810005065856129,0.34029845537095804,0.27763157894736845,0.4099180165238802,0.7381706408345753,0.6629207920792078,0.8012121557022536,0.34424067426252536,0.27467208802163623,0.4187429545654416
6533.5,0.7238095238095238,0.6527475845410629,0.7868164418519868,0.3420513820504071,0.28368437015569187,0.40939067487460096,0.7390275847321714,0.6615151284394355,0.806282722513089,0.3399522491691479,0.2822898045364191,0.41552511344136317
6538.5,0.7185197833829341,0.6482842308621106,0.7853998865570051,0.34232789072188197,0.276593680503311,0.4045146387468905,0.7391304347826086,0.6617572786690433,0.8103195059739562,0.3403536998164477,0.27626894586894585,0.41101062016520246
6543.5,0.7232896136121942,0.6518272000743426,0.7844381407385289,0.34083123222054357,0.27826010629368336,0.411313566789667,0.7433795712484237,0.6697411003236247,0.8154317111459969,0.34009038619556287,0.27366445842021575,0.4080491719477083
6548.5,0.7221056011063913,0.6466938705487342,0.7928166146916147,0.3386902456865023,0.2743478569905466,0.40611428571428565,0.7441767282829362,0.6697535885167465,0.8148507731032002,0.3415911630636642,0.2762139304288654,0.4097639042881543
6553.5,0.7183782305483386,0.6473141538683395,0.7929957469431154,0.3390545321510371,0.28315252990726164,0.4012212167325773,0.741866028708134,0.6753793818268796,0.8173763736263736,0.34099182273806383,0.27556122988293125,0.40004773269689736
6558.5,0.721672127169033,0.6536488770828303,0.7900622354991286,0.3411605727222071,0.2794291354188137,0.40588816617868884,0.7338517931444423,0.6788942307692307,0.8082984955398748,0.34321768829127364,0.2770345783219823,0.40733421198710046
6563.5,0.7204046272231566,0.6616713944461033,0.7877499782627597,0.3407120135953636,0.27835588314718773,0.40884622307328866,0.7395788102475033,0.6617572786690433,0.811336840435656,0.3470905427343106,0.2830970160413946,0.40407120606559305
6568.5,0.7248780822858714,0.6647818390086431,0.7848582995951416,0.3429633427326326,0.2747412734198865,0.4177130839013456,0.7437804787484219,0.6564022435897436,0.809672619047619,0.3479677067201503,0.28973626030327065,0.41604806722689075
6573.5,0.7256892604757639,0.6567515666060239,0.7818321637989041,0.34431579115134514,0.28684551736929237,0.4219622371802593,0.7377958384073702,0.6649380251474882,0.8089915871492293,0.35082714835017437,0.2886140154913845,0.4168662026425072
6578.5,0.7265948632974316,0.6683660650189724,0.7906304537521814,0.34508013679566213,0.28248055818798695,0.4103860569119683,0.742704252540737,0.6702519023878247,0.7958016189440618,0.35603359455097294,0.3021479486773325,0.4242688397592977
6583.5,0.7268166960020115,0.6632626625779845,0.7971238699956952,0.34716420021058303,0.2920781169388337,0.4119007987449199,0.7362570979823608,0.6749973834318908,0.7980297438124185,0.36110492151798856,0.30605275385110264,0.4300233644859813
6588.5,0.7229246001523228,0.6700930837753978,0.7951332955190017,0.35449203406341323,0.2946722277097625,0.40815067269381267,0.7336956521739131,0.6733668341708543,0.8021346070811745,0.36848490863951167,0.2985907777588935,0.4435096280317776
6593.5,0.7272760202849553,0.6683074265975821,0.8009994838346394,0.35081178407430397,0.288839060359126,0.4120612826781215,0.7356592039800995,0.6714252433850756,0.7971948304198416,0.37060312296853776,0.28605006342777023,0.4542454709380844
6598.5,0.7303921568627451,0.6537296037296038,0.8043021411578112,0.3536362487180948,0.2889166776576101,0.41162422061136883,0.7320080895772703,0.677060012437811,0.8023106583793738,0.37115944276138446,0.29780221541815616,0.4676131221719457
6603.5,0.729064039408867,0.6565656565656566,0.8067694263467343,0.35186046729572545,0.28832308808687745,0.42263980828077186,0.7322131055411937,0.6831445163747144,0.8009733505052506,0.3762351060738157,0.2934660910080181,0.472228591581288
6608.5,0.7297959183673469,0.6600684261974584,0.8147653831868267,0.35365930016219826,0.2907294668946788,0.4231242139314685,0.7336980761797152,0.679937823834197,0.8023688767936664,0.3827875287388549,0.28610524051903363,0.48985051611278935
6613.5,0.7306783119339106,0.6535024914765277,0.7979308765143032,0.3507494166457531,0.2865934065934066,0.4276833028088629,0.7348837209302326,0.6769988001745201,0.7958743961352656,0.387500420464866,0.30815624245351364,0.47980355561179283
6618.5,0.7304810525246368,0.6665880503144653,0.8050282350114142,0.3507411679268657,0.2897148461961618,0.4192122506073768,0.7333333333333333,0.6735412328700788,0.799020618556701,0.3841608014820222,0.31301182528841776,0.4769827206576215
6623.5,0.7293176328502415,0.6618285384670849,0.7877587210107783,0.3478819759184052,0.2840221409730214,0.41905604674358754,0.7396546803652968,0.6714901960784313,0.7868164418519868,0.3845454007515015,0.30962981542756296,0.48171416650619414
6628.5,0.728898482469911,0.6631929436598483,0.7970297029702971,0.3465073055332869,0.29733919774160494,0.4143413388704671,0.7344860781990521,0.6714036576168929,0.7934754947128252,0.3797473383124106,0.3003588948746501,0.48660304940580323
6633.5,0.7257258672699849,0.6580501517488432,0.7969051426857914,0.3505586293057291,0.2880922648779791,0.41537747341890885,0.7398605541378054,0.6634235409941158,0.7919160991243633,0.3792264743582341,0.30869201358691195,0.47026527059051115
6638.5,0.7270622895622896,0.6553047742968672,0.7944005270092227,0.34645009952623707,0.2886366851850105,0.4122885373060822,0.7338175037981677,0.6695560488346282,0.7920887740948008,0.3782327438332115,0.30937547816252536,0.4656712901148269
6643.5,0.7342995169082126,0.6646449561614799,0.7851730769230769,0.34552594976409307,0.2794297783914583,0.4023590772548764,0.72916488039098,0.6713546798029556,0.7981252300331249,0.3800128539999835,0.3063345800748045,0.46527444109183086
6648.5,0.729172903682334,0.6516284556598452,0.7846703296703297,0.34456027204502815,0.2791846040451235,0.3961931065515107,0.7327020374675236,0.6666666666666666,0.7902839461230433,0.36965415115059996,0.3079465466950893,0.45854428384699764
6653.5,0.7234532797333072,0.6568321078431373,0.7788461538461539,0.3401439261422891,0.2788589031316925,0.40373696264276643,0.7328643013735403,0.6618321966467747,0.7944348019581664,0.3700813953488372,0.3056744580695109,0.45654732250747276
6658.5,0.7248191835347799,0.6581438747133727,0.7828777752747114,0.34076573132502486,0.28115099147003436,0.4071676635153385,0.7323943661971831,0.6586796254321496,0.7888195841716967,0.3710024969943586,0.2920014832564608,0.45701552616446234
6663.5,0.7234595306630238,0.6633653846153846,0.7783277859139929,0.33763957305348513,0.2764976117366087,0.4193571275102057,0.7275035958288385,0.6620642168587374,0.7840558642374122,0.37727988497877585,0.29621333033606834,0.4595281955404031
6668.5,0.7243944306694641,0.6585041727140784,0.788485697719366,0.34217017108071235,0.28265653209585856,0.4248891084051572,0.725176018775336,0.6636276223776224,0.7894736842105263,0.3731777282579691,0.28941198380968935,0.45201450443190977
6673.5,0.7292663192213418,0.6703740464509542,0.7870571658615138,0.3456731779038017,0.271857572615107,0.4225264340241424,0.7327020374675236,0.6665833333333333,0.7890149686141961,0.3668199708770058,0.29309197651663405,0.4476541996847794
6678.5,0.7319377990430622,0.6599255827706866,0.7899566210045662,0.3425967545846996,0.27745499665630957,0.42441350627379104,0.7243097908059545,0.6620872212295679,0.7898840698308782,0.3650590007120372,0.28937805064063454,0.44850362710294794
6683.5,0.7293577981651376,0.658363640892786,0.7874396135265701,0.3451063771696915,0.2806316173786053,0.4298947485612496,0.7234016375106259,0.6746246872393661,0.7979234972677596,0.36685320174946734,0.29095915972614345,0.4520393497868966
6688.5,0.7310368897537862,0.66828231292517,0.7903256159465148,0.3489783993725726,0.2850912260466092,0.43071418262291916,0.7242990654205608,0.6760492940894951,0.7935177733065056,0.3592735724648642,0.2893769059289688,0.4513916091124627
6693.5,0.7301960784313726,0.6733989111280607,0.7881915498294809,0.3511336125734927,0.27525224181052893,0.43535024778656717,0.7219601677148847,0.6620269726247988,0.7874764998453154,0.35937352335229744,0.2860799001248439,0.4597965598533135
6698.5,0.7306695894778796,0.6650694133452755,0.7962145257654966,0.34843067975038233,0.2744977915765741,0.4257226903709793,0.7248438332284151,0.6580220923320784,0.7751251042535446,0.35989064069866294,0.27867410367410367,0.44547470028603964
6703.5,0.7309644670050761,0.6601935193519352,0.7901313364055299,0.34603207309819756,0.2799174245145677,0.4266677729837371,0.7215796502110795,0.6633414622923665,0.7820214300432722,0.3519095386678357,0.27310443572964704,0.4350187588412571
6708.5,0.7285714285714285,0.6603634166744121,0.7946382705479451,0.34640629541034185,0.27882612107546223,0.4206468016348256,0.7226076555023924,0.6629830917874395,0.7755102040816326,0.3540939517092995,0.2773751373429513,0.44157878339434514
6713.5,0.7287895990560787,0.6650932111582558,0.7899050063621604,0.3479942597093655,0.28680854356910696,0.4256278909490928,0.7263419743388322,0.6666666666666666,0.7867653456052385,0.353374765139471,0.28533722518941745,0.44252558115633883
6718.5,0.7309506531204644,0.6588614087075451,0.7923121772447109,0.34687556175687595,0.2832700324729324,0.4220524425906792,0.7231372906875941,0.6567164179104478,0.7835419569178009,0.3509780178837556,0.2880056021319224,0.4338219026548672
6723.5,0.7314123825317855,0.6728307678211471,0.7971934667586841,0.3510255668599167,0.2960342391894942,0.4323198808673635,0.7234595306630238,0.6574494851243742,0.7824762262262263,0.35048686253505534,0.28326383075869416,0.4280304273580093
6728.5,0.73,0.6650628626692456,0.7982689238881565,0.3522349980777968,0.2909977905364321,0.41676023229252906,0.7240481321839081,0.6556443487818282,0.7834223236440979,0.35214888301531555,0.28346912521440826,0.4436640574151431
6733.5,0.7310562571756601,0.6749183417085428,0.8095815996301433,0.3542714682532836,0.2947542688571397,0.4235730103506517,0.7240542946150423,0.6613526570048309,0.7805250117738599,0.35377101084676177,0.2879761076657294,0.43616431022746605
6738.5,0.7279390560415264,0.6761372975586174,0.7970367083878199,0.35669089829254863,0.28873516113883824,0.4188439523567885,0.7227722772277227,0.6521409749670619,0.7857804232804232,0.34990671641791044,0.28537798408488063,0.4251982477618407
6743.5,0.7331715210355987,0.6713736263736263,0.7902478363493313,0.34944952892010916,0.29031117639021725,0.4245898698532722,0.7224747474747475,0.6507119386637459,0.7882922824302134,0.34719149616368283,0.2807915758896151,0.415831266112165
6748.5,0.7308677202224173,0.6585305481767689,0.7892787114845938,0.34653087478559175,0.2800591729653515,0.41941073459253225,0.7242990654205608,0.6681075460487226,0.7826292042657916,0.3434658880922463,0.277590622768583,0.41031045316020287
6753.5,0.7307879208608122,0.65301685891748,0.7864049704203157,0.3441549025068997,0.2795624425022999,0.41056778705165803,0.7255357957136344,0.6589636956277397,0.777277514481306,0.3422967521656791,0.27297332206096475,0.41326995114709386
6758.5,0.7281553398058253,0.6572159800249688,0.7917297979797979,0.3447231742124418,0.280532776575942,0.41187233141606966,0.7217124268686428,0.6604515692029804,0.7799788583509513,0.34172047677520434,0.2729015152336256,0.40699740223113273
6763.5,0.7259249316673174,0.6663565891472868,0.7864755181895093,0.34158654921074993,0.27966955162025775,0.42511718828925293,0.7149645582193327,0.6585642911010559,0.7786024787273399,0.34139253877358255,0.2791488356681072,0.4105290045806401
6768.5,0.7254849981925533,0.6616166739119934,0.7824907680416797,0.3366734884030481,0.2755712240695163,0.42138923419150115,0.7205882352941176,0.6591715022566086,0.7811174708979375,0.33876627696690104,0.2799610138827127,0.4068267421154883
6773.5,0.7241496598639456,0.66974180734856,0.7809181255440564,0.33726321432826334,0.2789822054264576,0.41924323390300317,0.7169840739503286,0.6517183314198239,0.7830213636817411,0.340513516307942,0.2764104882459313,0.40905589365791156
6778.5,0.7248041396653448,0.6613023438266157,0.7868487213868404,0.3381504020015376,0.27810145559614025,0.42037351512430093,0.7232357111692844,0.657217378344139,0.780546712620695,0.3370398631435147,0.2655129842486164,0.4251286609732747
6783.5,0.7229246001523228,0.6618238778765094,0.7919069054688248,0.34311922517008825,0.27878426156452146,0.4323648576921716,0.7270384254920337,0.6519498097746561,0.7970563477284901,0.3403649803752483,0.26979510320305,0.4165321736619871
6788.5,0.7244897959183674,0.6548037313631169,0.7874685545092278,0.34517030548886196,0.28039781412030335,0.4281935702899761,0.7308668488871535,0.6566392177045806,0.7980769230769231,0.33720603277192096,0.26819350832113126,0.40777119437668347
6793.5,0.7243944306694641,0.6666666666666666,0.7864593593171052,0.34685882620204656,0.27685599284436496,0.43499598741978834,0.7360406091370558,0.6502339901477833,0.8055762852404643,0.3413750423155044,0.27217140885201146,0.4148265701589066
6798.5,0.7256414096036737,0.6715686274509803,0.793284668313338,0.3542261904761905,0.2817373845314884,0.4300465206435355,0.7326123651760936,0.6598125,0.8069986661878623,0.33940736415412087,0.2782525182626321,0.407415552988055
6803.5,0.7281354795439302,0.664925355450237,0.7921577872072921,0.3585995996738083,0.291683262209578,0.4439325043427682,0.7406564148502041,0.6553047742968672,0.8098027375201289,0.34234137546149224,0.28097561867950477,0.4118828866608211
6808.5,0.7293751834948088,0.6682113821138211,0.7947619047619048,0.3559322033898305,0.2949470325623628,0.44004969844891306,0.7386751650352834,0.6597739236698628,0.8267572961484629,0.3450245491988548,0.2800729802801989,0.4306145387053951
6813.5,0.7313432835820896,0.6631600363827852,0.7865610628513029,0.356387397023349,0.2922548903616959,0.43610200729504844,0.7461928934010152,0.6568554287386597,0.822483334352639,0.34883975823553237,0.28928725077048867,0.44457149821487457
6818.5,0.7336546128230383,0.6748708690037782,0.7915591961356179,0.35647988078526827,0.2994260438958842,0.4365528143925899,0.7532520105791547,0.6695269016697589,0.8220665229442562,0.352238648256038,0.2773676711989346,0.4388512252355599
6823.5,0.7331715210355987,0.6649158291457287,0.7924853610930385,0.35750605512855305,0.2863541362174803,0.44259286180456103,0.7519198069222752,0.6570912634716809,0.8247749959090165,0.3603873778609854,0.27685946519024623,0.4463474492082914
6828.5,0.7322895418711064,0.6697493261455525,0.7877429959977129,0.35206601226555095,0.2912343816444284,0.4380914918107225,0.7505980861244019,0.6735074841681059,0.8298279269852342,0.3589300069104602,0.2786845687989639,0.4455427980378274
6833.5,0.7318688248896363,0.6599545454545455,0.790620580134488,0.3469887849581429,0.2815079607520683,0.4307883819045316,0.7525784157363105,0.6759377316530764,0.8196020362425561,0.3573988518684725,0.2810596750804925,0.4393382757603817
6838.5,0.7311538752935829,0.664998730964467,0.7950604265402844,0.3442142452878728,0.2839961231470923,0.42109809696766215,0.7473955507325014,0.676915306915307,0.8131782650626872,0.3562402515110158,0.26912427962916563,0.43304150777869727
6843.5,0.7311538752935829,0.6762581699346406,0.7924965770234311,0.3413274904443383,0.26758249591945094,0.4182061838346496,0.7462671784078247,0.6699928229665072,0.8173050299953853,0.3534384877842822,0.2761900658583123,0.4252502245225939
6848.5,0.7317688551275094,0.6648182498130142,0.7989444577384276,0.3444209248417072,0.25848855633802814,0.41010367454068236,0.7463050600655261,0.671509749151057,0.811131471785922,0.3515803193222548,0.2829181577517742,0.4212031998236656
6853.5,0.731593429500542,0.6571170395869191,0.7938737113402061,0.34165538856043876,0.2686768617021276,0.4152800511508951,0.7481582670634728,0.6610966219572777,0.8130434782608695,0.3427544500228206,0.2729049449162548,0.42176205538314626
6858.5,0.7313859275053305,0.659408244680851,0.8002061855670103,0.3443540717398402,0.2735977089216817,0.4118287600140846,0.7455964467005076,0.6630194407308377,0.8186301443654385,0.3418642489485587,0.26764081546868435,0.41663731792291914
6863.5,0.7293968845692984,0.6631287365484257,0.8022321428571428,0.3420473356896783,0.26942158452620774,0.42128122033868476,0.743016977311666,0.6733096035734227,0.8178857185990338,0.34847721895836825,0.2725660863958736,0.42893402760309235
6868.5,0.7247527030135725,0.6556337465013994,0.8063441732418946,0.34179947745022266,0.27852597559017184,0.41911444397197617,0.7471587240087821,0.6731960294081244,0.8227035641842944,0.3554240567718437,0.27246445679880466,0.4406850534647979
6873.5,0.7254393985573504,0.6575934294088911,0.7980730630268967,0.34441018299286014,0.2792599766291559,0.4214847171262871,0.7461928934010152,0.6685053328212249,0.8148848848848849,0.36017348436000673,0.27965553296968454,0.44673394371659325
6878.5,0.7239737274220033,0.6451532258064516,0.7935028402883985,0.34455827930630933,0.2748987146459976,0.4268305141795219,0.7487560957496844,0.6801480977549846,0.8138500264970853,0.36403973060102723,0.28530359382864995,0.4480309431150776
6883.5,0.7239737274220033,0.6453494753833736,0.7916872937293729,0.34845615850837786,0.28460928431333304,0.42424718404156997,0.753770367563471,0.6580310880829016,0.8259019131491041,0.37429588719073165,0.290559530595306,0.45177907037820864
6888.5,0.7268204432383537,0.6395729760845675,0.7969518716577539,0.3469551663131462,0.2827525332993436,0.42126955588063614,0.7533789739672092,0.6779061804485533,0.8298073063026896,0.3737730622484712,0.2954038443705539,0.46299814370484066
6893.5,0.7230408089563019,0.6427455357142857,0.7915591961356179,0.35199891074081635,0.29100135113184983,0.4192514756437698,0.7578293559986924,0.674991248030807,0.8361339171683998,0.3716821133735017,0.29303012509756465,0.46645287228109306
6898.5,0.7206557377049181,0.6380995888533577,0.7904761904761904,0.3467563449518429,0.2813368032244598,0.4165307383071176,0.7546459924752024,0.6734861166467384,0.8362512453582103,0.3770926339285714,0.29574235566749313,0.4714273037854089
6903.5,0.7243090452261307,0.636203746002741,0.7942175899486007,0.34979129610925896,0.2842491434788021,0.41514468090638446,0.76271835978667,0.6886150852093416,0.8361893784153005,0.3823665927493419,0.3104093460765473,0.4664775213460086
6908.5,0.7210526315789474,0.6357965531736023,0.794463473112492,0.34713433418562906,0.2795606564389741,0.42043023829807563,0.7630335614206583,0.6748768472906403,0.84375,0.3858055655494977,0.31436962269682284,0.4728195461864383
6913.5,0.7251373626373626,0.6456560595802302,0.7969518716577539,0.35598990311044665,0.284550874500931,0.4261713367018833,0.7720568743222075,0.6834470151697042,0.8490636081560283,0.39168085358404503,0.3211909523706007,0.4828717564167652
6918.5,0.7242327620565963,0.6419371727748691,0.7867498005724743,0.35299611750054943,0.28467751994396717,0.42354215283762453,0.7721489765556866,0.6910857478883781,0.8515598455598455,0.3953232269660273,0.3271858940279993,0.4801512051072711
6923.5,0.7283559577677224,0.631472081218274,0.797129198213939,0.355714598471659,0.2930286332860023,0.42314956494283235,0.7789327789327789,0.6993805045529183,0.8625186910512997,0.4032989830969629,0.3328743473989331,0.49324983892811586
6928.5,0.7241496598639456,0.6401722120472121,0.7930609614002032,0.3564438812408399,0.2969359360494862,0.4327363558777147,0.7914438502673797,0.7008574302237868,0.8820554265268973,0.41123074704018026,0.3259679220683378,0.5030687563195144
6933.5,0.7222222222222222,0.6472335025380711,0.7908163265306123,0.36177666188426594,0.29780423402086353,0.42782390580039376,0.7966339858844569,0.7124564385890353,0.8833655616942909,0.4178106043194528,0.33030435413994236,0.5160573666531937
6938.5,0.727510709186102,0.6523257787963671,0.7980802319277819,0.3677889928534591,0.3008417660488823,0.43539757494045883,0.8090172239108409,0.7277832206655563,0.8970136852394917,0.4190626754683889,0.3430471745290882,0.5246288355607964
6943.5,0.7265458728789187,0.6520525270359744,0.799152178002311,0.3684993543584253,0.30862475247874227,0.4390485578218037,0.8145854398382204,0.7197802197802198,0.9036090067340067,0.42822695300349983,0.33782210444025984,0.541826266079355
6948.5,0.7361521727003961,0.6506208425720621,0.8038373686614892,0.37080214148166846,0.3058713868750588,0.4432003777025267,0.8138967773799235,0.7158516720962702,0.9092338479130931,0.4249900661055521,0.3343378072143918,0.5482250896992955
6953.5,0.7400902668759812,0.6629145728643215,0.8148323679129366,0.3711453020663547,0.31604273893138457,0.44456605564453927,0.8091278762232214,0.6829277223818376,0.9071509327303561,0.413220739108228,0.3094542392837619,0.5249686091138508
6958.5,0.743578936276705,0.6461277072442121,0.8126710199004975,0.3783323448055049,0.3135483697983698,0.4520833923474394,0.781667541863586,0.6893137254901961,0.8859037095501183,0.3931885460144595,0.3089200427038265,0.5189954227896892
6963.5,0.7453323699421965,0.6694281524926686,0.8229325598259607,0.37882998208303165,0.32098768438466696,0.4550159534534534,0.7692245242579723,0.6767528223410577,0.8807471061547149,0.3746689228958211,0.28299732509918674,0.48763484798953904
6968.5,0.751323344069458,0.661793817003241,0.8385044474596712,0.38401011849287714,0.31442300677072405,0.47583703920217685,0.755268411712511,0.6730121951219513,0.8474242424242424,0.3556434595408783,0.27122367662807073,0.45944072016855003
6973.5,0.7513370513370513,0.6683911786913844,0.8335937499999999,0.3816988218625549,0.31854904239654486,0.4717629035877042,0.7413454421226442,0.6647258883248731,0.8182839632277835,0.3423960003260604,0.26882744532452835,0.4411199645172083
6978.5,0.7487416850039204,0.6664761904761904,0.8299781488121919,0.38671829230621746,0.32061340809519184,0.47271705277007653,0.7320996000225339,0.6533392490192416,0.8131662368364496,0.33875713658322354,0.2635182263125303,0.4325060196897193
6983.5,0.7400980392156863,0.6607448107448107,0.8315672737955346,0.38716092866290497,0.3167188844213134,0.4742401178642604,0.7308763719427267,0.6568064930890389,0.7913363348256954,0.3362637136305593,0.2741781929225795,0.420985122177222
6988.5,0.7385543920884234,0.6502063713521683,0.8325790279905305,0.3891637056574392,0.31621682411156093,0.4789492084643776,0.727251827113886,0.6580310880829016,0.8010189484545752,0.3414375974936752,0.2685230295976056,0.4265369522563766
6993.5,0.7383407168747482,0.6561538461538462,0.8334745762711864,0.39818706245394253,0.32119779520165903,0.4828659972302329,0.7286096896073462,0.6397544618113291,0.7970332902855504,0.34038861346553656,0.2660472746038414,0.4283533199125334
6998.5,0.7352746437840987,0.6479421768707483,0.8294755680049798,0.4031976040736992,0.3246440734774194,0.5000215517241379,0.7230408089563019,0.6467029929716498,0.7860224800580129,0.34588300162054597,0.27994974536154177,0.4299538499638564
7003.5,0.7378250314428617,0.6600046860356139,0.8252410379652676,0.41176465248020916,0.3269780610996151,0.5058533170439791,0.7254624675126128,0.6616526610644258,0.793610941008369,0.3508304368712558,0.2814958026678933,0.4231544824502569
7008.5,0.7314611154752553,0.6555198455371982,0.8187877151749984,0.41794257914998756,0.33874320722527756,0.5170601223257112,0.7285885454109753,0.6679861610352265,0.7909580498866213,0.3549357232855207,0.28874496864902416,0.4230951104451228
7013.5,0.7287716955941255,0.6602727272727272,0.8324181117533719,0.4249234769258441,0.33080686942339055,0.5328229602808532,0.726610005527916,0.6699583615991017,0.783341006399337,0.35426990808036973,0.2820247556119275,0.43560073600106086
7018.5,0.7290960016445678,0.6540425531914894,0.8213763889741542,0.43454907161803713,0.3444210611191743,0.5237102877253738,0.7259944678609063,0.6681674565560821,0.7850864928909953,0.3523333189766561,0.2750110468986676,0.4361212661855783
7023.5,0.7358062628036289,0.6611348057882711,0.8168991899189918,0.43359421042751684,0.34004120278392125,0.5305544141921763,0.7289719626168224,0.6618044476673918,0.7872954173486089,0.35326867816091956,0.2843819973130318,0.4326135927651411
7028.5,0.729321608040201,0.6484420500873617,0.8041332316030414,0.43310530494487065,0.33960919004232726,0.5279974663808225,0.7231372906875941,0.6600478468899521,0.7840558642374122,0.35414718063473827,0.2849730371701868,0.44173300456823417
7033.5,0.7292817679558011,0.656990410267503,0.8079082454767276,0.43193668774611754,0.3435418589929576,0.5302711641796768,0.7251184834123223,0.6599764789419962,0.7844517789214589,0.35429539917375796,0.28503458255494474,0.4458287180085116
7038.5,0.7314616149458371,0.6602792826452456,0.7990975821515957,0.4270673959608323,0.3468593168709895,0.5295484031247412,0.7274812254650964,0.655901298437817,0.7881637475674171,0.35420202411807444,0.2906630460360907,0.44558618974557834
7043.5,0.7320152746982016,0.6618144499178982,0.7923186658038708,0.41994935075135376,0.33462162204775253,0.5333877454459427,0.719903381642512,0.6601844660194175,0.7960293320129213,0.3507191042638968,0.2924605451936872,0.45245545415036925
7048.5,0.7276916631755341,0.6567011098354382,0.7970104451386176,0.41497086106493786,0.33131103432923936,0.5313519057341825,0.7226076555023924,0.663296611351276,0.7917059748427673,0.3539959265564202,0.2868036821324567,0.45249984523477876
7053.5,0.7201589938300901,0.6665833333333333,0.7969797036082474,0.4146139178073421,0.33248706389915916,0.519980227492215,0.7268518518518519,0.6647355970627372,0.7832964947765705,0.3529302828993869,0.28461975079106855,0.4465056921243111
7058.5,0.7251184834123223,0.6597606961566352,0.7892670970827355,0.4090398365679265,0.3333333333333333,0.517447998863708,0.7248140635564571,0.664834577114428,0.7918664038349535,0.3495455082044623,0.2842508274559412,0.4271932423310582
7063.5,0.7288735882702595,0.6518369719021629,0.792772269828617,0.39955654101995564,0.3255562235394962,0.507572846917571,0.7223551302498671,0.6634567783701447,0.782439506436622,0.34861852390964476,0.2896929910458986,0.4325450743916851
7068.5,0.7281746031746031,0.661603299856528,0.7945313626532083,0.3966426193118757,0.31329674867547996,0.519473681266223,0.7244897959183674,0.6569297089892056,0.7815960985257101,0.34670782167823766,0.2868497648748905,0.41674783549783545
7073.5,0.7270689333084251,0.6597850425436632,0.7872909836065572,0.39814417046137984,0.3127860710169585,0.5068729773462782,0.7210420393559929,0.669824852417427,0.7819999061517526,0.35217785843920146,0.283776201442578,0.4252244115390816
7078.5,0.7291576204950065,0.6475457875457876,0.7885553255118471,0.39521737331519835,0.30462988188590673,0.497440949207163,0.7248041396653448,0.663380248978075,0.7835090377290996,0.3484623564116441,0.27994846712023547,0.42351837057879516
7083.5,0.7272727272727273,0.6589384207635921,0.7895939086294416,0.3897209716761051,0.30825545171339563,0.4892159218874454,0.7239737274220033,0.6597425123369326,0.791939436373184,0.3517411274996548,0.2842785671285879,0.4226837255908301
7088.5,0.7286474164133738,0.6520775326622403,0.7909858890941709,0.3896450524564404,0.30834288805632715,0.4766226708074534,0.7263681592039801,0.6666666666666666,0.7810673234811165,0.3494995626143167,0.2857056798623063,0.42684258416742493
7093.5,0.7295302178842551,0.6573529411764707,0.7950119047619048,0.3827977716862676,0.3036197106935244,0.48362568846566995,0.723878010743372,0.6599268292682927,0.784037558685446,0.35092077756162715,0.2900271943590515,0.42194689193690005
7098.5,0.7303135253372219,0.6602676511305953,0.7913897507756981,0.3805726682564918,0.3038561063435572,0.47849090695419677,0.7230530643648867,0.6747572815533981,0.7861381498305573,0.3515835661993949,0.29131754469366294,0.4263032038278556
7103.5,0.7303643391726293,0.6574643493761141,0.7840601109814475,0.3781354308289969,0.2939557647405894,0.4822006327176242,0.728171373298417,0.6757929959662633,0.7861529616070589,0.3475800702683436,0.2864400484631694,0.4365869203829398
7108.5,0.7284447194719472,0.6585876406637422,0.7840513670256835,0.3768130943387096,0.2941475050954933,0.47796649230373445,0.7217062033634034,0.6617647058823529,0.7874685545092278,0.3488271620625683,0.28959304815098885,0.43249378919858544
7113.5,0.7285714285714285,0.6612853535353536,0.796514357000888,0.3785145745293892,0.2993515116001907,0.466562087317361,0.7239737274220033,0.6717835595776772,0.7748043818466352,0.35057542987478335,0.28086235591931613,0.4329906399397215
7118.5,0.7263916267718014,0.6570443349753694,0.7845199791295273,0.3783000991294144,0.2973773982162712,0.4584901252401121,0.7246376811594203,0.6579578165070393,0.784707532051282,0.3588284263848912,0.28414714980114897,0.42482606249337446
7123.5,0.7268166960020115,0.6556273584905661,0.7876725098058205,0.3708531990797853,0.29497468887498735,0.47376760563380277,0.7274861288945795,0.6665086887835703,0.7805045105245573,0.3619009702553426,0.2936365060131721,0.43383481446952266
7128.5,0.7215553358753471,0.6583754842875592,0.7923309178743961,0.3736111668204244,0.29082594539894846,0.46668213149522797,0.7276995305164319,0.6600860204235626,0.7812870260663507,0.3603404712387227,0.2939706586826347,0.4395926252993417
7133.5,0.7244791666666667,0.6551363061924534,0.7882292572201295,0.3760833949288468,0.2964019164479302,0.46384096624247495,0.7215455740167089,0.6579653545742788,0.7863855560682972,0.36200981480659056,0.2922058363323424,0.43530223652109673
7138.5,0.7204836911067745,0.6631828488971345,0.7898971063982746,0.37946130345325146,0.29641821834131216,0.4735692679975802,0.7264150943396226,0.6714901960784313,0.7912724888418534,0.3630626919331885,0.29645110573005723,0.43960678618882626
7143.5,0.7250592417061612,0.6666666666666666,0.7922601937613116,0.3778455586966225,0.30496586532445324,0.46257225433526006,0.723481514084507,0.6561875,0.7916772419627749,0.3605110730644372,0.2944638372589209,0.4327321945805473
7148.5,0.7234595306630238,0.6594459862267448,0.7917297979797979,0.3781182343450501,0.3022028905560459,0.45568937885483946,0.7255357957136344,0.6630049261083744,0.7860960378983635,0.3648071638203647,0.29495958444084824,0.43742413105113936
7153.5,0.7279520154526509,0.6587620761939482,0.791591283922235,0.378330764543532,0.31058847739650014,0.4619256192656602,0.7277111513968297,0.6580299456466003,0.7824174718196457,0.3702359346642468,0.2959321960108715,0.4406028316269582
7158.5,0.7281354795439302,0.6538143238626795,0.7865610628513029,0.3805379861342288,0.30456750690607737,0.47145290165944204,0.7272628467089818,0.6568554287386597,0.785383275261324,0.3667310088457353,0.2956995712907885,0.45392415355130955
7163.5,0.7248188405797101,0.6562820512820513,0.7897564102564102,0.3755108991825613,0.2980501028944233,0.4752590489060959,0.7262053318207601,0.6574952511608274,0.7892549019607843,0.3664976591090303,0.29665870778436226,0.4460898616162338
7168.5,0.7248188405797101,0.6579046532959814,0.7850998463901689,0.3830022546329322,0.2964616995333338,0.47757006607380925,0.7251718543187737,0.6682881870293358,0.7867452167807618,0.36602089001469806,0.3001499210206278,0.4516712480638675
7173.5,0.7234595306630238,0.6650435391852668,0.7800493624023035,0.3775395590426931,0.3015818609158196,0.46577579383595497,0.7276916631755341,0.6583767463888232,0.7894977168949772,0.3690860860118411,0.31070396798181127,0.4445356116933606
7178.5,0.723878010743372,0.6603584905660377,0.7858153638814016,0.38086378025691175,0.3049225330144536,0.4760161059910747,0.7257966922146026,0.6582784388262556,0.7837211538461538,0.37175660129060023,0.3067860205831904,0.43893191116306257
7183.5,0.7223551302498671,0.6632376815409591,0.7923121772447109,0.3827401160880517,0.30491673930832985,0.47056049203292466,0.7252585965893207,0.6634591932457786,0.7839759545390503,0.3736601279939964,0.30648947777202457,0.44612560530927875
7188.5,0.725,0.6647899384533048,0.7846703296703297,0.38097925493942697,0.30830290822107514,0.4704824562129521,0.7298648648648649,0.6586538461538461,0.7867801573817401,0.36958947787963337,0.3049384439090322,0.4510647962331637
7193.5,0.7265955253118879,0.6600723194633686,0.7836671337456513,0.3821868687804607,0.311921978021978,0.47357492374173854,0.7312382739212007,0.6618977591036415,0.7854391098107018,0.36689621823517643,0.3074312423653357,0.45768154252837817
7198.5,0.7197164657546615,0.6698042948735896,0.7931918656056587,0.38483552281064953,0.30998689064711477,0.47189934897808783,0.7354920958694544,0.6665064102564102,0.7934205840455839,0.3704120849791822,0.31039935082949566,0.4550422971400065
7203.5,0.7232896136121942,0.6680563273553928,0.7858225108225108,0.3934068809139668,0.31686272658761333,0.4691574698548947,0.7285714285714285,0.6731660412757974,0.7894859813084112,0.3707784055241682,0.3094913515166764,0.46203737508310355
7208.5,0.7328414880322984,0.6567947274603622,0.797769014693172,0.3934369608161836,0.3217899071854447,0.4925337537091988,0.7348469387755102,0.6665086887835703,0.7939909829521439,0.3724066177724714,0.3061039148252641,0.4706800724586802
7213.5,0.7247527030135725,0.6571054532322138,0.7910992788864665,0.3909846153846154,0.3211973607201583,0.490610372012811,0.7377112135176651,0.6666666666666666,0.7925015501815927,0.3751595744680851,0.3093656952803294,0.46927977448907676
7218.5,0.7186147186147186,0.6599595856366424,0.7834356112359031,0.3927658493897142,0.3143048685238219,0.4851670073636636,0.736318407960199,0.6649441307220954,0.7955247341655107,0.37913845238520605,0.31657648315736553,0.4668355914538821
7223.5,0.7221167322211672,0.6561647727272727,0.7922943105303997,0.3898857580635486,0.325811609903627,0.49171054636424516,0.729648298774201,0.6587439567505775,0.787630739646358,0.37992685730062237,0.3115538158654243,0.48159790623065235
7228.5,0.7246376811594203,0.6600262883668055,0.7992802033425557,0.39019723797265804,0.31805607927894786,0.4893788963287924,0.7318330399798842,0.6569045893719807,0.7942127597307579,0.38341812242047907,0.3076546673966603,0.4809350915644856
7233.5,0.7227722772277227,0.6518500547427093,0.7875733209502396,0.3860762225189206,0.3253707100029844,0.4847253908974654,0.7349939975990396,0.651426703584064,0.7875864424144112,0.384882326487783,0.3085612126054752,0.49706223772570823
7238.5,0.723015873015873,0.6535736489717838,0.7991121495327103,0.3853781260851507,0.3224205102516512,0.4750479405885361,0.7336448598130841,0.659967032967033,0.7895121951219513,0.3822192595947949,0.31228145517977235,0.49399656946826753
7243.5,0.7286073223259153,0.6521409749670619,0.7982287234042552,0.390858221553301,0.31792538354253835,0.48853591751165876,0.7317688551275094,0.664753959001263,0.7916684618698836,0.3885933806146572,0.30786299165536424,0.4913729790050086
7248.5,0.7256892604757639,0.6600262883668055,0.7953658536585365,0.39445906074582193,0.3188336081158114,0.49513598651064733,0.7302754435107376,0.6554531160663236,0.7934754947128252,0.388829185520362,0.3195579685362517,0.4829413746630725
7253.5,0.7304810525246368,0.6551363061924534,0.803842549203374,0.39419948572505586,0.3195118536442554,0.4884632034632033,0.732695374800638,0.665035820566516,0.7851953141823506,0.3848361713106295,0.32574703610997924,0.5000477099236641
7258.5,0.726336038789923,0.6541741321388578,0.8030313454605499,0.3952912319553365,0.3197161975080757,0.47742708742036133,0.7368421052631579,0.6649012437751101,0.788499245852187,0.3884677118862679,0.3103695771890106,0.4847212448822926
7263.5,0.7297342995169083,0.6562911653906914,0.79714114010989,0.3935090833824255,0.32344957059208707,0.471260905965505,0.7315943992773262,0.671407281505567,0.7884750812567713,0.3941055571040436,0.31041459837545127,0.5000272628135224
7268.5,0.7293176328502415,0.65669287516987,0.7980808080808081,0.40244413602958296,0.3155628209537415,0.4789023111865422,0.731833257952661,0.673072366022603,0.7874544253030717,0.39187764955252,0.305580832706568,0.49080098250658993
7273.5,0.7287434480804647,0.6699483476015112,0.8073311237373737,0.39592201276983885,0.31860010555946516,0.47662295161984547,0.7342936520906778,0.678537087912088,0.7870247013344398,0.38775210872651067,0.3120342400084057,0.5004319654427645
7278.5,0.728893721832093,0.6491223477542023,0.8020545985234362,0.4026531433024156,0.3290327298401331,0.4787564913698173,0.7334890965732087,0.6760597088576363,0.7899804305283757,0.40196047280122016,0.3123089572173313,0.4920624894372147
7283.5,0.7355769230769231,0.6557010227821429,0.7951668486834123,0.39629673416941746,0.3231878752706413,0.4687210204265155,0.7358490566037735,0.6732699210337402,0.793655180129783,0.40648699891657636,0.3154280047179808,0.5038253835155143
7288.5,0.7290559075571093,0.6387804878048781,0.8042018859627693,0.3938216099911682,0.32717332622124584,0.4885500420785022,0.7315947458698204,0.6748172154524241,0.7904978354978355,0.39766880893342105,0.3106285857716581,0.4887643421562515
7293.5,0.7301960784313726,0.6366657931516423,0.8020331006768189,0.4008504473048078,0.3332859848484848,0.4838356577769699,0.7315109416365093,0.6747868510799545,0.7925562160765056,0.40153933759008253,0.3111052937754509,0.4955708222016057
7298.5,0.7306823168056165,0.6527464717230175,0.8015417331206803,0.39687158363267216,0.3314115717824467,0.4773118419385598,0.738206497552292,0.6841232227488152,0.7980791802094619,0.4024221023893865,0.3276148404722412,0.5067012917334492
7303.5,0.7263916267718014,0.6513337601365771,0.8063626750573852,0.3979048050926246,0.32300919413183277,0.4650865002506531,0.7373564821270859,0.6775827049237737,0.8029745638007147,0.4030983451191952,0.32670809634154907,0.5170114026317922
7308.5,0.7282081046855213,0.6336081049965462,0.7952667663924208,0.3974532044382638,0.3270373388495372,0.47541227597079316,0.7355769230769231,0.677669708330386,0.7972463768115942,0.4041734969172728,0.32232608803594925,0.5060051671015662
7313.5,0.7270509977827051,0.6377880512091039,0.7970029720417663,0.3953956363539194,0.3321024532153193,0.48367547875744593,0.7360811444652908,0.6778846153846154,0.7961227516264829,0.40368988088648533,0.3340072187599726,0.5068530353642713
7318.5,0.7250538510799325,0.6414514925373134,0.8082962084160573,0.3941915468619527,0.32289060363686084,0.4845411093039466,0.7408249158249158,0.6764634839443024,0.7990207805610283,0.40603703401172475,0.3221223470661673,0.5106640921880304
7323.5,0.7191297208538587,0.6386944444444445,0.8086457357075914,0.38838877755511025,0.3180511325409285,0.47128746398154836,0.73770347944364,0.680164185267044,0.7963432326335552,0.3994822859315148,0.32140880337374805,0.520032590412111
7328.5,0.7211538461538461,0.6357857324193957,0.8121719613259669,0.3987633985741126,0.3166235402498171,0.47387983777054005,0.7348784868748512,0.6782093697174596,0.79427025527192,0.40348452651158856,0.31872821914170973,0.5145965752774876
7333.5,0.7218116234486933,0.6333156028368794,0.8010735544217686,0.397899238776663,0.3077920110192837,0.47206901246985755,0.7357129898403483,0.6733570290476775,0.7909158751696065,0.40875922088058225,0.3288496099470167,0.5170425964073235
7338.5,0.71875,0.6301883012820513,0.8102699055330634,0.3944911698275674,0.3238130121974461,0.47339264246748153,0.7347674086757991,0.6764634839443024,0.7864755181895093,0.41083509143422103,0.3278057713651499,0.5005544380719351
7343.5,0.7198067632850241,0.6467195273631842,0.7990452261306533,0.3977531319925965,0.3143645214984759,0.4685743790352614,0.735435520361991,0.6792452830188679,0.7900010867202781,0.41260758535893316,0.3407809295967191,0.4974671550291048
7348.5,0.7258783801201247,0.6446147660451325,0.8081406852025408,0.3998047348944431,0.31971638632880756,0.4741450963211761,0.7343372584541064,0.6698236085744497,0.8038324420677362,0.41068314249623084,0.34247663144546814,0.4908930369274128
7353.5,0.7252450980392157,0.6343480300187617,0.8075884899414311,0.39886438611969743,0.3175023893568488,0.4772052948085578,0.7379796578825706,0.6737562409711838,0.790204526578073,0.41051315362502966,0.32743973368973367,0.5071508585948279
7358.5,0.7286073223259153,0.6431631195191645,0.8033574082796879,0.3916531999313428,0.3090627850410459,0.48093855198900004,0.7320773744041071,0.6650103543488265,0.7856047027695983,0.411293095364611,0.33207010942930176,0.507763273173296
7363.5,0.720595664830274,0.6417870540346396,0.8051346153846154,0.3980368494996779,0.3225554651128163,0.4780040731028224,0.7358725916026283,0.6649886877828054,0.7858153638814016,0.40995808715851134,0.3323598891726198,0.5094381356769033
7368.5,0.7199048272314156,0.6423864734299517,0.806762715340443,0.3932125170317577,0.32084692212436494,0.47755178575923074,0.7368421052631579,0.6731936380933795,0.7919477254978524,0.41324250691713715,0.3312687967663547,0.5055950227564476
7373.5,0.7263687473728457,0.6516415385003915,0.8020098441345365,0.39086317807310195,0.31399131032614686,0.4745884572386808,0.732851593601467,0.6677220360284877,0.7914790679304897,0.4081221718219076,0.32690563172153353,0.5095363460069342
7378.5,0.7294609296570401,0.6441448346339651,0.8029593969249141,0.3918360641373872,0.31405924889659526,0.4786031938548615,0.7294685990338164,0.6615641711229946,0.7917109929078013,0.4018373313841451,0.3254995587802726,0.5030140726738079
7383.5,0.7230366240507546,0.6446761491481839,0.7969753840782122,0.3911638356510546,0.3142286995399737,0.4686338869428543,0.735435520361991,0.6747475369458128,0.7927628335655342,0.3993046744150637,0.33022467481277096,0.5127853228654935
7388.5,0.7224972497249724,0.6472509776857602,0.7942127597307579,0.3911501382790894,0.3147700265622816,0.4791824154067675,0.7353560291060292,0.6745810613113447,0.7972381367542658,0.4047159328514248,0.3221444452781606,0.5090985928272456
7393.5,0.7234432234432234,0.6367352500340646,0.8022851869945176,0.3891333100115798,0.313667084086927,0.47948908802909856,0.7359020563917744,0.6714089438461197,0.7950119047619048,0.4057015758677994,0.3112751174892666,0.510196948107765
7398.5,0.7275035958288385,0.6449282178217822,0.8035487818444765,0.3894016043370684,0.3206949547732046,0.46230630506449794,0.7313639968279143,0.6768189102564103,0.7904003602423448,0.3971273852501289,0.3212112481739977,0.5235406806400721
7403.5,0.7234595306630238,0.6345747562296857,0.8100263157894737,0.3925189955095537,0.3150968658701701,0.4647209143225079,0.7354245283018868,0.66828231292517,0.7905837173579109,0.3956322915166355,0.3094941400205648,0.526448362720403
7408.5,0.7180851063829787,0.6376378974691758,0.8056941057378181,0.3897067450734538,0.3205351629502573,0.4669051364597249,0.7350506294471812,0.6717171717171717,0.7962236856607516,0.3962161523733745,0.3107981220657277,0.5084228951843799
7413.5,0.7234169145771356,0.6302222010526566,0.7934465901940855,0.39023874732079067,0.31137233116376,0.4840451154529307,0.7364853896103896,0.6634086766314254,0.7989973792407011,0.3975787868183529,0.31277997364953886,0.5007053361450607
7418.5,0.7204060913705583,0.6407691140776699,0.7952985436893203,0.38760796859095537,0.31853741262480845,0.4694817236215839,0.7368421052631579,0.6616018890319973,0.7916968599033816,0.3964372298935386,0.3041246152237595,0.4907632783955837
7423.5,0.7182858910891089,0.6358759631173424,0.8075762169910138,0.3882202715541948,0.3153835348734309,0.467371611337651,0.7340136054421769,0.6632526056206961,0.7900408163265307,0.3896977033304979,0.30058370055007905,0.483396517290013
7428.5,0.7149859943977591,0.6412061794414736,0.8022946759065988,0.3920132137146827,0.31549458874662323,0.46953901241660245,0.7299289099526066,0.659551812226522,0.7954294615042278,0.3921771026065505,0.2933305696255237,0.48257784051512137
7433.5,0.720397744590064,0.641387633238462,0.806282722513089,0.3909127706941915,0.31580783564009274,0.47130065273427757,0.7292109187870023,0.6598502415458938,0.7962085308056872,0.38090015614734973,0.29684002869440457,0.4730302995699921
7438.5,0.7157627571466738,0.6471752680129644,0.8122952535454497,0.38876660830279275,0.3111275265849501,0.47214804556102147,0.7350799086757991,0.6572633870857999,0.7979787234042552,0.38717653867474267,0.2988711856772886,0.4750256975399547
7443.5,0.7122926093514329,0.6427849927849928,0.8124736725418465,0.3889630078835658,0.3135842507046701,0.4644845992186795,0.7291304347826086,0.6452301131180441,0.7876602127079356,0.38859089406919695,0.2894966422086805,0.46925331431299844
7448.5,0.7248188405797101,0.632947434292866,0.8196082474226803,0.3895415747827215,0.30503963394986144,0.4674043831369025,0.7286073223259153,0.6549030612244898,0.7864593593171052,0.3830478032605692,0.29443971080759596,0.47073689506906957
7453.5,0.7285714285714285,0.6267723880597015,0.8252499999999998,0.38888020808010426,0.3164815484568157,0.46795789266533777,0.7303135253372219,0.67,0.7872341606357945,0.38189248438206186,0.30494772809820037,0.4621689051666688
7458.5,0.7270384254920337,0.6357087817191444,0.8184185606060606,0.38604848512648793,0.3148262900263811,0.47682160412052643,0.7283410138248847,0.6618732394366197,0.7857308970099668,0.37754405312651784,0.3070764517246052,0.462539149888143
7463.5,0.7357512953367875,0.6351973778375748,0.8182839632277835,0.38382632668143646,0.31848351355714194,0.47207564483060205,0.7272643994045573,0.6650233990147782,0.787258258536134,0.37591239811189747,0.3126330020776656,0.4637650665976806
7468.5,0.7312717071867486,0.646562977933144,0.8124560522350577,0.38598352353900367,0.3120470144131778,0.46971018775500467,0.722488038277512,0.6597884169050575,0.7845038745880466,0.37257445479158613,0.3026087454212454,0.4598921700465875
7473.5,0.7321765645418905,0.6427531206657421,0.8182083997873472,0.38456533707021673,0.30558549618320613,0.46467601773553846,0.7237138071308926,0.6583966039090956,0.7860865575037433,0.3743822406750151,0.2970137495511859,0.45389431690595056
7478.5,0.7326460481099656,0.6562417328042328,0.8073642418032786,0.3818913307282099,0.3050793292121956,0.4690055179273433,0.7263291517323776,0.6598932440211418,0.7932157177225341,0.3712947985890515,0.2994154676258993,0.4490513578845202
7483.5,0.7351470588235294,0.6576705429646605,0.801181068297185,0.3787412694171978,0.2989719265971849,0.4610444683521606,0.7286073223259153,0.6717061923583663,0.7845016680567138,0.3713580019419265,0.2921237183868763,0.4669174990200981
7488.5,0.7265987137483315,0.6449623306495942,0.8081529581529581,0.375,0.31361699903222723,0.46240691875772305,0.7279639502411779,0.6681464174454829,0.781270570225794,0.36691701954796285,0.2974315353824954,0.45111967497106553
7493.5,0.7303873162168093,0.6379486352890609,0.8021200117370892,0.3774141729579929,0.3090176696799709,0.45316634703130504,0.7333333333333333,0.6682881870293358,0.7904872646733111,0.3662437951918285,0.291131461558646,0.4537643177521589
7498.5,0.727510709186102,0.6435790273556231,0.8013200128390305,0.36959918056532715,0.301603999101919,0.45356965946973477,0.72499793371353,0.6731485587583149,0.7867873043228494,0.3638689750343912,0.2980379953076121,0.45793226381461666
7503.5,0.7268439108061749,0.653434566254553,0.8119101342693186,0.36598071968542834,0.2906190605484659,0.4465708414814521,0.7251184834123223,0.6730073407530193,0.7837964725288669,0.36293542074363994,0.29279078248838225,0.45851464952988474
7508.5,0.7265805260729119,0.6533901184236071,0.7978723404255319,0.36753648883173307,0.2847465437788019,0.44747523064220834,0.7235023041474654,0.6601742816768723,0.7991852487135505,0.3631854665768029,0.29632757995441045,0.45096421875332887
7513.5,0.7296607832322117,0.6563397435897436,0.8000537634408602,0.36274419597828556,0.28319158501654634,0.44524137041327916,0.7226134585289514,0.6553030303030303,0.7905988455988455,0.35988002368631083,0.2944116206779084,0.46196814755184357
7518.5,0.7318330399798842,0.6582850476874167,0.8044958100558659,0.35843719410209574,0.2798006284240214,0.4274285714285714,0.7268292682926829,0.6616766536603493,0.7924578482537135,0.3618737537947511,0.2966097300452719,0.4620072382280931
7523.5,0.7265305534757818,0.6665064102564102,0.8053717948717948,0.35897754089358186,0.2831498388829216,0.42682534755751744,0.725,0.6619495392521709,0.7886875884374368,0.35835878764539586,0.2965593708113222,0.4541299021613982
7528.5,0.7261517096063594,0.6614409722222223,0.8051145833333333,0.3574252011949913,0.27761971473500474,0.42067124398965217,0.7268439108061749,0.6620039682539683,0.7947500000000001,0.35434685392443616,0.29562513305556404,0.4604311493453829
7533.5,0.7231372906875941,0.6632425412084577,0.7989673913043478,0.35835333739385905,0.2843914445764726,0.4306103637054434,0.7244683732899906,0.6629726055507106,0.7916772419627749,0.3568030810676205,0.29250249797039907,0.4683429638342335
7538.5,0.7239737274220033,0.6501859132247063,0.7990452261306533,0.3591118443665361,0.28021249455541036,0.4398791179435787,0.7290180010128446,0.6664991624790619,0.7973697568795082,0.35574872610451336,0.29182194616977225,0.47176765771527013
7543.5,0.7186398316232571,0.6614680458430459,0.7937091395726382,0.3551316046452233,0.2806372934697089,0.430796264438437,0.7272873120645398,0.6682892637337589,0.7963853276353275,0.3652712343518643,0.2991248004877347,0.45653312997648865
7548.5,0.7231528328547336,0.6583827500397099,0.7931389975115535,0.35262593853962576,0.2875481222237179,0.4427266111339786,0.7346455169745624,0.6665845648604269,0.7954828132066938,0.36343554943852185,0.29177018633540375,0.44910927551827295
7553.5,0.7276916631755341,0.6600885199169813,0.7893471096463881,0.35805626598465473,0.2864836499563198,0.4378935708577827,0.7296022603781787,0.6632536111768885,0.8000943396226415,0.3691311447716651,0.29160622508285705,0.45241581762608246
7558.5,0.7281329694420831,0.6548480392156864,0.7935898042182918,0.3560433024030455,0.2950662608753184,0.44238234867480364,0.7355227064919232,0.6666666666666666,0.8018083300691996,0.36924153592367515,0.2912603228228228,0.46787211740041923
7563.5,0.7248188405797101,0.6547896825396826,0.7799867608120035,0.3571804907421346,0.28869452487015707,0.4380626164199065,0.7369777536625068,0.6536460643015521,0.7968249098857273,0.3730085733079144,0.295696728569236,0.46681729821690604
7568.5,0.7242184982275217,0.6618192325473878,0.791499694993196,0.36101065882841954,0.2907433594280284,0.4386314488724127,0.7367137355584081,0.664939228160507,0.8085373676895113,0.3782484854743219,0.3028783696094498,0.4729668349912034
7573.5,0.7274977497749775,0.6617714842884369,0.789053479525621,0.36136771701280934,0.28981133604951154,0.4395954294089941,0.7376643402045122,0.6602792826452456,0.8110230099502487,0.38158742949234487,0.31408316758030375,0.4934972872944441
7578.5,0.7246376811594203,0.6595460403461245,0.7871811442227967,0.35976473433289574,0.28804896106220607,0.436554263954304,0.739717104038712,0.6631707317073171,0.808515728392548,0.3847805471023775,0.3140538432233369,0.5016081704730201
7583.5,0.7237138071308926,0.6662826420890937,0.7835606661379857,0.35617121848739497,0.29119406230253214,0.43262986806042447,0.7400902668759812,0.664986498649865,0.8081406852025408,0.3843334619113645,0.31022087967700107,0.4836313347997473
7588.5,0.7239737274220033,0.6649668482121714,0.7854695416519383,0.35882135826771655,0.29168850341823155,0.43321297536544173,0.7428571428571429,0.6683940886699508,0.8056614509246087,0.3856785118053899,0.3088003980810452,0.47682984144046053
7593.5,0.7277227722772277,0.6562713078355537,0.7856059009483666,0.3574417214584579,0.2869445053739856,0.4426249227654568,0.7385680757227968,0.6681093577475156,0.8092906234658812,0.3823554844567426,0.3116047292589806,0.4680644364130602
7598.5,0.7276995305164319,0.6595587135377712,0.7799638172772501,0.3587742675859976,0.2802967535328738,0.4437747277899486,0.7415043909889271,0.6768681318681319,0.810084619213539,0.3877611266659494,0.32448472206562184,0.45938209266818286
7603.5,0.7272727272727273,0.6744771660264618,0.7839510302381589,0.3645924190855797,0.2833938315665551,0.4438091906866817,0.7402830188679246,0.6733780079195857,0.8238485171973859,0.38236711853920446,0.31642021601991244,0.46348324557891096
7608.5,0.7274977497749775,0.6714755430766958,0.7910659970290725,0.3634007552415742,0.2870697656725502,0.44803763473453195,0.7410147261849978,0.6682680915056507,0.8062911670325958,0.3786617618723027,0.3033335579514825,0.4609052031361368
7613.5,0.7311320754716981,0.6777251184834123,0.790703607024205,0.3617220230639658,0.2954499706939349,0.4562280933610674,0.7401923076923077,0.6631828488971345,0.8182521087160263,0.3799143780710801,0.3055287642570566,0.4601186946848498
7618.5,0.7292109187870023,0.6772167288053169,0.7922883412364478,0.3622348917251028,0.2983281191340258,0.4476680017801513,0.7403580535486614,0.677975272401612,0.806112818261633,0.37988326813698825,0.3021065780803866,0.46137867234806007
7623.5,0.7330033003300329,0.6775724741676235,0.7902948141131897,0.36395679226960476,0.29472911963882614,0.4367724297961622,0.73767082590612,0.6681891025641026,0.8009557225524339,0.37542670412518275,0.31039031851580284,0.44861190256557176
7628.5,0.7307692307692307,0.6798029556650246,0.7863658428949691,0.3633743777835997,0.2964916380781416,0.43855598792013534,0.7407407407407407,0.6555901244480129,0.7979808368266201,0.3720745179518996,0.2953976170450175,0.4415437885091367
7633.5,0.7307621161672215,0.6789398084815321,0.7912724888418534,0.36488668431617843,0.29858163256816234,0.4467584857932819,0.733500837520938,0.6633572446072445,0.7960757200076292,0.36593841227987567,0.29525525465084596,0.43271841000662375
7638.5,0.7270384254920337,0.6745539507221749,0.7902555168408827,0.35855287683693327,0.2931719192400307,0.4346019090107382,0.7331588132635253,0.6538069073783359,0.7889569468966454,0.3617877568858928,0.3028395937013149,0.43568074432713055
7643.5,0.7240279857489544,0.6665869218500797,0.7877721335268505,0.35733477789815815,0.2977963128825198,0.4332144393850389,0.7323232323232324,0.665,0.79,0.3626679954347168,0.29606986243767647,0.4314703744093055
7648.5,0.7264066951566952,0.6632389890629619,0.7882684729064039,0.3595647413610956,0.30054326047755525,0.4350809838169549,0.7295697939305072,0.6681304759649539,0.7942751842751843,0.35882635011479147,0.290921215892246,0.4336944178486337
7653.5,0.7279639502411779,0.6650448474693215,0.794572298325723,0.35908052983024324,0.29779362921211744,0.43338041629327057,0.7277111513968297,0.6526945635306804,0.7921125532242344,0.3587454314435472,0.2953502938337497,0.4289699407645421
7658.5,0.7229246001523228,0.6648386579762795,0.7955925925925926,0.36109564721497117,0.2852177276746242,0.4368341436380582,0.7288476834360708,0.6577586206896552,0.7980802319277819,0.35693458210780904,0.29601267575726803,0.4397409811463259
7663.5,0.7203791469194313,0.6649487544650152,0.7900454545454546,0.35669960793996075,0.28551294221884693,0.4370401091958621,0.735271467077397,0.6647218528368795,0.8045519325048455,0.35725836327033966,0.29590293165678916,0.4408215275959494
7668.5,0.7244683732899906,0.6679505214649527,0.785527588456261,0.3557015167930661,0.27719888807995235,0.43946291626589024,0.7339901477832512,0.6682579564489113,0.7931982758620689,0.35759324419422944,0.29494294913123204,0.4362728384201946
7673.5,0.723783214943436,0.6635469086987779,0.7766522103395594,0.3559565323169248,0.28339337366630996,0.43407244073336165,0.7300793650793651,0.6631456776267123,0.7951514778325123,0.35692322383498853,0.29787899158892656,0.4344654239094295
7678.5,0.7241496598639456,0.6679906542056075,0.7858005521048999,0.3551318988025569,0.2808300992716331,0.42901898734177213,0.7316431322207959,0.6603681993039018,0.7925968934172409,0.36023932379683654,0.29846542370574736,0.44155163348028126
7683.5,0.7218246663598711,0.6586865267433988,0.7826292042657916,0.35757817685584453,0.29063040937402906,0.4349684839922976,0.7338164251207729,0.6613855950812473,0.7980319249715802,0.35974137931034483,0.3017378048780488,0.44323963944228234
7688.5,0.7223551302498671,0.6681070007578628,0.7905993592248183,0.3538936505767021,0.28599615543380824,0.42987036778560955,0.738911951059646,0.6602792826452456,0.8051145833333333,0.36177742301450067,0.30530946846049517,0.45268590507241824
7693.5,0.7199951247617782,0.646588664716618,0.7838803088803088,0.3510715343845673,0.2800680053891063,0.43782792647194074,0.7389990328820116,0.6534211871891414,0.7944348019581664,0.36566947177782094,0.30961623867414323,0.44400345290619603
7698.5,0.7177033492822966,0.655449785816278,0.7935119661055765,0.3557544528123362,0.29026769924995427,0.4351421988679201,0.7413784734862274,0.6563689526847422,0.8079082454767276,0.3659871900496984,0.31121760795214365,0.4410519515413566
7703.5,0.7202813165789816,0.6547939842315584,0.7839736180904522,0.3548600399092428,0.2911637433438406,0.4411755563844336,0.7414634146341463,0.6602220360284876,0.8075117370892019,0.3702982404231121,0.30501443001443,0.4502311231299028
7708.5,0.7192523163111398,0.6599949238578681,0.7902439024390244,0.35628253356468315,0.2905097702084156,0.440801652708647,0.7394356883059627,0.6664912280701754,0.8112386197594694,0.3720526406922139,0.309123972169513,0.44823187363230826
7713.5,0.7184466019417476,0.6649714719550913,0.7900505296340078,0.35726904674273097,0.29223312531229734,0.4303274402390438,0.7401235930258221,0.6680815459031612,0.8095354239256678,0.3727735239315244,0.3123444073619098,0.4496024622912597
7718.5,0.7250592417061612,0.6563879087273583,0.7857728337236534,0.36086862284936994,0.2956078560456441,0.426127474715787,0.7424992499249925,0.6507086999022482,0.8126516990291262,0.3752951664013127,0.3099825615803173,0.44122904116947387
7723.5,0.7236180904522613,0.653401352330355,0.7840701305119392,0.36010752688172043,0.2937542532121274,0.4321037475665152,0.7424992499249925,0.6536585365853659,0.8172070301839419,0.3819495379199061,0.3210416150834044,0.4488660477453581
7728.5,0.7250796216190522,0.6581973972426234,0.7874907097733185,0.36224367832175985,0.28946089861942514,0.4327001818955841,0.7468549422336328,0.6631828488971345,0.8238471177944862,0.3832868558429099,0.3215521565797464,0.4443530405579095
7733.5,0.7257587966693526,0.6634490833001195,0.7850978751104292,0.36087712712374787,0.2801269113672904,0.42860568687906814,0.7487308336554568,0.664976076555024,0.8333333333333334,0.38892720306513406,0.315194291589601,0.44856583762989866
7738.5,0.7268405600722674,0.6633140190749667,0.7810945273631841,0.36012178323613847,0.2848512664612498,0.43749394621110926,0.7409287460048881,0.661621319241115,0.821746545133784,0.3867777819819138,0.3231293298577591,0.46296415541375346
7743.5,0.7288177339901478,0.669970683243302,0.7884510125889436,0.357114449845338,0.28680357815397384,0.4276726178485092,0.7473105841526895,0.6699628574965952,0.8255485527544351,0.3925444780051838,0.32659493837153164,0.4788811983471074
7748.5,0.7254033102870312,0.6683074265975821,0.7926067535746363,0.3572732152442297,0.28876157309097084,0.428763268960225,0.7396141518737673,0.6629145408163265,0.8219235970250169,0.39548590387248533,0.3201195192372256,0.47968980751936763
7753.5,0.7305008944543828,0.6713361668524712,0.7850548128342246,0.35714829237724366,0.28335545957682823,0.44195443542156665,0.7357451722933956,0.6543702357377316,0.8152817493692176,0.40378029277893956,0.3198431267381384,0.4950218443133332
7758.5,0.7323587992602077,0.6788791656677056,0.7900522388059702,0.3526014833267282,0.284330584093595,0.43076719305640615,0.7349145063430778,0.6597122869766463,0.8232359087395872,0.3953396445893312,0.31657448130984506,0.48836827280205397
7763.5,0.7288119694198208,0.6795303592184646,0.7882147640634658,0.3516542477086314,0.2802317629179331,0.4515899714004406,0.7328023070246661,0.6698212285287528,0.8143018654607123,0.40186552880072285,0.3216639928436175,0.492542396667356
7768.5,0.7298578199052133,0.6827355159685443,0.7905759162303665,0.35266044030893207,0.2740172801955146,0.44975889781859923,0.7264150943396226,0.6650183598531212,0.7961698858647936,0.3956778606965174,0.3126622452239878,0.47628218329233873
7773.5,0.7343983888087526,0.6745476390724499,0.7874458711922105,0.35538954108858056,0.2790727124875057,0.44981839684379776,0.7255357957136344,0.6547237053207438,0.791765873015873,0.389573947549005,0.3027848801815264,0.4705123015433388
7778.5,0.7319504958434685,0.6719479876521638,0.7879708297932596,0.3650583710760581,0.2807020556345975,0.4541205821205821,0.7202072538860104,0.6574868815592204,0.7795080358238253,0.3802024885440076,0.3082379592238747,0.4751806734191076
7783.5,0.7331588132635253,0.6697860962566845,0.7895,0.36694464955334516,0.27975299182668417,0.4679375500109114,0.7212734404898584,0.6617610477026631,0.7789449640547234,0.3704762851883031,0.2868288901493666,0.4648588335627506
7788.5,0.732505980861244,0.6701517527307519,0.7973453867125843,0.373258476798881,0.28161460006643324,0.4728872604219877,0.724223602484472,0.6615910434525569,0.7840637196132948,0.356573262168001,0.27913406277630415,0.45628187592409025
7793.5,0.7356493960267545,0.6596399593062208,0.8040252810443973,0.3789716797093975,0.29488516486828625,0.4813330059874973,0.7218246663598711,0.662994923857868,0.7858893557422968,0.3530568216347615,0.2827363064950614,0.45484877312592303
7798.5,0.7395390413606494,0.6630807642205818,0.8168472418670438,0.38385214710007426,0.3078373094502127,0.45872425278159423,0.7234595306630238,0.6716364677704884,0.7837056036069193,0.3557297174554773,0.27821174671046917,0.4500165993821481
7803.5,0.7414230019493178,0.652778682457439,0.8148848848848849,0.3885533806466436,0.32205409334116847,0.48423638123011276,0.7209830144474815,0.6650485436893204,0.7865073973429952,0.35417004911312255,0.27243338927440036,0.43612060575978984
7808.5,0.740658628935831,0.6703238251110591,0.8325296108291033,0.3950898767718216,0.32408336104525803,0.4948462978302754,0.7201072017592083,0.6699146514935989,0.7806048287755605,0.34946497853010616,0.2723536299272625,0.43196785922254255
7813.5,0.7432878679109836,0.6632571210302303,0.836021756021756,0.4020878215688759,0.3249572573402892,0.4883461538461538,0.7248853211009174,0.6649158291457287,0.782125445021429,0.34166955458598003,0.2753433127763274,0.4345907173395325
7818.5,0.7452762923351159,0.6665807560137457,0.8295363135647496,0.3966831259185637,0.3257153910068398,0.4792666565411097,0.7241379310344828,0.6650843034925733,0.7741170262664165,0.3471016085601464,0.2740712513069878,0.4321314487632508
7823.5,0.748792270531401,0.6665040650406504,0.8298739592969472,0.3985196579312491,0.32659463455398663,0.4741810344827586,0.720595664830274,0.6542439749924372,0.785748959778086,0.34732072739766373,0.27318084884747107,0.4216717263661188
7828.5,0.7551041666666667,0.6648147653159414,0.8245015114521568,0.39345202377478916,0.3235104279273341,0.46285965727534817,0.7240542946150423,0.6634591932457786,0.7892156862745098,0.34156438527147914,0.2731972919691385,0.4181545628665146
7833.5,0.7549019607843137,0.6666666666666666,0.8233136449238143,0.3898386575110713,0.32457175198643173,0.46136875604046695,0.7245637385388939,0.6541876347951114,0.7914549910873441,0.3435304718978234,0.2705275819797732,0.41848890876197525
7838.5,0.7531099169030203,0.6749564169614931,0.8211627906976744,0.38654222660620374,0.3153622019950936,0.4557303699301168,0.724223602484472,0.659288199237948,0.7903868797308663,0.33913195007218605,0.26758202859087815,0.41323682498373454
7843.5,0.7530251864359083,0.6805968586387435,0.8253511408999062,0.3854583552496169,0.31690126197343416,0.4611813942748032,0.7239737274220033,0.6651504524886878,0.798256880733945,0.3441330723615814,0.27576351079082756,0.4004430617015333
7848.5,0.7525773195876289,0.6666666666666666,0.81323304131361,0.38513322633580105,0.31735473073100995,0.4493693338588884,0.7212734404898584,0.6664991624790619,0.7827476672622593,0.33888072118297996,0.26916796216055305,0.4033231030429672
7853.5,0.7437160540608816,0.6599665242359088,0.8152981058975463,0.3802415554146459,0.31847285494588395,0.45296400633108325,0.7230635289151541,0.661157119852772,0.780849925335988,0.3395427399408819,0.2648530540317767,0.4086411538261546
7858.5,0.7419474177477433,0.6632459918640823,0.8085322133249594,0.37494722026741734,0.322853812596125,0.44130122202453415,0.7259169244365886,0.6714853417094993,0.78738846945779,0.339506691683658,0.2766307139188495,0.4082238670998426
7863.5,0.7438399728109144,0.664698861297846,0.8151768137076194,0.3732745825602969,0.31966675742135675,0.4420493358545356,0.7326664705305482,0.6628862282056941,0.7962790566463552,0.3364914352514553,0.27900813958688725,0.40646801530891197
7868.5,0.7391304347826086,0.6600262883668055,0.8075268072372613,0.37348838619685854,0.3030702074726679,0.4348647290494253,0.7379000780640126,0.6719416755910701,0.7980249421590204,0.3398982211582461,0.2723225028489651,0.4069783706590476
7873.5,0.739023345470122,0.6532560762998667,0.8042231358814274,0.36669445105977616,0.30336379681865927,0.43724493594155817,0.7415999139831192,0.6634756836275527,0.8118962657687089,0.33951062003060956,0.2821136589449308,0.3937999007687569
7878.5,0.7421052631578947,0.6666666666666666,0.8048791394730481,0.3633160693262725,0.29395278435035577,0.4373042893450337,0.7387626262626263,0.6664179104477611,0.8086340794883509,0.3387855305989911,0.2825371945060385,0.4068698336427806
7883.5,0.7391389791426475,0.6683636137381782,0.8139428955734898,0.36061984605745356,0.29476235146966856,0.44228806105290386,0.7376643402045122,0.6617320261437908,0.7991149581793425,0.33644617791307285,0.2825381965623094,0.40542549972127095
7888.5,0.7466843131791585,0.6701290939517093,0.8165874712916765,0.3573728955934131,0.29294893276964323,0.4298901694247438,0.7312376795268938,0.656732373800584,0.8023053033922599,0.33979579255153625,0.2845750620803151,0.41470911206231487
7893.5,0.7448316283034953,0.6700979381443298,0.8160334690185436,0.3566303204268769,0.28467381715107026,0.43565029348161877,0.7407506833268255,0.6596138336733242,0.8022394272394272,0.3396531122628986,0.28474863509474047,0.41753559553897873
7898.5,0.7463050600655261,0.6776654846335698,0.8198819875776397,0.3540494316933116,0.2843361167177829,0.4273795839751156,0.7360837322819862,0.6561655011655012,0.80754292147481,0.34792949727276956,0.28879378253463794,0.41426890549115764
7903.5,0.7519240019240019,0.6839473684210526,0.8142076502732241,0.3489454837583274,0.2695123563866612,0.4175085616438356,0.7348837209302326,0.6633168191056911,0.8042336032494076,0.3477098277644203,0.28819945808932784,0.41138932427725533
7908.5,0.7525844525844525,0.6716391665344545,0.8224463442871137,0.33964460784313727,0.2700705331536224,0.4195913787704832,0.736217211228716,0.6649156161338442,0.8068396285449676,0.34369754661884067,0.29142548768787974,0.41944193631188753
7913.5,0.7553191489361702,0.6788624338624338,0.8282488046448087,0.3276611819889914,0.2599791894852136,0.4137162988986696,0.7356673633920574,0.6618285384670849,0.7989431626029564,0.3476396609165524,0.2900567572461245,0.42163985118792796
7918.5,0.7569910951413842,0.6719383971608666,0.8324607329842932,0.3244944422124012,0.24479576532003586,0.4135448044696739,0.7324982498249826,0.6634122192707076,0.805012939958592,0.3466345869114599,0.28263933685976006,0.41775824422047847
7923.5,0.7593155239623939,0.6718141841317365,0.8360565870910698,0.3226514641832796,0.2416454081632653,0.4030173319327731,0.7377844978513449,0.6697865353037766,0.8080968217849015,0.34995479204339963,0.28720944416253563,0.41811416281238684
7928.5,0.7591784056896504,0.6680170046647037,0.8308201058201058,0.3290940060105638,0.2573938138227024,0.40746777044797994,0.7333390252232034,0.6713410726609484,0.8021853442665624,0.34981774563579404,0.28429377545218804,0.41541936457641127
7933.5,0.7569841121203609,0.6823401245048104,0.8344858628967724,0.3272069019308767,0.26056764080277434,0.41616009557055766,0.7407448053848404,0.6683133123738915,0.804940268790443,0.349266132979292,0.2844875110164912,0.41511545886545886
7938.5,0.7571662571662572,0.6800553272634491,0.8342659463035449,0.33159854851031323,0.264634185201708,0.4381202310913481,0.7437804787484219,0.6683648211759952,0.8105750697294724,0.35176799227441113,0.2812152283017891,0.4129296895314369
7943.5,0.754854826546003,0.6857069219440354,0.8223512790377835,0.34212261132441857,0.2769746634192545,0.43275535392621245,0.7423461418306779,0.6633620565848054,0.8098490338164251,0.3534359153698199,0.2769338347517914,0.4136302481233111
7948.5,0.7481550735477437,0.6871675531914894,0.8110202702702702,0.3512440505422785,0.27111278362276586,0.4307811961633718,0.7414601632983409,0.664876386378072,0.8148561969791019,0.3489205966830353,0.2737393333686005,0.4151538955574006
7953.5,0.7511857929639204,0.6897225935828877,0.8084019634578674,0.3551439753983785,0.27902738151002854,0.4372707363810567,0.739889705882353,0.6666666666666666,0.8197079420658921,0.3448015615726876,0.27237346335264073,0.4126886765232672
7958.5,0.7435170504931072,0.6857939815991461,0.7951716789012551,0.35463210035790704,0.2832536231884058,0.42859145527369824,0.7355203045685279,0.6602676511305953,0.8071453829056374,0.3349128909101736,0.2528064134058607,0.4114154511143495
7963.5,0.7372329338196977,0.6821514596781963,0.7969373532863849,0.3474667624865253,0.28611706841947654,0.4314094261557834,0.7353042551858119,0.6633638489477088,0.7969276230569948,0.33554279061593884,0.2607050446441698,0.4121343946543311
7968.5,0.7330097087378641,0.6776850164053956,0.7908262522361359,0.3511824725144349,0.2856829916192757,0.4286866359447004,0.7324139343063558,0.6587501759654639,0.7939142872564364,0.33162030802895137,0.26470165247306976,0.40329968944099376
7973.5,0.7316431322207959,0.6696124031007752,0.784037558685446,0.346383107698525,0.28481114509908234,0.42564850580632496,0.7309506531204644,0.6581566564449615,0.7845002131287296,0.32624512451245125,0.2569318696378216,0.402078937312044
7978.5,0.7279220779220779,0.6633836996336996,0.7880647477016418,0.34202636300615746,0.2822061277713968,0.4279625455176001,0.7274812254650964,0.6697337917741137,0.7850534825870646,0.3312371127111393,0.267190361401294,0.3996648341133283
7983.5,0.7254849981925533,0.6697411003236247,0.7838980771816593,0.3394293504722953,0.28251124798498667,0.42327221432963164,0.7252530451192314,0.6681891025641026,0.7884395158367761,0.33121734218330745,0.26965566833684723,0.40083713102552554
7988.5,0.7288177339901478,0.6630891423944366,0.7877856763220834,0.3357551020408164,0.283961730589533,0.4109686575821833,0.7288075893486122,0.6697402234636872,0.7898397435897435,0.33136592503335194,0.27284172313649563,0.40844130115975236
7993.5,0.7270509977827051,0.6598051077036374,0.7850978751104292,0.33868218799241084,0.2858811475607532,0.414553376161837,0.7326960806679746,0.6799572192513369,0.790355072463768,0.34292815717836433,0.2811731557377049,0.4026431513219078
7998.5,0.7254393985573504,0.6634567783701447,0.7828611382705382,0.3385971504928416,0.2807215332581736,0.4146322903392744,0.7341825738916257,0.6699170854271357,0.7981500028615577,0.340411020150444,0.2850158020952996,0.4075657509657782
8003.5,0.7253043397453769,0.6598502415458938,0.7804249076287764,0.3359004388045541,0.2772441863471258,0.4265421619703542,0.7333052343194331,0.6735412328700788,0.7919477254978524,0.3420597105081659,0.28035342785814876,0.4130174317365912
8008.5,0.7259249316673174,0.6582127053176329,0.7875148690311461,0.34237846560472196,0.2781612632114561,0.43095749762487034,0.7334890965732087,0.6789449541284404,0.7822686902205738,0.3416201019766711,0.2818843935290979,0.411511753838313
8013.5,0.7224752277049344,0.6648542070955864,0.7887127854321225,0.34702931358631006,0.27729173511220306,0.4389864291772688,0.7344812296778007,0.6775542308329193,0.7899543378995434,0.34574902870186963,0.285655090765588,0.40974347760146446
8018.5,0.7330033003300329,0.6645782828282829,0.7840462070669632,0.3486870238781128,0.2797190685820204,0.4319856758071425,0.7377439200230702,0.6739948580493409,0.7853998865570051,0.34559444640117487,0.2853541954242415,0.40992108366434954
8023.5,0.7270509977827051,0.6602727272727272,0.7872591328783621,0.3532600906736204,0.2782848938899254,0.4238279984669214,0.7324982498249826,0.6764034040011945,0.7945955155728207,0.3421961057138835,0.2840486208508649,0.41716291188666654
8028.5,0.7286073223259153,0.6649691315681163,0.7867334664517526,0.34742033018655494,0.2796944813248319,0.4295741525423727,0.7395652173913043,0.6713930348258706,0.7887453159322909,0.34177063741266134,0.2837079842206501,0.42384816949758325
8033.5,0.7286096896073462,0.659438881935753,0.7756642197489936,0.35028919644701506,0.2737345822127423,0.42987549183809715,0.7396632566069906,0.6713235294117647,0.7923034694773825,0.3437549888882413,0.286754995814072,0.4165142531416711
8038.5,0.7274977497749775,0.6715597014925374,0.7784001258409564,0.3512685803641543,0.2855771549617077,0.4359967300472326,0.7445626477541372,0.6778842055410846,0.801118123733832,0.3399556542096929,0.2832264640558943,0.42599306420498123
8043.5,0.7274861288945795,0.6649576570218773,0.7837394465290807,0.35128205128205126,0.2796845755147094,0.42825199759429505,0.7512457545181843,0.6813039215686275,0.8057198335644937,0.34176951249727094,0.27591003270226516,0.4215215624346857
8048.5,0.7283633841886269,0.6613803405245348,0.7910529768738723,0.3512438872753255,0.2732895177412525,0.42823070943232944,0.7560134979233964,0.6862107843137255,0.8106091370558375,0.3443686716692966,0.27846566390775324,0.4111240037020153
8053.5,0.7259029927760579,0.6521293199554069,0.7879028379028379,0.34812259306803595,0.2729952054150606,0.43220780367231637,0.7596153846153846,0.6871639471639471,0.8182727272727273,0.3461116242717067,0.27773202359267934,0.4098146588037067
8058.5,0.7260611205432937,0.654024618678084,0.7989385474860335,0.35062352032612965,0.26034226642668473,0.43034185399602676,0.7623956799214531,0.6997727272727272,0.8244108832344125,0.34212128461216434,0.27166259139612225,0.4202249766289997
8063.5,0.7290559075571093,0.6575296267433424,0.8076595631468326,0.34740375872489504,0.2538108791903858,0.4404067706135242,0.7722772277227723,0.7071635185560151,0.8325533661740558,0.33861972898206605,0.27270536692223435,0.40983570727305074
8068.5,0.7388888888888889,0.6598713738368911,0.813996554694229,0.3480629534818845,0.269439910845073,0.44208377837764357,0.7715078630897317,0.6991542411511108,0.8359104737070839,0.33757847175017,0.2546578604411694,0.4100765611727037
8073.5,0.756691380642945,0.6648991712707183,0.8500595238095238,0.3633310130338362,0.2838395090167171,0.4660717400151154,0.7696153846153846,0.7055538513974098,0.8396711553473848,0.33527879920429204,0.2454214789260537,0.41432347277327725
8078.5,0.7876175548589341,0.6757538972655253,0.8855949976697218,0.4051450919739861,0.2953548873375236,0.5276796534155048,0.7708915270018621,0.7020756244218317,0.844468211527035,0.32738666795870186,0.23747164914729357,0.40706666666666663
8083.5,0.8125,0.691780055917987,0.9213471673254282,0.444372949295196,0.3111344577228298,0.5741047359042308,0.7801366309235559,0.705462962962963,0.8440860215053764,0.3335225122966326,0.23255146641753696,0.4201152654100769
8088.5,0.8391830870279147,0.71982563370668,0.947457627118644,0.49098113841521335,0.37917154566744726,0.603984364853161,0.7809819825809454,0.7061547619047619,0.857399486740804,0.34929329357987315,0.2523716119828816,0.44359876992797603
8093.5,0.8602194112368657,0.7495689655172414,0.944819201376253,0.5165303075544938,0.4127765441236944,0.6223178930556055,0.7880434782608695,0.7102919594067135,0.8506775559588626,0.3643566717104983,0.2784603084794962,0.45616237316077196
8098.5,0.8661004287384695,0.7637964841108857,0.9512633270045274,0.522493475848921,0.4226020277754111,0.6569200693555732,0.7885097910871106,0.7050828729281767,0.8609780223177027,0.3823112627051872,0.297693244937215,0.46067785022716434
8103.5,0.8615750646696261,0.761044382371198,0.9415374677002584,0.502991452991453,0.3925889476854242,0.6406839598871692,0.7901889146319729,0.7170906958987784,0.8609625668449198,0.38818046950620566,0.30951224820507467,0.4623085710119214
8108.5,0.8484816276951108,0.7497448979591836,0.9325562372188139,0.48430411863935385,0.38617334672934084,0.6454880836287271,0.7805017942231895,0.7157342564592286,0.8572544642857142,0.381080068291439,0.310186527973537,0.4528354211268029
8113.5,0.8270203866740764,0.7372775372775373,0.9183333333333332,0.47400950757137905,0.3770439773949183,0.6133172016003157,0.7755599800895968,0.7035151910351157,0.8473001759748078,0.38106824918629884,0.3164767946542512,0.4562605265374007
8118.5,0.814618276003664,0.7280128746306459,0.9047900817131587,0.4653686668783926,0.3694520230907419,0.6118337101262202,0.7757213680926915,0.699287504151194,0.8386248926116838,0.3770256011806381,0.30577411496397655,0.4545842599456386
8123.5,0.8056438791732909,0.7110885504794134,0.8871553433051,0.46033998038574697,0.363103758553891,0.6117317710680484,0.7614260304694146,0.6850711535241922,0.8333333333333334,0.3758135008299201,0.3015663450330268,0.45096059113300485
8128.5,0.7945906432748537,0.6921310832025117,0.8820389953734303,0.46203097212684663,0.3624821059026789,0.6114236629599404,0.7612662154540326,0.682279056061685,0.8258440941360613,0.36757068208810617,0.2945889533072998,0.4481710308583973
8133.5,0.791013437849944,0.6824703273770706,0.8820389953734303,0.46353983362661977,0.36609112060173377,0.6121914318394509,0.752476218495636,0.6790813965446318,0.818205369759774,0.3652655222204396,0.2872045454545455,0.44325914137943506
8138.5,0.7860711722964893,0.6647404319818113,0.8744261771747806,0.4611777327235865,0.3647508911959779,0.6024832780571305,0.7450373427672956,0.6752864029858483,0.8069584899666438,0.3594821782142379,0.2904508958032899,0.4444983054038787
8143.5,0.784572885677858,0.6592613269083857,0.8709614767255216,0.46272146112910445,0.36261407802878165,0.597509230342007,0.7397309632476579,0.6714901960784313,0.8045599461815204,0.35486361148716766,0.28450529912146144,0.4434134822630355
8148.5,0.7876371320230411,0.6709572290454643,0.8736720397197851,0.46334829033321934,0.36737221158393124,0.5908427764986546,0.7369777536625068,0.6702592948278228,0.8040318438623523,0.3442442539929879,0.27625416468348407,0.4319191893376949
8153.5,0.7956395176142101,0.6778443923548503,0.8724015651748595,0.46466895514786166,0.3676708032035954,0.6021522888029205,0.7368421052631579,0.6587839073453216,0.8088317911434236,0.34150093808630394,0.2730774647887324,0.4362917782720406
8158.5,0.8069691219596342,0.6847311683061582,0.8725087149897824,0.46517198026791706,0.3709060465855723,0.6215266233700719,0.7336419050509649,0.6664179104477611,0.805203286584502,0.33559586855695533,0.26688759983002336,0.41632147658968677
8163.5,0.8116282642089093,0.6952544930717519,0.8964028889935626,0.4694638263291113,0.3745039135707199,0.6166377202547798,0.7351667281899841,0.6699679124694248,0.8148148148148148,0.339029928962385,0.2574724920088517,0.4119030188581627
8168.5,0.8221058755090169,0.7046152369986567,0.919121387283237,0.47931401077323194,0.3765765369917495,0.6010220757432571,0.7421798631476051,0.6735751295336787,0.821468253968254,0.3369673311267125,0.25708503604987115,0.42275960012623837
8173.5,0.8338260724047526,0.7123735612138123,0.9166666666666666,0.4884996514590645,0.3824255609142378,0.6238590227202244,0.7428233981824743,0.6685077519379845,0.8241318487487597,0.34458234059955195,0.2657984073385218,0.4410400722057174
8178.5,0.8392443414721084,0.7133869707858148,0.9272778059928898,0.5052445079983658,0.39481520100684064,0.6236908132619955,0.7480543136280842,0.6751486915146709,0.8272617238079153,0.3640224039356469,0.28877766858745807,0.4495296034763715
8183.5,0.8356464232488823,0.7064984488853618,0.9267974172719935,0.4956615847920196,0.37730161260737716,0.645140992501834,0.7541899441340782,0.670261911395932,0.8350603327085286,0.37280226494090957,0.2967953395752681,0.4591270850284784
8188.5,0.8005376344086022,0.692165991902834,0.9126295458827963,0.48155711345510677,0.3539484777517564,0.6247159863725273,0.7611329661683713,0.6630986979772145,0.8421875,0.38063901133310085,0.30991067943932865,0.46130876649043917
8193.5,0.7634124379121039,0.6856093623890234,0.9063643292682927,0.4477470572349923,0.3225876629186214,0.5848634607052681,0.7632166979838504,0.6867752525252525,0.8350572108304067,0.38405496562077973,0.3060480256136606,0.4514885565631979
8198.5,0.7518966908797418,0.6807757296466974,0.8673040731281085,0.4063310069790628,0.30437187805282656,0.5682690102587361,0.7636937941285766,0.6777403846153847,0.8413383289017806,0.38654465459991116,0.310454238123877,0.463855572213893
8203.5,0.7411167512690355,0.6666666666666666,0.8229230769230769,0.39142175087073927,0.2960504052909116,0.512631116539702,0.7554450757575758,0.6700507614213198,0.8259568117977528,0.3807675261583654,0.306486777551753,0.44582261956564734
8208.5,0.7377844978513449,0.6781377764642136,0.8033891630788617,0.3727819896984779,0.2986352018025164,0.46211827302430164,0.7588841644118025,0.66982613433723,0.82640625,0.37866245974894464,0.31703032300593276,0.44021283384919746
8213.5,0.7333333333333333,0.6781511182857292,0.794141494435612,0.36103406906693847,0.29612914482777497,0.4582128617950512,0.7506476683937824,0.673611111111111,0.8261531670712867,0.3724524571572897,0.30613740583033083,0.43523924776981343
8218.5,0.7318823666705567,0.6815038684719535,0.7857320540156361,0.3644197688528539,0.29566554247990817,0.4441512120046169,0.7456531486648067,0.6597938144329897,0.8223947446999105,0.37292253139270704,0.3097419975207665,0.42822721787865486
8223.5,0.7328150147967396,0.6761186346717352,0.7800909090909091,0.3615338845554837,0.2917466478509782,0.45281951196709047,0.7429439227545228,0.649077159024803,0.8266019310950187,0.36660244507990725,0.3013286844687559,0.4208115094629942
8228.5,0.7347985781990521,0.6735647147655375,0.7927226935312831,0.36294893516420734,0.28307463652108406,0.4493305345786964,0.7419438285291944,0.6613937934724452,0.8164640797880629,0.3631128909331586,0.30783106730227544,0.41695925866945927
8233.5,0.738157566691598,0.6715675548956788,0.8047323994252873,0.3659856866302318,0.2852006656604358,0.4641243210630366,0.7328282828282828,0.6516149618400147,0.8177107671339564,0.3608498446343277,0.3075573141840507,0.4236260282477107
8238.5,0.7456224350205198,0.6824931417952274,0.822475104712768,0.3807581626102945,0.2703965348707309,0.4900655080213903,0.732533816761958,0.6549778956675508,0.8073340600775193,0.3618475226084932,0.3011084471886495,0.428131405339783
8243.5,0.7552083333333334,0.6777635118610907,0.8588931056293484,0.3975221339460041,0.30226679854785765,0.5161401850047789,0.7261471598948858,0.653252812192214,0.8067804507221854,0.3618757630102839,0.30713469833799656,0.4254752851711026
8248.5,0.7702726396072587,0.6846216905513725,0.8738410162388683,0.4244868035190616,0.33286857339042697,0.5350671217292378,0.7358087661069894,0.6527469364256929,0.8058721448337319,0.3636069050845461,0.311543005997623,0.42314434557761044
8253.5,0.7864741641337386,0.6877721760457828,0.8827662934252082,0.4291377227423739,0.3425013211626231,0.5402859314829815,0.7323587992602077,0.6494493336685945,0.8011692886275755,0.3619059336332958,0.3130976201772662,0.4267712390777976
8258.5,0.7939698492462312,0.697249186359134,0.8875830213742302,0.430316938981527,0.3523523158181584,0.5418355494765295,0.733500837520938,0.6600860204235626,0.8012180629827689,0.36320747253651386,0.3125005451174566,0.42492772206696255
8263.5,0.8020920385536798,0.704945530726257,0.8889531149646756,0.42881398933471193,0.35309181508147025,0.5426042616047015,0.7379796578825706,0.6519181585677749,0.8077448507776377,0.36602869830721974,0.3143499791295109,0.4353014692773948
8268.5,0.798941798941799,0.6974358974358974,0.8784864306963754,0.42323762588386543,0.3385732200330192,0.5170942544833675,0.7443152454780362,0.664876386378072,0.8168530431723375,0.3691984149392945,0.312962905301615,0.43583845208845207
8273.5,0.7891812865497077,0.7089295889295889,0.866519735523943,0.412664303374823,0.33852556624669733,0.5014462556058401,0.7544230769230769,0.660174156741067,0.821256038647343,0.3737658158414393,0.3164140399576318,0.4409776651651652
8278.5,0.7851223362273085,0.6979126263141777,0.8637684989429175,0.406051559911651,0.333745399288797,0.4943378535176629,0.7597161338607933,0.6599514563106796,0.8343109455725098,0.3789651865988388,0.31742517624670213,0.45204904213946034
8283.5,0.7777777777777778,0.6853572872447948,0.859627747676932,0.40148989144568115,0.33379415220847447,0.4847030185004868,0.7607019240557874,0.6612677721616269,0.8278827144002137,0.3808622365480936,0.3172857223701849,0.45119749901297745
8288.5,0.769843491894616,0.670318341452362,0.8477541916628211,0.40198182858172693,0.33421095267490086,0.47501986568347576,0.7716486605666409,0.6784970238095238,0.8488946549039957,0.3898063876642365,0.3294034374889749,0.45704675200335027
8293.5,0.76,0.6681470633974392,0.8368781725888326,0.39867738852020346,0.33850081620550965,0.4685011371361849,0.7761194029850746,0.6827956989247311,0.8475504991873694,0.3950292183779127,0.32894482377491024,0.47414906694816145
8298.5,0.7573536479861578,0.658359756097561,0.8333333333333334,0.3958517185939614,0.3343211878062416,0.4654548457082091,0.7840650621528695,0.6907281105990783,0.8603739913097455,0.4055354305538026,0.3317586478080795,0.5093751542448174
8303.5,0.753770367563471,0.6516704374057315,0.8334983498349835,0.39672213451525284,0.33022889305816133,0.4653150497523487,0.7966933139534884,0.6982796161008451,0.8610312549579564,0.42794844087681383,0.3378630038608028,0.5356549506339688
8308.5,0.75,0.6503283148069978,0.829658880485465,0.39522065375770804,0.31968007454573694,0.46829540733139857,0.8021978021978022,0.6896407873001652,0.8729659784821169,0.44495628269378984,0.36093440782672015,0.5887834083462055
8313.5,0.745988845988846,0.6510863697705803,0.8334983498349835,0.3937082467860551,0.3194819829433408,0.4719689735235741,0.806630907960199,0.6921234454168586,0.8830158337456705,0.47387706781092737,0.37004776516618504,0.6074641287198468
8318.5,0.748027773274977,0.655204394481349,0.8333765112262522,0.3944238544474393,0.31683611254610333,0.472838404080889,0.7968419293750696,0.7000781930984976,0.8866389063482086,0.49525334886429817,0.3956988115561472,0.6213894736779175
8323.5,0.7513101934421731,0.6600926292847237,0.8347026154943996,0.3988889250294796,0.3195929345679048,0.47006941756082593,0.7934618698836708,0.6953967405824205,0.8743510928961749,0.4978803484751967,0.4064943394281591,0.6062101410325321
8328.5,0.7592948717948718,0.6733010730065222,0.8456048607998405,0.40137045367144075,0.3316442025156259,0.47927816328171907,0.7747832369942196,0.6901985003487561,0.8903075970272502,0.4970335592337806,0.3745258945026663,0.6096400430954357
8333.5,0.7723945380320023,0.6751631870693675,0.855416411887,0.4086114200964034,0.3395135237374693,0.4887937901215179,0.7615346185494298,0.6843573017799353,0.8637684989429175,0.4763697387518142,0.3408302173405001,0.5997359514072256
8338.5,0.7766218696027634,0.6698815566835872,0.8719551282051282,0.41807764009211534,0.340485245943377,0.5029901536460356,0.748779442234871,0.6746091610654718,0.8512863196125907,0.44717605156037993,0.3288779609676534,0.5592959228445058
8343.5,0.7896086369770581,0.682778071567072,0.8743214285714286,0.4246738576857281,0.34467268804353046,0.5307389790593656,0.7443642350557245,0.6808399242508633,0.8363516113516112,0.42344367620330714,0.3280957479351484,0.53832163096276
8348.5,0.8,0.6996774193548386,0.8933177278401997,0.4382357993836128,0.36524890402465204,0.5537321204354524,0.7427877947295423,0.6789135808697407,0.8248856604788808,0.39763848009878705,0.3199908721731679,0.4944034902671506
8353.5,0.8033335379704095,0.7010067019599009,0.8832391713747645,0.4561947261663286,0.37607720017985363,0.6011215623137686,0.7394356883059627,0.6684714332532226,0.8078990901571547,0.3833502366463827,0.30819990500902095,0.4833623688476606
8358.5,0.8104355716878402,0.707781188462875,0.8883634191235832,0.4819597584100007,0.3967389024738514,0.6309958901986302,0.7360406091370558,0.6714830190449385,0.7982159624413145,0.37476412903568257,0.2929223473902622,0.46230409504550046
8363.5,0.8055926703569383,0.7067335589941973,0.8951881600475977,0.5081004023954754,0.4071123665316642,0.6285866513311458,0.7352941176470589,0.6740086525501109,0.7982053343421923,0.36957394530183557,0.2964213194672948,0.45619576127642664
8368.5,0.7943650793650794,0.6909910608976348,0.8920668377321603,0.5110523759215597,0.4081046720575023,0.6083555663351928,0.7373271889400922,0.6697865353037766,0.7954398859148749,0.36850953533448383,0.29494739006751897,0.45301282487146355
8373.5,0.7747731397459166,0.6806070109230075,0.8897499999999999,0.49812126626653636,0.38267453350802455,0.6256563641996258,0.7382500122651229,0.6666666666666666,0.8009720813408685,0.365753046269948,0.28690287198729975,0.44564417359781816
8378.5,0.7635249366018597,0.684214748100197,0.883611111111111,0.48389090428598885,0.35705275150649957,0.5924402637884711,0.7360681114551084,0.6664939550949913,0.7982078611261018,0.35962502985431094,0.29082517482517484,0.43593677880916964
8383.5,0.7583739725713763,0.6795491966161359,0.8571851225697379,0.45223020882497156,0.3423446602756745,0.5804473847659558,0.7346421327151551,0.6612307325599872,0.798994708994709,0.35536094578316313,0.293429347826087,0.42931402189900314
8388.5,0.7456531486648067,0.6765955934612652,0.8266877557681203,0.4268376416438979,0.32833319682680834,0.5461808518293872,0.7288177339901478,0.6584455769930834,0.8020681040066624,0.3536595716897363,0.2728785341442156,0.42667261373773413
8393.5,0.7419474177477433,0.6700885041820657,0.8097826086956522,0.41002928462231353,0.30022856038700685,0.5236505190311419,0.7308763719427267,0.6647641383007237,0.8050064102564103,0.34690016438128135,0.2680210789696326,0.4277139529105682
8398.5,0.740134567689021,0.6699616848887153,0.8046963824289406,0.4008056448482471,0.3096723179213359,0.49980485223610144,0.735702614379085,0.6565908773887572,0.8,0.3407761697065821,0.2656253554540875,0.4219699732669582
8403.5,0.7383407168747482,0.6801734759252871,0.7918957345971562,0.3902727156789701,0.3034461744146743,0.4896735399493899,0.7402637850720399,0.6631650527690132,0.8001015228426396,0.333850469624868,0.2608544839369045,0.40509088906622936
8408.5,0.7438399728109144,0.6849965753424658,0.8010683976560921,0.3883460167101272,0.30252091064619857,0.5033563087476761,0.7385489510489511,0.6589323527728496,0.8043272864701435,0.32936657092386457,0.25247431747818744,0.41348009927383017
8413.5,0.7481937602627258,0.6861474164133738,0.7991121495327103,0.3908194466638777,0.3038040696355164,0.48651587152956594,0.745988845988846,0.6626317758280623,0.8115674083769634,0.33166849069744303,0.25111159879393913,0.42475394171046343
8418.5,0.7538074990336296,0.6938657543942433,0.8101887464387465,0.3873618266978923,0.3083074239713775,0.4765422077922078,0.7480428910083246,0.6628095238095237,0.8155736080840102,0.3387768975344472,0.2616043455373836,0.44416982922201137
8423.5,0.7630521535709371,0.7087486443852903,0.8165482884482589,0.3801935877356786,0.31234196618879384,0.45852380722384956,0.7560134979233964,0.6816770833333333,0.8158163265306122,0.3530940594059406,0.2733167982486784,0.44780259947131545
8428.5,0.7680412371134021,0.7093758817222504,0.8286921529175051,0.37725064994378865,0.3059520868999861,0.4561642802469666,0.7531630801140783,0.6895312670522754,0.8401052631578947,0.3647191005600183,0.28397910447761193,0.45476947121646255
8433.5,0.7747549019607843,0.709983870967742,0.8366387148918973,0.3771034729681346,0.3019713992328833,0.4617646350020512,0.7647058823529411,0.6939670368411776,0.8450207355669541,0.37179238843691775,0.2832521439647713,0.4736801533567174
8438.5,0.7827184892402284,0.7192708333333333,0.8435703185703185,0.3721360079563153,0.30471614226476756,0.4509666609931492,0.7707825203252032,0.6910004611670238,0.8376541911049157,0.3713136809375748,0.2961208709416764,0.4830165218938297
8443.5,0.7912279095320941,0.7246126936531734,0.8571791153009427,0.367409007222773,0.3001308538279447,0.44571663131969624,0.7651530612244898,0.6818068747173225,0.8325462390486463,0.38026252398299426,0.305030669230065,0.4705995724280902
8448.5,0.7929143506066583,0.7206583768847239,0.8563930544593528,0.3660110478741212,0.28642703201970443,0.44840595062638167,0.7656696428571428,0.6918631619636645,0.8282258064516128,0.37649750996788556,0.2994989744909822,0.45408255538711123
8453.5,0.7977203351302202,0.7218643903385392,0.8522971277189069,0.36491906344847524,0.28804404348486445,0.4632510232349847,0.7575757575757576,0.6914326601144832,0.8220230572821293,0.3685124282982791,0.2939382262171779,0.44818863949088394
8458.5,0.7977203351302202,0.7333333333333333,0.858819209039548,0.369913191831,0.2895088746679546,0.5028708832364078,0.7493718592964824,0.6914571527389789,0.8238122294372294,0.36590019533135776,0.29056459117206784,0.4588182797174847
8463.5,0.7969543147208121,0.7132157996146435,0.8615553121577219,0.3841806641801445,0.29850012233912404,0.5079887191150002,0.7475297060662914,0.6664939550949913,0.8159620744445312,0.35648452583789053,0.293798595018531,0.44613258869147515
8468.5,0.794163572643048,0.7016028342229297,0.8621473354231974,0.4059862708522758,0.30222656354537425,0.5174833456698741,0.7442028985507246,0.6696902847207129,0.808546209761163,0.3561992596355362,0.279386037731763,0.43276993669704955
8473.5,0.7897581585081586,0.7005078214297378,0.8499439444898949,0.4253594496023472,0.3008162312601784,0.5475962454038058,0.7424242424242424,0.6746928868634833,0.814507360106683,0.34284844582846086,0.2781304759098733,0.41669024521692266
8478.5,0.7869028769455979,0.7073505417047383,0.8659590316573557,0.43231989350420796,0.30554589781640873,0.5540516510331936,0.742186652197504,0.670491756598992,0.8113055555555555,0.34529669603991286,0.2711129005428783,0.42153926062371483
8483.5,0.7798828644955187,0.6965036351619299,0.8533061594202899,0.4400464751232268,0.3163662233314058,0.5549493083234326,0.7404684095860566,0.6617273180458624,0.8177269526595169,0.3468739947426054,0.27138655462184874,0.41937273249862106
8488.5,0.7700355423068104,0.7,0.8588244533802463,0.4451656664358533,0.32427767441860467,0.5541070940715781,0.7447406524146154,0.6813464747601168,0.8227892295183892,0.3482282315447359,0.28437311428595713,0.4175082189822756
8493.5,0.7667500575109271,0.688500127404765,0.8494132599763214,0.44454461775949017,0.3354074352296456,0.5582600900807547,0.75,0.6699312714776632,0.8244817942531257,0.35226994395377986,0.2816233350527258,0.4229437823427944
8498.5,0.765905552672548,0.6817810532780593,0.8419748300131217,0.44930250388739823,0.3487807150377986,0.5635025629428614,0.7622723145131136,0.6666666666666666,0.8270964819568171,0.3585292416561766,0.28512029986966325,0.4252257168433499
8503.5,0.7595811518324607,0.6737461258590487,0.8394422934578375,0.4479073917624612,0.35119596239580764,0.5687643124568355,0.7657912234042553,0.6820082922252823,0.8376284071499025,0.36428331539160447,0.2900739976601986,0.44187808493792213
8508.5,0.753896470968263,0.6682113821138211,0.8430267196244808,0.44571675991422455,0.3494259031651487,0.5636713868365711,0.7638906037782442,0.6801214648295867,0.8304318226026065,0.36124987530604935,0.2860369297091395,0.43447654765021226
8513.5,0.7506613756613756,0.6597453001819285,0.8478590250329381,0.45060463792858163,0.3502800080503267,0.552591707887313,0.7608695652173914,0.688742675287937,0.8290147877332751,0.3654283791305309,0.28745839081970087,0.4419171304355282
8518.5,0.7587073297522093,0.6561079545454546,0.8447636586863105,0.4472323803191489,0.34800592134462516,0.5480545152273599,0.7513675903506412,0.6895975935828876,0.8239468348727191,0.36870204666226064,0.27659525583705913,0.4390327087947699
8523.5,0.7564766839378239,0.6632315618496523,0.844463601532567,0.44305039977155913,0.3256038133199833,0.546419407869467,0.751325125501304,0.6811116015596264,0.8325158799352348,0.36588422275200194,0.2744384416560275,0.43656169945381595
8528.5,0.7626314177809533,0.6597521005899529,0.8468923933209648,0.41966604176223055,0.3233237136190593,0.5373083924197101,0.7525512860564407,0.6769077688480674,0.8278773978315263,0.3680622215658766,0.2842327218260386,0.44406808091877925
8533.5,0.75,0.6535626744327145,0.8344333283559802,0.40553937542297624,0.3134927536231884,0.5359905842473748,0.75195003545519,0.6716364677704884,0.8252504237941131,0.3670227625179252,0.2978408446137635,0.4447180000510061
8538.5,0.753100253996713,0.6594972990849961,0.8391050464072776,0.3915678261915954,0.27912666370691014,0.5148532494758908,0.7518233483305707,0.6729365904365905,0.8241340850594435,0.3687457611662991,0.2973255813953488,0.4478855577872413
8543.5,0.7436541682772839,0.6602272727272728,0.8381223525078273,0.3727049217996048,0.279648554336989,0.48718017347168663,0.7512574244913434,0.6683380846540394,0.829330301777594,0.36641798145215,0.298261012243271,0.44693743879477077
8548.5,0.7347835354300871,0.6536145791381394,0.832537442053964,0.3621279844359893,0.2812334304785184,0.46533511367887276,0.7487179487179487,0.6680487804878049,0.830552818289318,0.3718752956760337,0.29738540507369227,0.45221987315010564
8553.5,0.7314611154752553,0.6540342781806197,0.8190814637983885,0.35058367369006327,0.26865186979797584,0.43626073827591494,0.7554997608799617,0.6681674565560821,0.8310063871601703,0.3683931775023217,0.29265081751901073,0.4567074882679612
8558.5,0.7224972497249724,0.6630127073262512,0.8002564102564103,0.33417935702199664,0.2701162308011623,0.42987407703952923,0.7571662571662572,0.6769721019721019,0.8408197109689647,0.3708741284863072,0.29456840877375357,0.45761899768696995
8563.5,0.7263462242922183,0.6616607637819526,0.8000990099009901,0.33400700619779033,0.26720950613465305,0.4173721810125951,0.7589743589743589,0.6861256615185225,0.837169163545568,0.36847381961259085,0.2958868062591467,0.4519459726742902
8568.5,0.7219512195121951,0.6634463562753036,0.7841363636363636,0.3332048316628116,0.2729640756435393,0.4050910604164072,0.7615396754425185,0.6861256615185225,0.8370786516853933,0.36836924487464406,0.284667546944995,0.44391758351571614
8573.5,0.7166205655075518,0.6484575299635227,0.780497997329773,0.3386017524250529,0.27794382530444706,0.40987741116404786,0.7727350720658888,0.678419452887538,0.8511032308904649,0.36255874491168605,0.2732872178082208,0.4383195916166899
8578.5,0.7204836911067745,0.6473705355905904,0.7835317748414887,0.3317280092756246,0.27886814192815207,0.40110452848563544,0.7684510345983078,0.6684456928838951,0.8566760746851931,0.35114654473590795,0.25790867099778436,0.4305056029123768
8583.5,0.7142857142857143,0.6490384615384616,0.7906747799933163,0.3389968854304122,0.2753463251396373,0.40458784108242474,0.7650273224043715,0.678531746031746,0.845855107627224,0.3335133189344852,0.2572683005870646,0.42528170862057696
8588.5,0.716784008046266,0.6476659264742166,0.7849522623495225,0.3424918296250202,0.2764852755741108,0.40448229275723907,0.7650060024009604,0.695600104139547,0.8406898656898657,0.3351732045640987,0.24764145768025078,0.404667672871597
8593.5,0.7223551302498671,0.6585243289618826,0.7909912959381044,0.3442854278796478,0.27691967871485945,0.42176320606694556,0.7668284789644013,0.6901577412513256,0.8405554181098466,0.3297654430835053,0.2431314407933113,0.40516583006146145
8598.5,0.7255975263245864,0.6561984392419175,0.7931918656056587,0.3444788372978882,0.2798064350195744,0.4275824175824176,0.766756260206859,0.6948515724502793,0.8387954701441318,0.33417871047173264,0.25989403326667665,0.4158780312759688
8603.5,0.7283633841886269,0.6536488770828303,0.7861451077054977,0.34844013936430895,0.28760742309129406,0.4316338456064483,0.7692307692307693,0.6889415629506971,0.8415222235978704,0.3398522870439411,0.24990458015267175,0.4311330165460715
8608.5,0.7304928820843406,0.662033776734481,0.7925360710321865,0.3478429367279382,0.2866354730745131,0.4376977692435341,0.7702308196005675,0.6821149071675302,0.8376742294640602,0.3528532464848023,0.2721926606715182,0.4374838432321765
8613.5,0.7277111513968297,0.6662717219589257,0.7935975750311189,0.35604828671873456,0.28544060035827296,0.4371404431724135,0.7660790031813361,0.6883604033329308,0.8486580766813325,0.3582075033099866,0.27656060030395135,0.4316719185456466
8618.5,0.7290816326530611,0.6728316385220632,0.7802124805262245,0.35681854679767,0.29791044465126615,0.4404349233702801,0.7666749011857708,0.6963974246414985,0.8557057468743144,0.3629444222162258,0.2860626027409702,0.4334873000491007
8623.5,0.7272727272727273,0.6715436354061947,0.7891043911997863,0.35990066392452225,0.297303978320341,0.44328582078602896,0.760643115942029,0.6834156107728594,0.8408235265977803,0.3635236492510699,0.2927997222752371,0.42921315160957557
8628.5,0.7215394899218428,0.6613784907902556,0.7870568264673714,0.3640650539391958,0.2939247057792742,0.4467184832796977,0.7568097705403405,0.6812733658094483,0.8291408537958999,0.3658456574024513,0.2938237020371231,0.4389770819628995
8633.5,0.7244791666666667,0.6649691934279314,0.7905750224618149,0.36716481836393355,0.29807913848082135,0.45510756356733884,0.7480955766593875,0.6721267407015689,0.8211205875384979,0.364954979660862,0.306152599888368,0.4370295477598766
8638.5,0.7242311276794036,0.6647297442510208,0.7962565948314406,0.36648012822254217,0.3048664697371594,0.47340668936245467,0.7475691494383083,0.6648651864543919,0.8242553549872266,0.36284310931404856,0.3035288412848543,0.4314478555241192
8643.5,0.7305699481865285,0.6481368380363356,0.7952866170164747,0.3807361567152284,0.30650861349239905,0.48070077864293653,0.7464451782465126,0.676255919659218,0.812013258168911,0.36353081171006724,0.3056056371958564,0.4393366739299432
8648.5,0.736299874461001,0.6681464174454829,0.7990452261306533,0.3903328149468699,0.30423436250406877,0.5026562971818109,0.7392255699392829,0.6683168316831684,0.8095286986640277,0.3643287909421521,0.29677413238856315,0.4327197045201383
8653.5,0.7379159960542028,0.6666666666666666,0.8149074074074073,0.4102405505948231,0.31932773109243695,0.5252281943076592,0.7388048617471594,0.6666666666666666,0.8085742368177613,0.36495814557339434,0.2973974842395343,0.43423559245722754
8658.5,0.7552637411347518,0.6616607637819526,0.8448938992042441,0.43330515621705623,0.327006857765458,0.5819323898459687,0.7372202955009739,0.6683660650189724,0.8129137115839243,0.36303578374377365,0.29823726214835933,0.4285849823800488
8663.5,0.7734211598533207,0.6829867058151864,0.8951657848324515,0.46337867139759514,0.3550788847780127,0.6049495665316614,0.7424992499249925,0.6666666666666666,0.810021327014218,0.3675046738785545,0.29503518811640084,0.43333607235573635
8668.5,0.7835338345864662,0.6822932651321398,0.9307314127997239,0.49946568215256376,0.3866603649170418,0.6267877596850262,0.7415999139831192,0.6650166422580215,0.8166585294404842,0.36707937783879724,0.295918221265277,0.4443491153490439
8673.5,0.8141005223595362,0.7045137125444388,0.9289940828402367,0.5176457520298169,0.38497632616979527,0.6343820182328287,0.7379218288320979,0.6745145631067961,0.8174259142496847,0.36085997500432293,0.2973648711012659,0.43523402720123405
8678.5,0.8369565217391305,0.7134500144050706,0.9382433543436557,0.5183241177409055,0.40696099019317516,0.6435275629590437,0.742186652197504,0.6681292803075815,0.8141880902095016,0.3627345197006274,0.29212857685348587,0.434961202519377
8683.5,0.8365497076023392,0.7112995116657623,0.9337033215735872,0.5044811944553786,0.4069821986831088,0.6083987743873579,0.7442632850241546,0.6701030927835051,0.8168918401225896,0.3605303364168021,0.29390542636266087,0.43292677965622023
8688.5,0.8361614418560062,0.7012740391872717,0.9367996715927751,0.49864219459712256,0.39826746953198244,0.6202247642120589,0.7416110072134652,0.6753859232471529,0.8187020266165994,0.3606084510906846,0.2879567283718044,0.429721923294396
8693.5,0.8361253196930947,0.7065049305244285,0.9285714285714286,0.500752025487711,0.4021159539689913,0.6297133174514098,0.7441577540106952,0.674859420020448,0.8254882406714866,0.3546449900464499,0.2904302083758105,0.43261697250480824
8698.5,0.8283773797374812,0.7312978208232446,0.9304664923627356,0.5119442810001578,0.42313018390005375,0.6458315529159346,0.7382700092669365,0.6778287684537685,0.8232676031503467,0.349930067438152,0.286925725122586,0.4397285142478276
8703.5,0.8184442987795362,0.7127040071124658,0.9284252686679619,0.5337556833128998,0.43169600682522835,0.6661337544377334,0.7352248677248677,0.678537087912088,0.8241844141341629,0.34854795788499365,0.278550913670359,0.42543310978738813
8708.5,0.8203852788959172,0.7019191919191919,0.9290761706057392,0.5482243257745427,0.43598746615748374,0.6700335765431482,0.7397338631984586,0.6715622395636034,0.8035007546536977,0.3399565924816602,0.2757832495971182,0.4213652362258021
8713.5,0.8181818181818182,0.7043680726600986,0.9206306485911748,0.5624638680568937,0.4386903798464948,0.691147976734643,0.7367038049190666,0.6712873754152824,0.7989385474860335,0.3359939478164612,0.27225877192982456,0.4179905417024935
8718.5,0.8136694817022686,0.677938764352105,0.9106720341767992,0.561040765141982,0.46189999475984245,0.6888471332638474,0.7311538752935829,0.6647342931937174,0.7961224489795917,0.3359079069088077,0.26248653892796503,0.4106205769520981
8723.5,0.8000233856587448,0.6716336996336996,0.903368383532347,0.5722434392665031,0.46264430804222856,0.6890357875541372,0.7316431322207959,0.6681522216261035,0.8010683976560921,0.3386378700219064,0.26768172519143596,0.4050224913716189
8728.5,0.7906043956043955,0.6594686728576467,0.9000261780104712,0.5785987366844456,0.4551883766509146,0.688648988106143,0.7279520154526509,0.6666666666666666,0.7952820157189089,0.3398813891662356,0.26677737059092993,0.41028492610966394
8733.5,0.7795551184518816,0.6625240909674932,0.8962585933368588,0.569721656592475,0.45279310551706314,0.6941521808566685,0.7265987137483315,0.6614583333333334,0.7939772391368608,0.3394396551724138,0.2738838709677419,0.41831585347317224
8738.5,0.7783644469211479,0.6545104895104895,0.8928772070626003,0.5724635696821516,0.44327239836787535,0.694159460588916,0.7249391984773184,0.6581355051117657,0.7835886699507388,0.3445847408750103,0.27452084684085487,0.42109678715790605
8743.5,0.7771680782536086,0.655850238332779,0.8882369372329937,0.5690429041589302,0.43709394205443375,0.694159460588916,0.7254032258064516,0.6560461956521739,0.781611295681063,0.35279552991800767,0.2789947796298512,0.43659928291606626
8748.5,0.7753409841975605,0.6556541647373566,0.8933757253981972,0.56978829877331,0.4394878168363682,0.694159460588916,0.7263687473728457,0.6634923753161603,0.7897435897435897,0.3543760640124587,0.28214280488964644,0.43884820387540946
8753.5,0.7794549155409871,0.6597687218388182,0.897897465437788,0.5671737925707759,0.43684678384753056,0.6943678418477947,0.7331715210355987,0.6648913546000925,0.7871811442227967,0.3537369246258281,0.2842146604795079,0.43382415716854267
8758.5,0.7842363894995474,0.6775393764063002,0.9033524742442154,0.5649847968406414,0.43427611637948776,0.6928606085834609,0.7304111434551447,0.6682276817809951,0.7890497262431561,0.35621008980839175,0.282379513404618,0.43317649341238096
8763.5,0.7983516483516484,0.6761470588235294,0.9091670898933468,0.5609318056495174,0.434341754182892,0.7004897862587172,0.7308201058201058,0.6699170854271357,0.7869227132477357,0.3550331426421699,0.2779543561247563,0.435160610319213
8768.5,0.8095172240382198,0.6722222222222223,0.915005289761373,0.5651377607899347,0.4308628652140103,0.6820678585673925,0.7329842931937173,0.6753859232471529,0.7897624406713314,0.3531376410068538,0.2809070994722693,0.44141536889502186
8773.5,0.8141854561744064,0.6905035775744951,0.9266348284795705,0.554483840580714,0.42555096418732785,0.6821684411727468,0.7350889192886457,0.6751441344603508,0.7938295936931473,0.354642499592559,0.26950749778018085,0.440237884092689
8778.5,0.8131967733164145,0.6857687938358195,0.9320987654320988,0.5413221748711297,0.40538513130931836,0.667075368203046,0.7329970009657907,0.6682343234323432,0.7931982758620689,0.35005066563195253,0.28326704086577287,0.43980703738531524
8783.5,0.8154807884873974,0.6838396278051451,0.9321604938271605,0.5221754499812152,0.3900613579683733,0.6495267943247273,0.7331588132635253,0.6699016418441519,0.7990452261306533,0.3498014540691553,0.2797151183207753,0.44006181804932726
8788.5,0.8114734480179506,0.6844919786096256,0.9379450083320708,0.49968025878512934,0.3622705778579529,0.6184950261006599,0.738577502899111,0.6697922077922078,0.7901695227565874,0.3433329774741113,0.2808208680274114,0.4268973214285714
8793.5,0.7959830866807611,0.6876496797549428,0.9231658514895509,0.46761626596869527,0.3433186713180646,0.5945766150042583,0.7315253003276301,0.6625947204968944,0.7916216577540107,0.34268602642775897,0.26442051677710204,0.4125956632653061
8798.5,0.7806933406412716,0.6649917582417583,0.9136398709315375,0.4260611205432937,0.31455752375050544,0.5786318564162359,0.7299258580711648,0.6648269230769231,0.7902725236436038,0.32960405905135937,0.2644180977486585,0.41544444444444434
8803.5,0.763299377475948,0.6682113821138211,0.8785780057879504,0.39884325929651093,0.3019450792640593,0.5231368169126445,0.726775956284153,0.671621879169049,0.7843650549224925,0.3335049776862341,0.25866633591653865,0.4172907938104017
8808.5,0.7437160540608816,0.668569823434992,0.8335341365461847,0.3648151357302317,0.27893584578367187,0.4839309037286707,0.7249338624338624,0.6586071616640338,0.786102662045224,0.3317698544516806,0.26309235939431397,0.4076882777121784
8813.5,0.7333333333333333,0.6683600713012477,0.8058131868131868,0.35535894101889776,0.282678136583567,0.44788535282009995,0.7293508461732761,0.671945646945647,0.7922252475247524,0.3342909221396707,0.2653558724035321,0.39991506724572706
8818.5,0.7267316017316017,0.6618977591036415,0.7877712585272733,0.3613944334643975,0.27303716386419336,0.43600590726983346,0.7274977497749775,0.6665820642978003,0.7897972265829408,0.33856601933392616,0.2658722115615256,0.4040491996037367
8823.5,0.7254393985573504,0.6645383883248731,0.7897858836657833,0.3634584760775834,0.27532156603070806,0.43717080333459635,0.7323232323232324,0.6700979381443298,0.8040201005025126,0.3470131043613557,0.269061302070023,0.4098126464905307
8828.5,0.7300082750319716,0.6684987145123352,0.788426112679844,0.3584261133603239,0.2879141846612062,0.43657349464608536,0.732533816761958,0.6715572384383501,0.7953719712650675,0.34866111818668977,0.2715224491246638,0.423803718378543
8833.5,0.7296607832322117,0.6749764150943397,0.783564346667982,0.361891607471718,0.29016389345536947,0.4456149552708511,0.7323587992602077,0.6683156242453514,0.7959234440044675,0.3510563561913699,0.28882012813234936,0.43086770168171756
8838.5,0.7276995305164319,0.6715650753054845,0.7843216620595849,0.3614968992879847,0.2893890988836605,0.4399551254187016,0.7331715210355987,0.6585494366744367,0.7981730769230769,0.352319999351276,0.28830512820512816,0.4329301140271137
8843.5,0.7279390560415264,0.6649644333365375,0.7845346589339961,0.35993908642036576,0.28852868770406914,0.43596579194001867,0.7306814190375834,0.6728171512634129,0.793468787204888,0.3567373674360574,0.28791038992949897,0.4372605464480874
8848.5,0.7301960784313726,0.664997905320486,0.7857308970099668,0.36013097506093306,0.28185929989804337,0.44340242454007406,0.7307692307692307,0.6682669841840402,0.7978296005541445,0.36128861872616636,0.2925440350175719,0.4371397306397306
8853.5,0.7296078090351754,0.6666666666666666,0.7783920280549244,0.3661233930217871,0.2831774920687928,0.44562182741116746,0.7320574162679426,0.6631419450356251,0.7941246833661694,0.35902473488782605,0.287384503466207,0.43930719701783366
8858.5,0.7305806938159879,0.6565820188158733,0.7850771630731517,0.36821720522633095,0.2869316657646422,0.4422062592838631,0.7311538752935829,0.6650461165048545,0.7981730769230769,0.3560782422650127,0.3006721698113207,0.44814362108479744
8863.5,0.7281578636417345,0.6551363061924534,0.7844184275652007,0.3617154245503531,0.29695597165991905,0.4431036442154708,0.7244683732899906,0.6739016018306636,0.7990703698004822,0.35688468158347675,0.3005827065906448,0.4562614616618582
8868.5,0.7312247865653438,0.648998598763046,0.7854376624984524,0.3629514963880289,0.2918302388690457,0.4470935770715844,0.7268405600722674,0.6619495392521709,0.7945313877622994,0.3633181818181818,0.29537758502642986,0.45490862412015143
8873.5,0.7264283327764784,0.6599703083878804,0.7921304199385456,0.3616052445074415,0.2908217024299534,0.44524150196101836,0.7268166960020115,0.6601844660194175,0.7867801573817401,0.3644795052917166,0.29623606424828575,0.4598855835240274
8878.5,0.7250592417061612,0.656671294689344,0.7875804678913487,0.3557453989347677,0.294010457879071,0.45176044488566564,0.7306814190375834,0.6593306786618489,0.7922943105303997,0.36733599064944406,0.29083947252622466,0.45896147689379063
8883.5,0.7297342995169083,0.6552953286229859,0.7887453159322909,0.3557351453577869,0.2915474127510941,0.4426178174235403,0.7315253003276301,0.6635901019940158,0.7972597743629644,0.36971411554496725,0.29655607444924953,0.45549014180470976
8888.5,0.7298578199052133,0.6696531662564332,0.7884615384615384,0.3585520509128072,0.28628943374197313,0.4447175084322571,0.7328752841086807,0.6558139534883721,0.7924921696660826,0.36769698122863537,0.30194325467138766,0.4555928330492184
8893.5,0.729413198599477,0.6650208216951906,0.7857804232804232,0.35902583036571994,0.2904488548604765,0.4475821661303842,0.728110599078341,0.6682113821138211,0.7874544253030717,0.35984890644999723,0.29235895668160405,0.4565044064412218
8898.5,0.7266221813161527,0.6729857819905213,0.7878937154799224,0.35826366466789666,0.28623723091570547,0.44104607780108124,0.7301249883839791,0.6649487004103968,0.7875042525685514,0.3600036334300195,0.29353488372093023,0.4477694912653705
8903.5,0.7294148912610179,0.6764399158055875,0.7903630437226031,0.3582090327945533,0.2887562747418684,0.4484176096181046,0.7226076555023924,0.6714941338854382,0.7798131571469166,0.3604272801799119,0.2968807618375113,0.4485619243949453
8908.5,0.7294685990338164,0.6682343234323432,0.7909575449930779,0.3610076320478768,0.28656981850117097,0.44256011450381677,0.7274861288945795,0.6665880503144653,0.7905258406680207,0.35661484913600144,0.2905861059355869,0.4437639912392154
8913.5,0.728110599078341,0.6697794779477948,0.7870918573912214,0.3577198357426979,0.29497630635245903,0.443767352747572,0.7259249316673174,0.6665857605177993,0.7864593593171052,0.35982058649573195,0.29038242904186923,0.4525517985429467
8918.5,0.7281553398058253,0.6715525244590446,0.7812599844812633,0.35405084570394857,0.28419523493706167,0.44006826954272577,0.7307790371555061,0.6585305481767689,0.7883475580844003,0.3547946001132203,0.28518766538605916,0.4461561258726629
8923.5,0.7272643994045573,0.6650628626692456,0.7902839461230433,0.35238319372934757,0.2843038196153047,0.4371096367576835,0.7279166856777843,0.6713339202672807,0.784887535145267,0.35339343744150437,0.29274155950414504,0.4277100992661907
8928.5,0.7333333333333333,0.6713477088948786,0.7882421571169302,0.35009299930397486,0.2873797349121981,0.43953762589819745,0.7307621161672215,0.6698644169237143,0.790858843537415,0.35302994437211505,0.28682803631250975,0.42987684402980947
8933.5,0.7252630030162583,0.6716241360978203,0.7902736032531824,0.35318488229940764,0.2950788880913385,0.4329157915585245,0.7268166960020115,0.6683347613644258,0.7941176470588235,0.35301182122168323,0.28533597924698784,0.43301492025593075
8938.5,0.7261282420385382,0.6736890414238966,0.7859407665505226,0.35670622709687305,0.29280881062904346,0.4290343515721159,0.7293279380717804,0.6733523386161577,0.794155354449472,0.3502071337251365,0.28931913666694126,0.4236750087709039
8943.5,0.7246376811594203,0.6730121951219513,0.7815752542216905,0.3530270084687572,0.2900524861878453,0.4412518337323869,0.729064039408867,0.675978835978836,0.7864316409358586,0.34996008118699434,0.29218157020872865,0.4214347450302506
8948.5,0.7266500622665006,0.6759913852044305,0.7840465347571188,0.3546825085701417,0.2883055612534237,0.44229027729027726,0.7274861288945795,0.677760018123238,0.794621350804509,0.3448106496849807,0.28615383008429285,0.42207947321191586
8953.5,0.7270509977827051,0.6695599409033348,0.7808355482859675,0.35493283417749394,0.2902218687921222,0.4434510916374378,0.7288177339901478,0.6764648261284253,0.7865610628513029,0.3441759938665385,0.28330873115577887,0.4222968129419742
8958.5,0.7318823666705567,0.6679359750746007,0.7778797145769623,0.36141129111932213,0.29561596033600707,0.4455367669872789,0.7328524707674386,0.6767601387004373,0.7841039734341005,0.34472210024092953,0.27574261546304873,0.4244889603375951
8963.5,0.7303921568627451,0.6725848814862269,0.7838147780808331,0.36509109103216886,0.2965237506396043,0.45094890881170824,0.7301162790697675,0.6666666666666666,0.7848484848484848,0.3442415167757072,0.27920376964998916,0.42298959296947264
8968.5,0.7265987137483315,0.6729079214624238,0.7905258406680207,0.3654540405442932,0.2857673397717296,0.45558816121741547,0.7270509977827051,0.6663382594417077,0.7844919786096256,0.34354158582634153,0.27625251753594,0.4194109805470524
8973.5,0.7284520428228097,0.674376766019506,0.783991910773379,0.3726242910838302,0.29781942483144824,0.4622898305084745,0.7277140335392762,0.6504734803194797,0.7861991588449504,0.3459335295810273,0.2807763918545909,0.42751199601228446
8978.5,0.7301249883839791,0.6683853082175197,0.7822849932052028,0.37362935352818205,0.30187456681365704,0.46225049851896294,0.7255813953488373,0.650271878112466,0.7901826484018264,0.3503445106310209,0.2786970325663272,0.4286137357213369
8983.5,0.728416149068323,0.6767130767130768,0.789053479525621,0.38040067855641624,0.30652069557851147,0.46835782980513097,0.73,0.6475764036958067,0.7855196431201733,0.35228844789110525,0.29067149750895727,0.43778922147704474
8988.5,0.7313432835820896,0.6682579564489113,0.7904872646733111,0.3911614838801848,0.3161683605019768,0.47766354310076825,0.7296632094695148,0.6565242589832754,0.7785083930614246,0.35347980887178554,0.2843443077543612,0.4345812447786132
8993.5,0.7341448323457319,0.6698333333333334,0.7951436314363144,0.3939933544676984,0.31869179600886915,0.5011930415939324,0.7238839285714286,0.6584158415841584,0.7789211871943086,0.35508745060994173,0.2826198420855777,0.44564487236901024
8998.5,0.7376189075218201,0.6665880503144653,0.7966758820431805,0.40282826034161745,0.3227541146548952,0.5028280566415411,0.7265987137483315,0.6631163948833121,0.7826487677820076,0.35124719874122157,0.284176245210728,0.4323741547927084
9003.5,0.7297951781523362,0.6553398058252428,0.7884545715611124,0.41802981393493166,0.3369196830858173,0.5140093603540258,0.7227272727272728,0.665033542039356,0.7861381254404509,0.3518872063653935,0.2923740176915585,0.43284322764695027
9008.5,0.7369795516136979,0.6650435391852668,0.7928301886792452,0.4257839912574395,0.3365411003236246,0.5338985200845666,0.7218003520241387,0.6666666666666666,0.7820324094020776,0.34842329859597065,0.2816840555591115,0.42781795810004863
9013.5,0.7363410221619177,0.6683375899093088,0.8057013510645823,0.4455727207567958,0.3437556115437471,0.570628838503066,0.7254901960784313,0.6665845648604269,0.7752529366372288,0.35267540751240256,0.2842062338944021,0.43060807603804296
9018.5,0.7436541682772839,0.6737967914438503,0.8186806592312872,0.4612081620669407,0.35175429583656315,0.6057506024096384,0.7257348601109668,0.6665016501650165,0.7774130158363195,0.3538773614878901,0.28851190100078256,0.4346711798839458
9023.5,0.7487679945621829,0.6793487762237762,0.824810171737247,0.4829900454328634,0.3758743127363418,0.6187929404516581,0.7220736779560308,0.6696476230191827,0.7767791720095255,0.3549595725181813,0.28702664859981936,0.42533980582524267
9028.5,0.7499942213901024,0.6684170854271356,0.8467742406968926,0.506639772187945,0.3925674330500872,0.6536422132356036,0.7244683732899906,0.6631866179307544,0.773983330280271,0.35208673947320956,0.2895622650500344,0.44039592760180996
9033.5,0.7635187706671853,0.6821720779986324,0.8599647473560516,0.5264962499406978,0.4156648914545898,0.6595717140164734,0.7282051282051282,0.6712057495049285,0.7892787114845938,0.35273108075795523,0.27759954872373427,0.437374894692502
9038.5,0.76156296049817,0.685371822127735,0.8604218840300519,0.5430100499066016,0.42847484949172615,0.678324611978314,0.7283882783882784,0.6682579564489113,0.7868628505929963,0.34923273797154075,0.28582316677341735,0.43850321447789514
9043.5,0.7624310900060041,0.6822796474358974,0.8654417780201799,0.5696186184754275,0.4441400644768831,0.6903234234799015,0.7248946307494961,0.6650843034925733,0.7861381254404509,0.3509926365099365,0.2891593584636423,0.4569136469877411
9048.5,0.7669813329547874,0.6870572554802484,0.8643762939958591,0.5861397016388631,0.4737380245337207,0.7013802098878699,0.7288536277446345,0.6558784624961095,0.7940298146265911,0.352790423999357,0.2859645359329111,0.4457950052549922
9053.5,0.7686551377650854,0.6681891025641026,0.8852770848182466,0.5972366854163531,0.4960222600837068,0.7272100639942041,0.7336702559934987,0.6649593818109768,0.7861529616070589,0.35436750775421244,0.2874579355431689,0.4444710260499734
9058.5,0.7723544973544973,0.6614512291831879,0.8876397107166337,0.6047986969595723,0.4964834007782856,0.7324633158290063,0.7253824606765783,0.6665151515151515,0.7991595428976392,0.35393110647181625,0.2775524189670097,0.4411286393130231
9063.5,0.7735327843219014,0.6434173886138614,0.8909919365587098,0.603878043964527,0.47235540940605114,0.7470619669795854,0.7266221813161527,0.6730228334198236,0.7937555006076862,0.3484948220939663,0.28090828690092023,0.44770615620094567
9068.5,0.7737262737262738,0.6456845238095239,0.8950564628741424,0.6092735469083024,0.4591055982130087,0.7289164100571018,0.7256939234808703,0.6595140706806283,0.7899593834355054,0.346805010965641,0.27604572014101514,0.44977467385650194
9073.5,0.7720109478536445,0.6420162327225973,0.8990475267983985,0.6099444395805255,0.4542603786759297,0.7390741757781866,0.7268439108061749,0.6633086485056863,0.7914691943127962,0.3486136025831582,0.28043623706537396,0.4390415947383198
9078.5,0.76776168433627,0.637112586970272,0.8830226241550664,0.5958088483861799,0.42372576056451333,0.7465035755060608,0.7263916267718014,0.66292604158326,0.78115709835336,0.34736351634697527,0.2805784204671858,0.43372075464994403
9083.5,0.7643734913320166,0.6414438502673797,0.8760067167759474,0.5677530735189511,0.4058048304515696,0.7460526779043066,0.7239737274220033,0.6615972626674432,0.7792191551364126,0.3484419616434943,0.27791432092024587,0.4335024113281115
9088.5,0.7637779002480023,0.6523731609333014,0.8820184089414856,0.5481807594579333,0.39282464215166346,0.7437267081040586,0.7272727272727273,0.6566176470588235,0.7844700198920147,0.34851628316358607,0.27766855549011243,0.4204611665530279
9093.5,0.7558872305140962,0.6519812182079041,0.8682576130337324,0.5032623509092624,0.37670770372369133,0.7487303572035114,0.7249445628070785,0.6616714813031616,0.7795290260078992,0.34701974172301275,0.28686807347806287,0.4327793259425294
9098.5,0.75,0.6353172651254304,0.8502374301675977,0.4657743526031758,0.3691822961969556,0.7243346753834433,0.7245637385388939,0.6662062615101288,0.7778528528528529,0.3459661211599196,0.27780744788990036,0.44033575251215373
9103.5,0.7449448529411764,0.6067857142857143,0.851204242103872,0.44877851950719605,0.3603194739522062,0.6982853053802198,0.7243944306694641,0.6645874672878382,0.7730014399851356,0.3459113236535174,0.2845386722060095,0.4344052224371373
9108.5,0.7376471226338341,0.630347790507365,0.8491662221723141,0.42878571428571427,0.35750999729396554,0.6304239348320596,0.7244683732899906,0.6649691934279314,0.7751731601731602,0.34766869958685814,0.28183270506448643,0.4451464195289734
9113.5,0.7322818347408512,0.6353612479474549,0.8423857868020304,0.41857773023815,0.34777636009168955,0.5608730942688377,0.7235552473416551,0.6713350275888912,0.7871505155696917,0.35146898431398443,0.2882770213514677,0.4408458057779324
9118.5,0.7329768270944741,0.6417327425373134,0.837417411581811,0.40626852357567167,0.34481774938934034,0.5063967312333533,0.723970116892911,0.6716288500771259,0.7844869688255968,0.35464167395700374,0.282994908655286,0.4317696323928975
9123.5,0.7338428999785822,0.647233909926757,0.8257500207761986,0.3984591796974266,0.3325170826867145,0.4805050144534245,0.7277227722772277,0.6596324065396231,0.7853065876453156,0.36068634532744037,0.3011076511817337,0.44069814448679534
9128.5,0.7371361364304616,0.6392808798646362,0.8140772166845155,0.3923155829096423,0.32831380722324255,0.4742302963087976,0.725,0.6633635224973504,0.7892285861713106,0.36685935094718986,0.29871481028151775,0.43829263290715165
9133.5,0.7331708045176377,0.6451676963812887,0.8185425685425685,0.3893592912142328,0.31370863820120315,0.451767119881644,0.7304639804639804,0.6659758203799654,0.7925719965613582,0.36702183695765267,0.3017443939764299,0.4343365895550427
9138.5,0.7352941176470589,0.6556212950296398,0.8228032565757779,0.37750344837742184,0.3136454541900625,0.44583348886980967,0.7290200138026225,0.6613942307692308,0.8027701193135903,0.3642176403591049,0.30135492042297085,0.44126574598213597
9143.5,0.7351354003139718,0.6401522777132533,0.8100263157894737,0.37329174894885264,0.3030637833064132,0.44080503802814264,0.7330033003300329,0.659551812226522,0.8,0.3659675255521901,0.2941819549940742,0.43413827245787684
9148.5,0.7368421052631579,0.6564786362306116,0.8178149975862253,0.3665912068696485,0.30279433681073026,0.4357444654739216,0.7359312032239493,0.6562205188679245,0.8137427332742142,0.3668450232620748,0.3004664170698961,0.44507363633257274
9153.5,0.7330033003300329,0.6525358851674642,0.809348413572215,0.3662059276715309,0.2997177149158149,0.42718098974137386,0.7364518869069288,0.6615303215303215,0.8134758935628348,0.3656033247332039,0.30052417454531466,0.4453136665507037
9158.5,0.7341710350498509,0.6538461538461539,0.8029141515761234,0.35980928934294865,0.29784110872535624,0.42430922845420044,0.7312376795268938,0.6567879694250581,0.8144520809469263,0.3647363105312005,0.3048601124495284,0.44637789720244453
9163.5,0.7294148912610179,0.6549602803738318,0.8019347586932606,0.35803092132086306,0.2969979515086032,0.4300637160920268,0.7324717765894238,0.6537738227286478,0.8062104152005629,0.3663781712473573,0.3063677684126914,0.448181903276131
9168.5,0.7328287802602249,0.6579749236377967,0.8058985639158576,0.3556421245376679,0.30220893643801133,0.4260094616204691,0.7346874999999999,0.6551815111861545,0.8031494463070201,0.36748723114577353,0.3097739318513589,0.4591459572473955
9173.5,0.7230530643648867,0.6568944099378882,0.7973636767756593,0.3539535337758688,0.29924569709050486,0.4218709414881643,0.7358001759702806,0.6610568783068783,0.8052378048780487,0.36971947521835735,0.3144528253756805,0.45601129565785725
9178.5,0.7257348601109668,0.6488831891792418,0.7979371913692864,0.3520720454743915,0.29888813573040074,0.41867579080938994,0.740658628935831,0.6613068783068783,0.8074148882113821,0.3722707773981451,0.30809433802236685,0.4646941420726004
9183.5,0.7302325581395349,0.6466393991580559,0.7885969713555919,0.35338036194274813,0.2975127336147611,0.41272376960826673,0.7425610114672155,0.6665750915750915,0.8211616161616161,0.37649884662256267,0.31755995251063446,0.46506888146610087
9188.5,0.7257348601109668,0.6461266328011611,0.7834415092706779,0.35214636875065375,0.2926402201765208,0.4246815921037411,0.7481213505965981,0.6698333333333334,0.836021999443052,0.37870445344129555,0.3189573233994022,0.46709519022579643
9193.5,0.7244897959183674,0.6484700612918435,0.7931265782828282,0.3554830575423794,0.2934432124662871,0.42390497461928933,0.7552083333333334,0.6716145833333333,0.8264999999999999,0.38145012103201936,0.31736573421740255,0.45630125137961663
9198.5,0.735435520361991,0.668312205052281,0.7964299350897288,0.356953975808868,0.2916860530773574,0.4280386334432627,0.7626728110599078,0.6802541864397534,0.8358247225411404,0.3841978805204611,0.30760413499543937,0.4631745544211178
9203.5,0.7437185929648241,0.6803026436664286,0.8019892473118279,0.3538286367911978,0.29039592760181,0.4249809413824857,0.7696153846153846,0.6924708910405687,0.8452838827838828,0.38760176674681196,0.3182019539098077,0.47127191142726677
9208.5,0.7512316466448247,0.6802859833465504,0.8123143448016544,0.3590666359006477,0.2916287878787879,0.422544814340589,0.780625,0.7051968240302291,0.8595213123571332,0.39213205002678686,0.3249414344461018,0.4960271433880003
9213.5,0.765905552672548,0.698149605266609,0.8181818181818182,0.359023859023859,0.2958901257129533,0.43056716577413107,0.7857182854103089,0.7030811095505618,0.8646864406779661,0.3980814827441925,0.32694635641394426,0.49348615442246835
9218.5,0.7786224939128633,0.6995002271694685,0.8369935124061006,0.3579180379905441,0.2986597429273167,0.4340014365358963,0.8,0.7157689305230289,0.8730633004646944,0.40500544157777774,0.32240228519712655,0.4927161957766746
9223.5,0.795755221527895,0.7290429982424438,0.8531287450778976,0.36125169004825164,0.30941446484549934,0.44051165684588073,0.8015652268760908,0.7066883484162897,0.8868396701412514,0.4155524600559269,0.32784034833091436,0.509841138153568
9228.5,0.8092898134863702,0.7472035427259308,0.8643422426140364,0.36462706627007563,0.3205673776892106,0.43926812947835053,0.8126827485380117,0.6903786104605777,0.8925245765154183,0.4298963060234199,0.3363621233135797,0.5245459717920025
9233.5,0.822650766278872,0.7563388640553578,0.8796238333712725,0.3745172142212372,0.32013336508692547,0.4433163052543786,0.796656733097411,0.6880871247006816,0.889107365792759,0.4301377703037636,0.31932743221715526,0.5387254298634595
9238.5,0.837269220170846,0.7806647183186171,0.8877329837495457,0.37598358046792846,0.3153947368421053,0.4558195868548629,0.7971146085552865,0.7017276422764227,0.8858105939004814,0.4232125281296064,0.3110064932771744,0.5467287305216914
9243.5,0.8549222797927462,0.7919859212129418,0.9010926761168384,0.38699895277514584,0.31398400794583264,0.45945613331903185,0.7823658003400534,0.6850711535241922,0.8785303867403315,0.4003046828548229,0.2840562109646079,0.5498619383467214
9248.5,0.8733903286134117,0.8189523589269195,0.9175286054152033,0.3958587715126666,0.3239843123805413,0.46923030830629386,0.763630229419703,0.6761061411992263,0.853750176230086,0.37563506059810137,0.27660878371635783,0.5168519822742078
9253.5,0.89701821386604,0.8410738190858673,0.9386146472509692,0.40710607056760906,0.3323699475198856,0.5015623577291853,0.748660650336628,0.6859272744580092,0.8201382649495857,0.3563212711921421,0.2624362961873848,0.48568420535977214
9258.5,0.9255008210180624,0.8694861228515075,0.9618207113882463,0.4264717523268975,0.35078088241050437,0.5432403876449048,0.7411559764159371,0.6734712522840479,0.8075506580067625,0.35693994153926956,0.25293301997649825,0.4513832447639886
9263.5,0.9566559312936125,0.8892088174982912,0.982173645320197,0.4586505212820705,0.39754231635447645,0.6041577682203492,0.7415387849484969,0.6874387254901961,0.8095367494824016,0.36420031581321904,0.26648194135047293,0.4526566416040099
9268.5,0.9904166666666667,0.8225118317265556,1.0,0.5373368146214099,0.46130514310398507,0.5471185741217224,0.748677100540359,0.6849208542713568,0.8205197881828317,0.36840615871470306,0.281038362498116,0.4630064229249012
9273.5,0.8348803790585677,0.7302924638527822,0.8896459991621282,0.38854069659154405,0.33440783534934104,0.5065318891984669,0.7506345177664975,0.6799278331600515,0.8159090909090908,0.3735081424017337,0.2928245483845958,0.4668393094289508
9278.5,0.7675763701707099,0.6757607776838547,0.8284528367560041,0.30729234940631833,0.23882502206531334,0.4186475729670673,0.7512821861602799,0.6803468586387436,0.8221263666536509,0.38552475982916845,0.29395823058944615,0.4873861499084867
9283.5,0.7371281296023564,0.6555358619874748,0.8043353001468184,0.3423158260210845,0.2781880642315354,0.4221291000971645,0.7568115512040745,0.6900308460634548,0.8400118343195266,0.40697155805274166,0.30120610385287505,0.5209115629700135
9288.5,0.7364518869069288,0.66319382825594,0.7932692307692307,0.3494187948653798,0.2880465781409602,0.4314941277125301,0.7635885619756587,0.6978034420289855,0.8497668699900999,0.42404136339428367,0.3302835758249771,0.5439969042585321
9293.5,0.7312376795268938,0.666431924882629,0.7839709299184092,0.3538292682926829,0.2920342694265516,0.4284257098118001,0.7743024677634505,0.6863251495635686,0.8599069642014424,0.4351500054374422,0.3460446641663826,0.5667989579704323
9298.5,0.7319379238393323,0.6571139971139971,0.786423871531772,0.3542270480334574,0.3000260062058773,0.4290435848252344,0.7826174631982254,0.6874571873378308,0.8715305218694644,0.44131345565203106,0.3514728603093846,0.5525621735933721
9303.5,0.7285750017053594,0.6742994237382657,0.7846706657257114,0.3565144990917042,0.29117443868739207,0.4340172161238403,0.7805593283121373,0.6960103032169556,0.8714241866175567,0.43401394896114637,0.34530508204401,0.5428307852752566
9308.5,0.7268166960020115,0.6728377110694185,0.7944877120110765,0.3573215501893826,0.2910951303675492,0.43212375474611475,0.7855481283422461,0.6877896341463414,0.8738358157849683,0.4264937608415869,0.34088642555351767,0.5205573362807405
9313.5,0.728331063568071,0.676255919659218,0.7931467683243806,0.35302168312580506,0.28851016225891385,0.45090155409324556,0.7783937346437346,0.6858306062022752,0.8580002953773445,0.41430427084984456,0.3351680861218463,0.4944536767951736
9318.5,0.7268305344889852,0.6736538461538462,0.7897574543836227,0.3615428119113376,0.28185710745949344,0.4433304195804195,0.7833333333333333,0.6874825418994414,0.8644632388861747,0.40176867797535354,0.32273547994214813,0.47067753536448365
9323.5,0.7281354795439302,0.669870287397579,0.7934272300469484,0.35772889319177836,0.2901019068073312,0.4362443465671191,0.7772020725388601,0.6751441344603508,0.8448316062176164,0.3911243378543571,0.32353523015272406,0.4603437056132952
9328.5,0.7329970009657907,0.6632526056206961,0.7952771855010661,0.35668491084206866,0.28984949214856404,0.4509041817812841,0.7696728558797524,0.671204642183318,0.8408744455064577,0.37681803581166384,0.32159722706358057,0.4564081653962619
9333.5,0.737101301969895,0.6713385468981681,0.8,0.3578106653620352,0.28877728127298985,0.4523157219987075,0.7630222463374932,0.6682579564489113,0.8358837833305383,0.3704367767319314,0.32003731860615586,0.4400747997266593
9338.5,0.731545419179148,0.6727474820796661,0.7926350313447088,0.3580219547965225,0.2935264974722112,0.43648839645604737,0.7568510587319177,0.6717061923583663,0.8274468591370558,0.3690442684250734,0.3100199561391807,0.43649053859885534
9343.5,0.7383407168747482,0.6683392572619193,0.7885121457489878,0.36095210456947313,0.294524846459663,0.43060319107290124,0.75,0.6585782967032967,0.818230174081238,0.3593351527895844,0.3058348233290762,0.4423814920671188
9348.5,0.7396304555590952,0.6613165870447424,0.7934384082271406,0.35593445743546953,0.2945605424439375,0.4371805678793255,0.741358340022866,0.6650407973559183,0.8169694804531998,0.3557446880085446,0.306192438056059,0.4394833106200403
9353.5,0.7331715210355987,0.6616069651741293,0.8076574772489598,0.35948717948717945,0.2923416636142653,0.4476828983024619,0.7379218288320979,0.6564501396948206,0.8055460199004973,0.3542860777564968,0.3023923507520069,0.43541400290992455
9358.5,0.7400980392156863,0.6614680458430459,0.8050097331959235,0.36041408036902606,0.29364219253395984,0.43307928713024224,0.7377439200230702,0.673067936736161,0.8001477832512315,0.3514465032875075,0.2976012702893437,0.4349946977730646
9363.5,0.746262736445447,0.6681891025641026,0.8079516022548372,0.3607909604519774,0.29784210476804185,0.432439069971641,0.7342087765957447,0.6665869218500797,0.801980198019802,0.3505716402652336,0.29027881342194845,0.43977544610619546
9368.5,0.7487437185929648,0.672598432373314,0.8109679446888749,0.3658422360790128,0.29681237506160396,0.4412789227331334,0.7368421052631579,0.6534451404324106,0.7938366300004932,0.3537975597288935,0.2919937786029544,0.43421190042686375
9373.5,0.7463050600655261,0.6858877124477485,0.818227501142074,0.3624400641904933,0.3002011973263428,0.44249733701995525,0.7386934673366834,0.654837064676617,0.7981228256667956,0.3507083868115335,0.2851694542253521,0.439085240077925
9378.5,0.7539267015706806,0.6785452961672475,0.8204137081582379,0.3631849402476306,0.29859117173009364,0.4387768414922638,0.7389277389277389,0.6631980198019802,0.8031287878787878,0.35042549582279015,0.2793108663626297,0.4394720841811711
9383.5,0.7577876961303087,0.6829071038251366,0.8283580485708145,0.3669926825768808,0.2923564024422393,0.4313897461278676,0.7352924352924353,0.668195052890266,0.8105469245000887,0.34562607762126285,0.2772142045860702,0.4431279766477185
9388.5,0.7574286554869079,0.677386770935158,0.8249999999999998,0.3645702144098899,0.30053595975319647,0.4312004427328137,0.7377958384073702,0.6752386877253568,0.8081022995916612,0.34944000143130627,0.2785413001803003,0.44225878513125266
9393.5,0.7526112501360026,0.6839378238341969,0.8285441954559601,0.36110530820186937,0.2867083164928152,0.43791617736048205,0.738577502899111,0.6782287157287158,0.8101735751295337,0.3462127759880569,0.26762184790192367,0.4352620003086895
9398.5,0.7527177123951317,0.6785138248847926,0.8226663341023882,0.3512848035651529,0.2761853936511471,0.43058631995338487,0.7384281294621609,0.6728455284552846,0.812596649484536,0.35013692401359475,0.26317557587231777,0.44434869575036157
9403.5,0.7456554495228529,0.6806546644844517,0.8195201919232307,0.33935006304144466,0.26592211710292846,0.41864335351589377,0.7416656377330535,0.6631665569453588,0.8050277777777778,0.3479952634203091,0.26863401884586285,0.4517178235746722
9408.5,0.7423101166088875,0.6720271282350004,0.8157232793579673,0.338547360612213,0.26618568601583115,0.4101473971119831,0.7382198952879581,0.6683876811594203,0.8116338977386655,0.34759035861644644,0.25320298692908594,0.4483396411999914
9413.5,0.740162037037037,0.6703452797202797,0.8112772050400916,0.33261248295712775,0.25335340953163143,0.40553030919580935,0.7354920958694544,0.6665686274509803,0.8083575581395348,0.34916919392324697,0.2693903015694065,0.44084972774265613
9418.5,0.7379679144385026,0.6649106867878041,0.7991109880644763,0.32850794890601337,0.2626582278481013,0.4072504772004242,0.7405228184186645,0.6681658291457286,0.8081656508307589,0.35170023916446247,0.26520676532171356,0.4508909817567482
9423.5,0.7404487647242781,0.6770753205128206,0.7992440822438518,0.33515516658009237,0.2616271997404914,0.41636622928314865,0.7422647527910686,0.6632195368376272,0.8081022995916612,0.3515415458233251,0.2632845373891001,0.45951666541055874
9428.5,0.736700622524052,0.6562044902912622,0.7953405017921147,0.34494949494949495,0.2666607955363414,0.4325648479427549,0.7480543136280842,0.6574507739585704,0.813579030350808,0.35063661205446106,0.2645537802668424,0.4438711901710592
9433.5,0.7352941176470589,0.6699692759818328,0.8031219072014903,0.3477047279598059,0.2723695367855244,0.4443867924528301,0.7486332267797926,0.6596918242460995,0.8125167112299465,0.3533861557868181,0.26573994146288826,0.43763175517310654
9438.5,0.7321409976049151,0.6649676465666313,0.7972935148726219,0.35783128264140923,0.2731049233252623,0.44250816085295586,0.7457092418843375,0.6714391447368421,0.8111111111111111,0.35164825617475487,0.2671734669496409,0.4299470439029966
9443.5,0.7325566301031998,0.6666666666666666,0.7960694860976972,0.36836290039445696,0.27490569442823687,0.46126200185511695,0.75,0.6803819003605709,0.8097560975609757,0.34954543101639823,0.267735234625419,0.4297114947751022
9448.5,0.7347173260216739,0.664817253001896,0.804167525773196,0.3728958026543759,0.27985156079458634,0.44928641082628373,0.7473672541846802,0.6802225983484639,0.8177046710195882,0.3458041958041958,0.27009300508211853,0.43771879128137375
